datetime,pnl_scored_v1,pnl_scored_v2,pnl_6m,pnl_8m,pnl_10m,pnl_12m
2/11/2013,0,0,0,0,0,0
2/12/2013,0,0,0,0,0,0
2/13/2013,0,0,0,0,0,0
2/14/2013,0,0,0,0,0,0
2/15/2013,0,0,0,0,0,0
2/19/2013,0,0,0,0,0,0
2/20/2013,0,0,0,0,0,0
2/21/2013,0,0,0,0,0,0
2/22/2013,0,0,0,0,0,0
2/25/2013,0,0,0,0,0,0
2/26/2013,0,0,0,0,0,0
2/27/2013,0,0,0,0,0,0
2/28/2013,0,0,0,0,0,0
3/1/2013,0,0,0,0,0,0
3/4/2013,0,0,0,0,0,0
3/5/2013,0,0,0,0,0,0
3/6/2013,0,0,0,0,0,0
3/7/2013,0,0,0,0,0,0
3/8/2013,0,0,0,0,0,0
3/11/2013,0,0,0,0,0,0
3/12/2013,0,0,0,0,0,0
3/13/2013,0,0,0,0,0,0
3/14/2013,0,0,0,0,0,0
3/15/2013,0,0,0,0,0,0
3/18/2013,0,0,0,0,0,0
3/19/2013,0,0,0,0,0,0
3/20/2013,0,0,0,0,0,0
3/21/2013,0,0,0,0,0,0
3/22/2013,0,0,0,0,0,0
3/25/2013,0,0,0,0,0,0
3/26/2013,0,0,0,0,0,0
3/27/2013,0,0,0,0,0,0
3/28/2013,0,0,0,0,0,0
4/1/2013,0,0,0,0,0,0
4/2/2013,0,0,0,0,0,0
4/3/2013,0,0,0,0,0,0
4/4/2013,0,0,0,0,0,0
4/5/2013,0,0,0,0,0,0
4/8/2013,0,0,0,0,0,0
4/9/2013,0,0,0,0,0,0
4/10/2013,0,0,0,0,0,0
4/11/2013,0,0,0,0,0,0
4/12/2013,0,0,0,0,0,0
4/15/2013,0,0,0,0,0,0
4/16/2013,0,0,0,0,0,0
4/17/2013,0,0,0,0,0,0
4/18/2013,0,0,0,0,0,0
4/19/2013,0,0,0,0,0,0
4/22/2013,0,0,0,0,0,0
4/23/2013,0,0,0,0,0,0
4/24/2013,0,0,0,0,0,0
4/25/2013,0,0,0,0,0,0
4/26/2013,0,0,0,0,0,0
4/29/2013,0,0,0,0,0,0
4/30/2013,0,0,0,0,0,0
5/1/2013,0,0,0,0,0,0
5/2/2013,0,0,0,0,0,0
5/3/2013,0,0,0,0,0,0
5/6/2013,0,0,0,0,0,0
5/7/2013,0,0,0,0,0,0
5/8/2013,0,0,0,0,0,0
5/9/2013,0,0,0,0,0,0
5/10/2013,0,0,0,0,0,0
5/13/2013,0,0,0,0,0,0
5/14/2013,0,0,0,0,0,0
5/15/2013,0,0,0,0,0,0
5/16/2013,0,0,0,0,0,0
5/17/2013,0,0,0,0,0,0
5/20/2013,0,0,0,0,0,0
5/21/2013,0,0,0,0,0,0
5/22/2013,0,0,0,0,0,0
5/23/2013,0,0,0,0,0,0
5/24/2013,0,0,0,0,0,0
5/28/2013,0,0,0,0,0,0
5/29/2013,0,0,0,0,0,0
5/30/2013,0,0,0,0,0,0
5/31/2013,0,0,0,0,0,0
6/3/2013,0,0,0,0,0,0
6/4/2013,0,0,0,0,0,0
6/5/2013,0,0,0,0,0,0
6/6/2013,0,0,0,0,0,0
6/7/2013,0,0,0,0,0,0
6/10/2013,0,0,0,0,0,0
6/11/2013,0,0,0,0,0,0
6/12/2013,0,0,0,0,0,0
6/13/2013,0,0,0,0,0,0
6/14/2013,0,0,0,0,0,0
6/17/2013,0,0,0,0,0,0
6/18/2013,0,0,0,0,0,0
6/19/2013,0,0,0,0,0,0
6/20/2013,0,0,0,0,0,0
6/21/2013,0,0,0,0,0,0
6/24/2013,0,0,0,0,0,0
6/25/2013,0,0,0,0,0,0
6/26/2013,0,0,0,0,0,0
6/27/2013,0,0,0,0,0,0
6/28/2013,0,0,0,0,0,0
7/1/2013,0,0,0,0,0,0
7/2/2013,0,0,0,0,0,0
7/3/2013,0,0,0,0,0,0
7/5/2013,0,0,0,0,0,0
7/8/2013,0,0,0,0,0,0
7/9/2013,0,0,0,0,0,0
7/10/2013,0,0,0,0,0,0
7/11/2013,0,0,0,0,0,0
7/12/2013,0,0,0,0,0,0
7/15/2013,0,0,0,0,0,0
7/16/2013,0,0,0,0,0,0
7/17/2013,0,0,0,0,0,0
7/18/2013,0,0,0,0,0,0
7/19/2013,0,0,0,0,0,0
7/22/2013,0,0,0,0,0,0
7/23/2013,0,0,0,0,0,0
7/24/2013,0,0,0,0,0,0
7/25/2013,0,0,0,0,0,0
7/26/2013,0,0,0,0,0,0
7/29/2013,0,0,0,0,0,0
7/30/2013,0,0,0,0,0,0
7/31/2013,0,0,0,0,0,0
8/1/2013,0,0,0,0,0,0
8/2/2013,0,0,0,0,0,0
8/5/2013,0,0,0,0,0,0
8/6/2013,0,0,0,0,0,0
8/7/2013,0,0,0,0,0,0
8/8/2013,0,0,0,0,0,0
8/9/2013,0,0,0,0,0,0
8/12/2013,0,0,0,0,0,0
8/13/2013,0,0,0,0,0,0
8/14/2013,0,0,0,0,0,0
8/15/2013,0,0,0,0,0,0
8/16/2013,0,0,0,0,0,0
8/19/2013,0,0,0,0,0,0
8/20/2013,0,0,0,0,0,0
8/21/2013,0,0,0,0,0,0
8/22/2013,0,0,0,0,0,0
8/23/2013,0,0,0,0,0,0
8/26/2013,0,0,0,0,0,0
8/27/2013,0,0,0,0,0,0
8/28/2013,0,0,0,0,0,0
8/29/2013,0,0,0,0,0,0
8/30/2013,0,0,0,0,0,0
9/3/2013,0,0,0,0,0,0
9/4/2013,0,0,0,0,0,0
9/5/2013,0,0,0,0,0,0
9/6/2013,0,0,0,0,0,0
9/9/2013,0,0,0,0,0,0
9/10/2013,0,0,0,0,0,0
9/11/2013,0,0,0,0,0,0
9/12/2013,0,0,0,0,0,0
9/13/2013,0,0,0,0,0,0
9/16/2013,0,0,0,0,0,0
9/17/2013,0,0,0,0,0,0
9/18/2013,0,0,0,0,0,0
9/19/2013,0,0,0,0,0,0
9/20/2013,0,0,0,0,0,0
9/23/2013,0,0,0,0,0,0
9/24/2013,0,0,0,0,0,0
9/25/2013,0,0,0,0,0,0
9/26/2013,0,0,0,0,0,0
9/27/2013,0,0,0,0,0,0
9/30/2013,0,0,0,0,0,0
10/1/2013,0,0,0,0,0,0
10/2/2013,0,0,0,0,0,0
10/3/2013,0,0,0,0,0,0
10/4/2013,0,0,0,0,0,0
10/7/2013,0,0,0,0,0,0
10/8/2013,0,0,0,0,0,0
10/9/2013,0,0,0,0,0,0
10/10/2013,0,0,0,0,0,0
10/11/2013,0,0,0,0,0,0
10/14/2013,0,0,0,0,0,0
10/15/2013,0,0,0,0,0,0
10/16/2013,0,0,0,0,0,0
10/17/2013,0,0,0,0,0,0
10/18/2013,0,0,0,0,0,0
10/21/2013,0,0,0,0,0,0
10/22/2013,0,0,0,0,0,0
10/23/2013,0,0,0,0,0,0
10/24/2013,0,0,0,0,0,0
10/25/2013,0,0,0,0,0,0
10/28/2013,0,0,0,0,0,0
10/29/2013,0,0,0,0,0,0
10/30/2013,0,0,0,0,0,0
10/31/2013,0,0,0,0,0,0
11/1/2013,0,0,0,0,0,0
11/4/2013,0,0,0,0,0,0
11/5/2013,0,0,0,0,0,0
11/6/2013,0,0,0,0,0,0
11/7/2013,0,0,0,0,0,0
11/8/2013,0,0,0,0,0,0
11/11/2013,0,0,0,0,0,0
11/12/2013,0,0,0,0,0,0
11/13/2013,0,0,0,0,0,0
11/14/2013,0,0,0,0,0,0
11/15/2013,0,0,0,0,0,0
11/18/2013,0,0,0,0,0,0
11/19/2013,0,0,0,0,0,0
11/20/2013,0,0,0,0,0,0
11/21/2013,0,0,0,0,0,0
11/22/2013,0,0,0,0,0,0
11/25/2013,0,0,0,0,0,0
11/26/2013,0,0,0,0,0,0
11/27/2013,0,0,0,0,0,0
11/29/2013,0,0,0,0,0,0
12/2/2013,0,0,0,0,0,0
12/3/2013,0,0,0,0,0,0
12/4/2013,0,0,0,0,0,0
12/5/2013,0,0,0,0,0,0
12/6/2013,0,0,0,0,0,0
12/9/2013,0,0,0,0,0,0
12/10/2013,0,0,0,0,0,0
12/11/2013,0,0,0,0,0,0
12/12/2013,0,0,0,0,0,0
12/13/2013,0,0,0,0,0,0
12/16/2013,0,0,0,0,0,0
12/17/2013,0,0,0,0,0,0
12/18/2013,0,0,0,0,0,0
12/19/2013,0,0,0,0,0,0
12/20/2013,0,0,0,0,0,0
12/23/2013,0,0,0,0,0,0
12/24/2013,0,0,0,0,0,0
12/26/2013,0,0,0,0,0,0
12/27/2013,0,0,0,0,0,0
12/30/2013,0,0,0,0,0,0
12/31/2013,0,0,0,0,0,0
1/2/2014,0,0,0,0,0,0
1/3/2014,0,0,0,0,0,0
1/6/2014,0,0,0,0,0,0
1/7/2014,0,0,0,0,0,0
1/8/2014,0,0,0,0,0,0
1/9/2014,0,0,0,0,0,0
1/10/2014,0,0,0,0,0,0
1/13/2014,0,0,0,0,0,0
1/14/2014,0,0,0,0,0,0
1/15/2014,0,0,0,0,0,0
1/16/2014,0,0,0,0,0,0
1/17/2014,0,0,0,0,0,0
1/21/2014,0,0,0,0,0,0
1/22/2014,0,0,0,0,0,0
1/23/2014,0,0,0,0,0,0
1/24/2014,0,0,0,0,0,0
1/27/2014,0,0,0,0,0,0
1/28/2014,0,0,0,0,0,0
1/29/2014,0,0,0,0,0,0
1/30/2014,0,0,0,0,0,0
1/31/2014,0,0,0,0,0,0
2/3/2014,0,0,0,0,0,0
2/4/2014,0,0,0,0,0,0
2/5/2014,0,0,0,0,0,0
2/6/2014,0,0,0,0,0,0
2/7/2014,0,0,0,0,0,0
2/10/2014,0,0,0,0,0,0
2/11/2014,0,0,0,0,0,0
2/12/2014,0,0,0,0,0,0
2/13/2014,0,0,0,0,0,0
2/14/2014,0,0,0,0,0,0
2/18/2014,0,0,0,0,0,0
2/19/2014,0,0,0,0,0,0
2/20/2014,0,0,0,0,0,0
2/21/2014,0,0,0,0,0,0
2/24/2014,0,0,0,0,0,0
2/25/2014,0,0,0,0,0,0
2/26/2014,0,0,0,0,0,0
2/27/2014,0,0,0,0,0,0
2/28/2014,0,0,0,0,0,0
3/3/2014,0,0,0,0,0,0
3/4/2014,0,0,0,0,0,0
3/5/2014,0,0,0,0,0,0
3/6/2014,0,0,0,0,0,0
3/7/2014,0,0,0,0,0,0
3/10/2014,0,0,0,0,0,0
3/11/2014,0,0,0,0,0,0
3/12/2014,0,0,0,0,0,0
3/13/2014,0,0,0,0,0,0
3/14/2014,0,0,0,0,0,0
3/17/2014,-33.63,-33.63,-58.77,-24.59,-24.59,-33.63
3/18/2014,-33.63,-33.63,-58.77,-24.59,-24.59,-33.63
3/19/2014,-33.63,-33.63,-58.77,-24.59,-24.59,-33.63
3/20/2014,-33.63,-33.63,-58.77,-24.59,-24.59,-33.63
3/21/2014,-33.63,-33.63,-58.77,-24.59,-24.59,-33.63
3/24/2014,-33.63,-33.63,-58.77,-24.59,-24.59,-33.63
3/25/2014,-33.63,-33.63,-58.77,-24.59,-24.59,-33.63
3/26/2014,-33.63,-33.63,-58.77,-24.59,-24.59,-33.63
3/27/2014,-33.63,-33.63,-58.77,-24.59,-24.59,-33.63
3/28/2014,-33.63,-33.63,-58.77,-24.59,-24.59,-33.63
3/31/2014,-33.63,-33.63,-58.77,-24.59,-24.59,-33.63
4/1/2014,-33.63,-33.63,-58.77,-24.59,-24.59,-33.63
4/2/2014,-33.63,-33.63,-58.77,-24.59,-24.59,-33.63
4/3/2014,-33.63,-33.63,-58.77,-24.59,-24.59,-33.63
4/4/2014,-33.63,-33.63,-58.77,-24.59,-24.59,-33.63
4/7/2014,-33.63,-33.63,-58.77,-24.59,-24.59,-33.63
4/8/2014,-33.63,-33.63,-58.77,-24.59,-24.59,-33.63
4/9/2014,-33.63,-33.63,-58.77,-24.59,-24.59,-33.63
4/10/2014,-33.63,-33.63,-58.77,-24.59,-24.59,-33.63
4/11/2014,-33.63,-33.63,-58.77,-24.59,-24.59,-33.63
4/14/2014,-33.63,-33.63,-58.77,-24.59,-24.59,-33.63
4/15/2014,-177.32,-177.32,-145.28,-168.28,-168.28,-209.36
4/16/2014,-177.32,-177.32,-145.28,-168.28,-168.28,-209.36
4/17/2014,-177.32,-177.32,-145.28,-168.28,-168.28,-209.36
4/21/2014,-177.32,-177.32,-145.28,-168.28,-168.28,-209.36
4/22/2014,-177.32,-177.32,-145.28,-168.28,-168.28,-209.36
4/23/2014,-177.32,-177.32,-145.28,-168.28,-168.28,-209.36
4/24/2014,-177.32,-177.32,-145.28,-168.28,-168.28,-209.36
4/25/2014,-177.32,-177.32,-145.28,-168.28,-168.28,-209.36
4/28/2014,-177.32,-177.32,-145.28,-168.28,-168.28,-209.36
4/29/2014,-177.32,-177.32,-145.28,-168.28,-168.28,-209.36
4/30/2014,-177.32,-177.32,-145.28,-168.28,-168.28,-209.36
5/1/2014,-177.32,-177.32,-145.28,-168.28,-168.28,-209.36
5/2/2014,-177.32,-177.32,-145.28,-168.28,-168.28,-209.36
5/5/2014,-177.32,-177.32,-145.28,-168.28,-168.28,-209.36
5/6/2014,-177.32,-177.32,-145.28,-168.28,-168.28,-209.36
5/7/2014,-177.32,-177.32,-145.28,-168.28,-168.28,-209.36
5/8/2014,-177.32,-177.32,-145.28,-168.28,-168.28,-209.36
5/9/2014,-177.32,-177.32,-145.28,-168.28,-168.28,-209.36
5/12/2014,-177.32,-177.32,-145.28,-168.28,-168.28,-209.36
5/13/2014,-177.32,-177.32,-145.28,-168.28,-168.28,-209.36
5/14/2014,-177.32,-177.32,-145.28,-168.28,-168.28,-209.36
5/15/2014,-120.2,-120.2,-126.29,-141.44,-111.16,-120.3
5/16/2014,-120.2,-120.2,-126.29,-141.44,-111.16,-120.3
5/19/2014,-120.2,-120.2,-126.29,-141.44,-111.16,-120.3
5/20/2014,-120.2,-120.2,-126.29,-141.44,-111.16,-120.3
5/21/2014,-120.2,-120.2,-126.29,-141.44,-111.16,-120.3
5/22/2014,-120.2,-120.2,-126.29,-141.44,-111.16,-120.3
5/23/2014,-120.2,-120.2,-126.29,-141.44,-111.16,-120.3
5/27/2014,-120.2,-120.2,-126.29,-141.44,-111.16,-120.3
5/28/2014,-120.2,-120.2,-126.29,-141.44,-111.16,-120.3
5/29/2014,-120.2,-120.2,-126.29,-141.44,-111.16,-120.3
5/30/2014,-120.2,-120.2,-126.29,-141.44,-111.16,-120.3
6/2/2014,-120.2,-120.2,-126.29,-141.44,-111.16,-120.3
6/3/2014,-120.2,-120.2,-126.29,-141.44,-111.16,-120.3
6/4/2014,-120.2,-120.2,-126.29,-141.44,-111.16,-120.3
6/5/2014,-120.2,-120.2,-126.29,-141.44,-111.16,-120.3
6/6/2014,-120.2,-120.2,-126.29,-141.44,-111.16,-120.3
6/9/2014,-120.2,-120.2,-126.29,-141.44,-111.16,-120.3
6/10/2014,-120.2,-120.2,-126.29,-141.44,-111.16,-120.3
6/11/2014,-120.2,-120.2,-126.29,-141.44,-111.16,-120.3
6/12/2014,-120.2,-120.2,-126.29,-141.44,-111.16,-120.3
6/13/2014,-120.2,-120.2,-126.29,-141.44,-111.16,-120.3
6/16/2014,-134.31,-134.31,-124.84,-174.81,-125.27,-95.95
6/17/2014,-134.31,-134.31,-124.84,-174.81,-125.27,-95.95
6/18/2014,-134.31,-134.31,-124.84,-174.81,-125.27,-95.95
6/19/2014,-134.31,-134.31,-124.84,-174.81,-125.27,-95.95
6/20/2014,-134.31,-134.31,-124.84,-174.81,-125.27,-95.95
6/23/2014,-134.31,-134.31,-124.84,-174.81,-125.27,-95.95
6/24/2014,-134.31,-134.31,-124.84,-174.81,-125.27,-95.95
6/25/2014,-134.31,-134.31,-124.84,-174.81,-125.27,-95.95
6/26/2014,-134.31,-134.31,-124.84,-174.81,-125.27,-95.95
6/27/2014,-134.31,-134.31,-124.84,-174.81,-125.27,-95.95
6/30/2014,-134.31,-134.31,-124.84,-174.81,-125.27,-95.95
7/1/2014,-134.31,-134.31,-124.84,-174.81,-125.27,-95.95
7/2/2014,-134.31,-134.31,-124.84,-174.81,-125.27,-95.95
7/3/2014,-134.31,-134.31,-124.84,-174.81,-125.27,-95.95
7/7/2014,-134.31,-134.31,-124.84,-174.81,-125.27,-95.95
7/8/2014,-134.31,-134.31,-124.84,-174.81,-125.27,-95.95
7/9/2014,-134.31,-134.31,-124.84,-174.81,-125.27,-95.95
7/10/2014,-134.31,-134.31,-124.84,-174.81,-125.27,-95.95
7/11/2014,-134.31,-134.31,-124.84,-174.81,-125.27,-95.95
7/14/2014,-134.31,-134.31,-124.84,-174.81,-125.27,-95.95
7/15/2014,-134.31,-134.31,-124.84,-174.81,-125.27,-95.95
7/16/2014,-176.75,-176.75,-171.62,-197.79,-167.71,-106.69
7/17/2014,-176.75,-176.75,-171.62,-197.79,-167.71,-106.69
7/18/2014,-176.75,-176.75,-171.62,-197.79,-167.71,-106.69
7/21/2014,-176.75,-176.75,-171.62,-197.79,-167.71,-106.69
7/22/2014,-176.75,-176.75,-171.62,-197.79,-167.71,-106.69
7/23/2014,-176.75,-176.75,-171.62,-197.79,-167.71,-106.69
7/24/2014,-176.75,-176.75,-171.62,-197.79,-167.71,-106.69
7/25/2014,-176.75,-176.75,-171.62,-197.79,-167.71,-106.69
7/28/2014,-176.75,-176.75,-171.62,-197.79,-167.71,-106.69
7/29/2014,-176.75,-176.75,-171.62,-197.79,-167.71,-106.69
7/30/2014,-176.75,-176.75,-171.62,-197.79,-167.71,-106.69
7/31/2014,-176.75,-176.75,-171.62,-197.79,-167.71,-106.69
8/1/2014,-176.75,-176.75,-171.62,-197.79,-167.71,-106.69
8/4/2014,-176.75,-176.75,-171.62,-197.79,-167.71,-106.69
8/5/2014,-176.75,-176.75,-171.62,-197.79,-167.71,-106.69
8/6/2014,-176.75,-176.75,-171.62,-197.79,-167.71,-106.69
8/7/2014,-176.75,-176.75,-171.62,-197.79,-167.71,-106.69
8/8/2014,-176.75,-176.75,-171.62,-197.79,-167.71,-106.69
8/11/2014,-176.75,-176.75,-171.62,-197.79,-167.71,-106.69
8/12/2014,-176.75,-176.75,-171.62,-197.79,-167.71,-106.69
8/13/2014,-176.75,-176.75,-171.62,-197.79,-167.71,-106.69
8/14/2014,-187.12,-187.12,-203.36,-184.47,-170.39,-86.23
8/15/2014,-187.12,-187.12,-203.36,-184.47,-170.39,-86.23
8/18/2014,-187.12,-187.12,-203.36,-184.47,-170.39,-86.23
8/19/2014,-187.12,-187.12,-203.36,-184.47,-170.39,-86.23
8/20/2014,-187.12,-187.12,-203.36,-184.47,-170.39,-86.23
8/21/2014,-187.12,-187.12,-203.36,-184.47,-170.39,-86.23
8/22/2014,-187.12,-187.12,-203.36,-184.47,-170.39,-86.23
8/25/2014,-187.12,-187.12,-203.36,-184.47,-170.39,-86.23
8/26/2014,-187.12,-187.12,-203.36,-184.47,-170.39,-86.23
8/27/2014,-187.12,-187.12,-203.36,-184.47,-170.39,-86.23
8/28/2014,-187.12,-187.12,-203.36,-184.47,-170.39,-86.23
8/29/2014,-187.12,-187.12,-203.36,-184.47,-170.39,-86.23
9/2/2014,-187.12,-187.12,-203.36,-184.47,-170.39,-86.23
9/3/2014,-187.12,-187.12,-203.36,-184.47,-170.39,-86.23
9/4/2014,-187.12,-187.12,-203.36,-184.47,-170.39,-86.23
9/5/2014,-187.12,-187.12,-203.36,-184.47,-170.39,-86.23
9/8/2014,-187.12,-187.12,-203.36,-184.47,-170.39,-86.23
9/9/2014,-187.12,-187.12,-203.36,-184.47,-170.39,-86.23
9/10/2014,-187.12,-187.12,-203.36,-184.47,-170.39,-86.23
9/11/2014,-187.12,-187.12,-203.36,-184.47,-170.39,-86.23
9/12/2014,-187.12,-187.12,-203.36,-184.47,-170.39,-86.23
9/15/2014,-196.2,-196.2,-268.1,-170.8,-179.47,-98.01
9/16/2014,-196.2,-196.2,-268.1,-170.8,-179.47,-98.01
9/17/2014,-196.2,-196.2,-268.1,-170.8,-179.47,-98.01
9/18/2014,-196.2,-196.2,-268.1,-170.8,-179.47,-98.01
9/19/2014,-196.2,-196.2,-268.1,-170.8,-179.47,-98.01
9/22/2014,-196.2,-196.2,-268.1,-170.8,-179.47,-98.01
9/23/2014,-196.2,-196.2,-268.1,-170.8,-179.47,-98.01
9/24/2014,-196.2,-196.2,-268.1,-170.8,-179.47,-98.01
9/25/2014,-196.2,-196.2,-268.1,-170.8,-179.47,-98.01
9/26/2014,-196.2,-196.2,-268.1,-170.8,-179.47,-98.01
9/29/2014,-196.2,-196.2,-268.1,-170.8,-179.47,-98.01
9/30/2014,-196.2,-196.2,-268.1,-170.8,-179.47,-98.01
10/1/2014,-196.2,-196.2,-268.1,-170.8,-179.47,-98.01
10/2/2014,-196.2,-196.2,-268.1,-170.8,-179.47,-98.01
10/3/2014,-196.2,-196.2,-268.1,-170.8,-179.47,-98.01
10/6/2014,-196.2,-196.2,-268.1,-170.8,-179.47,-98.01
10/7/2014,-196.2,-196.2,-268.1,-170.8,-179.47,-98.01
10/8/2014,-196.2,-196.2,-268.1,-170.8,-179.47,-98.01
10/9/2014,-196.2,-196.2,-268.1,-170.8,-179.47,-98.01
10/10/2014,-196.2,-196.2,-268.1,-170.8,-179.47,-98.01
10/13/2014,-196.2,-196.2,-268.1,-170.8,-179.47,-98.01
10/14/2014,-221.82,-221.82,-358.77,-40.04,-205.09,-62.41
10/15/2014,-221.82,-221.82,-358.77,-40.04,-205.09,-62.41
10/16/2014,-221.82,-221.82,-358.77,-40.04,-205.09,-62.41
10/17/2014,-221.82,-221.82,-358.77,-40.04,-205.09,-62.41
10/20/2014,-221.82,-221.82,-358.77,-40.04,-205.09,-62.41
10/21/2014,-221.82,-221.82,-358.77,-40.04,-205.09,-62.41
10/22/2014,-221.82,-221.82,-358.77,-40.04,-205.09,-62.41
10/23/2014,-221.82,-221.82,-358.77,-40.04,-205.09,-62.41
10/24/2014,-221.82,-221.82,-358.77,-40.04,-205.09,-62.41
10/27/2014,-221.82,-221.82,-358.77,-40.04,-205.09,-62.41
10/28/2014,-221.82,-221.82,-358.77,-40.04,-205.09,-62.41
10/29/2014,-221.82,-221.82,-358.77,-40.04,-205.09,-62.41
10/30/2014,-221.82,-221.82,-358.77,-40.04,-205.09,-62.41
10/31/2014,-221.82,-221.82,-358.77,-40.04,-205.09,-62.41
11/3/2014,-221.82,-221.82,-358.77,-40.04,-205.09,-62.41
11/4/2014,-221.82,-221.82,-358.77,-40.04,-205.09,-62.41
11/5/2014,-221.82,-221.82,-358.77,-40.04,-205.09,-62.41
11/6/2014,-221.82,-221.82,-358.77,-40.04,-205.09,-62.41
11/7/2014,-221.82,-221.82,-358.77,-40.04,-205.09,-62.41
11/10/2014,-221.82,-221.82,-358.77,-40.04,-205.09,-62.41
11/11/2014,-221.82,-221.82,-358.77,-40.04,-205.09,-62.41
11/12/2014,-202.62,-202.62,-400.33,-84.09,-220.7,-43.21
11/13/2014,-202.62,-202.62,-400.33,-84.09,-220.7,-43.21
11/14/2014,-202.62,-202.62,-400.33,-84.09,-220.7,-43.21
11/17/2014,-202.62,-202.62,-400.33,-84.09,-220.7,-43.21
11/18/2014,-202.62,-202.62,-400.33,-84.09,-220.7,-43.21
11/19/2014,-202.62,-202.62,-400.33,-84.09,-220.7,-43.21
11/20/2014,-202.62,-202.62,-400.33,-84.09,-220.7,-43.21
11/21/2014,-202.62,-202.62,-400.33,-84.09,-220.7,-43.21
11/24/2014,-202.62,-202.62,-400.33,-84.09,-220.7,-43.21
11/25/2014,-202.62,-202.62,-400.33,-84.09,-220.7,-43.21
11/26/2014,-202.62,-202.62,-400.33,-84.09,-220.7,-43.21
11/28/2014,-202.62,-202.62,-400.33,-84.09,-220.7,-43.21
12/1/2014,-108.97,-108.97,-265.97,27.12,-127.05,50.44
12/2/2014,-108.97,-108.97,-265.97,27.12,-127.05,50.44
12/3/2014,-108.97,-108.97,-265.97,27.12,-127.05,50.44
12/4/2014,-108.97,-108.97,-265.97,27.12,-127.05,50.44
12/5/2014,-108.97,-108.97,-265.97,27.12,-127.05,50.44
12/8/2014,-108.97,-108.97,-265.97,27.12,-127.05,50.44
12/9/2014,-108.97,-108.97,-265.97,27.12,-127.05,50.44
12/10/2014,-108.97,-108.97,-265.97,27.12,-127.05,50.44
12/11/2014,-108.97,-108.97,-265.97,27.12,-127.05,50.44
12/12/2014,-108.97,-108.97,-265.97,27.12,-127.05,50.44
12/15/2014,-108.97,-108.97,-265.97,27.12,-127.05,50.44
12/16/2014,-108.97,-108.97,-265.97,27.12,-127.05,50.44
12/17/2014,-108.97,-108.97,-265.97,27.12,-127.05,50.44
12/18/2014,-108.97,-108.97,-265.97,27.12,-127.05,50.44
12/19/2014,-108.97,-108.97,-265.97,27.12,-127.05,50.44
12/22/2014,-108.97,-108.97,-265.97,27.12,-127.05,50.44
12/23/2014,-108.97,-108.97,-265.97,27.12,-127.05,50.44
12/24/2014,-108.97,-108.97,-265.97,27.12,-127.05,50.44
12/26/2014,-108.97,-108.97,-265.97,27.12,-127.05,50.44
12/29/2014,-108.97,-108.97,-265.97,27.12,-127.05,50.44
12/30/2014,-108.97,-108.97,-265.97,27.12,-127.05,50.44
12/31/2014,-135.87,-135.87,-292.87,0.22,-153.95,66.44
1/2/2015,-135.87,-135.87,-292.87,0.22,-153.95,66.44
1/5/2015,-135.87,-135.87,-292.87,0.22,-153.95,66.44
1/6/2015,-135.87,-135.87,-292.87,0.22,-153.95,66.44
1/7/2015,-135.87,-135.87,-292.87,0.22,-153.95,66.44
1/8/2015,-135.87,-135.87,-292.87,0.22,-153.95,66.44
1/9/2015,-135.87,-135.87,-292.87,0.22,-153.95,66.44
1/12/2015,-135.87,-135.87,-292.87,0.22,-153.95,66.44
1/13/2015,-135.87,-135.87,-292.87,0.22,-153.95,66.44
1/14/2015,-135.87,-135.87,-292.87,0.22,-153.95,66.44
1/15/2015,-135.87,-135.87,-292.87,0.22,-153.95,66.44
1/16/2015,-135.87,-135.87,-292.87,0.22,-153.95,66.44
1/20/2015,-135.87,-135.87,-292.87,0.22,-153.95,66.44
1/21/2015,-135.87,-135.87,-292.87,0.22,-153.95,66.44
1/22/2015,-135.87,-135.87,-292.87,0.22,-153.95,66.44
1/23/2015,-135.87,-135.87,-292.87,0.22,-153.95,66.44
1/26/2015,-135.87,-135.87,-292.87,0.22,-153.95,66.44
1/27/2015,-135.87,-135.87,-292.87,0.22,-153.95,66.44
1/28/2015,-135.87,-135.87,-292.87,0.22,-153.95,66.44
1/29/2015,-135.87,-135.87,-292.87,0.22,-153.95,66.44
1/30/2015,-135.87,-135.87,-292.87,0.22,-153.95,66.44
2/2/2015,-64.46,-64.46,-193.43,71.63,-109.77,132.19
2/3/2015,-64.46,-64.46,-193.43,71.63,-109.77,132.19
2/4/2015,-64.46,-64.46,-193.43,71.63,-109.77,132.19
2/5/2015,-64.46,-64.46,-193.43,71.63,-109.77,132.19
2/6/2015,-64.46,-64.46,-193.43,71.63,-109.77,132.19
2/9/2015,-192.32,-192.32,-303.45,-26.49,-237.63,34.07
2/10/2015,-192.32,-192.32,-303.45,-26.49,-237.63,34.07
2/11/2015,-192.32,-192.32,-303.45,-26.49,-237.63,34.07
2/12/2015,-192.32,-192.32,-303.45,-26.49,-237.63,34.07
2/13/2015,-192.32,-192.32,-303.45,-26.49,-237.63,34.07
2/17/2015,-192.32,-192.32,-303.45,-26.49,-237.63,34.07
2/18/2015,-192.32,-192.32,-303.45,-26.49,-237.63,34.07
2/19/2015,-192.32,-192.32,-303.45,-26.49,-237.63,34.07
2/20/2015,-192.32,-192.32,-303.45,-26.49,-237.63,34.07
2/23/2015,-192.32,-192.32,-303.45,-26.49,-237.63,34.07
2/24/2015,-192.32,-192.32,-303.45,-26.49,-237.63,34.07
2/25/2015,-192.32,-192.32,-303.45,-26.49,-237.63,34.07
2/26/2015,-192.32,-192.32,-303.45,-26.49,-237.63,34.07
2/27/2015,-192.32,-192.32,-303.45,-26.49,-237.63,34.07
3/2/2015,-192.32,-192.32,-303.45,-26.49,-237.63,34.07
3/3/2015,-192.32,-192.32,-303.45,-26.49,-237.63,34.07
3/4/2015,-192.32,-192.32,-303.45,-26.49,-237.63,34.07
3/5/2015,-192.32,-192.32,-303.45,-26.49,-237.63,34.07
3/6/2015,-192.32,-192.32,-303.45,-26.49,-237.63,34.07
3/9/2015,-192.32,-192.32,-303.45,-26.49,-237.63,34.07
3/10/2015,-192.32,-192.32,-303.45,-26.49,-237.63,34.07
3/11/2015,-175.5,-175.5,-304.35,-9.67,-139.43,50.89
3/12/2015,-175.5,-175.5,-304.35,-9.67,-139.43,50.89
3/13/2015,-175.5,-175.5,-304.35,-9.67,-139.43,50.89
3/16/2015,-175.5,-175.5,-304.35,-9.67,-139.43,50.89
3/17/2015,-175.5,-175.5,-304.35,-9.67,-139.43,50.89
3/18/2015,-175.5,-175.5,-304.35,-9.67,-139.43,50.89
3/19/2015,-175.5,-175.5,-304.35,-9.67,-139.43,50.89
3/20/2015,-175.5,-175.5,-304.35,-9.67,-139.43,50.89
3/23/2015,-175.5,-175.5,-304.35,-9.67,-139.43,50.89
3/24/2015,-175.5,-175.5,-304.35,-9.67,-139.43,50.89
3/25/2015,-175.5,-175.5,-304.35,-9.67,-139.43,50.89
3/26/2015,-175.5,-175.5,-304.35,-9.67,-139.43,50.89
3/27/2015,-175.5,-175.5,-304.35,-9.67,-139.43,50.89
3/30/2015,-175.5,-175.5,-304.35,-9.67,-139.43,50.89
3/31/2015,-175.5,-175.5,-304.35,-9.67,-139.43,50.89
4/1/2015,-175.5,-175.5,-304.35,-9.67,-139.43,50.89
4/2/2015,-175.5,-175.5,-304.35,-9.67,-139.43,50.89
4/6/2015,-175.5,-175.5,-304.35,-9.67,-139.43,50.89
4/7/2015,-175.5,-175.5,-304.35,-9.67,-139.43,50.89
4/8/2015,-175.5,-175.5,-304.35,-9.67,-139.43,50.89
4/9/2015,-175.5,-175.5,-304.35,-9.67,-139.43,50.89
4/10/2015,-189.1,-189.1,-301.58,-23.27,-153.03,56.92
4/13/2015,-189.1,-189.1,-301.58,-23.27,-153.03,56.92
4/14/2015,-189.1,-189.1,-301.58,-23.27,-153.03,56.92
4/15/2015,-189.1,-189.1,-301.58,-23.27,-153.03,56.92
4/16/2015,-189.1,-189.1,-301.58,-23.27,-153.03,56.92
4/17/2015,-189.1,-189.1,-301.58,-23.27,-153.03,56.92
4/20/2015,-189.1,-189.1,-301.58,-23.27,-153.03,56.92
4/21/2015,-189.1,-189.1,-301.58,-23.27,-153.03,56.92
4/22/2015,-189.1,-189.1,-301.58,-23.27,-153.03,56.92
4/23/2015,-189.1,-189.1,-301.58,-23.27,-153.03,56.92
4/24/2015,-189.1,-189.1,-301.58,-23.27,-153.03,56.92
4/27/2015,-189.1,-189.1,-301.58,-23.27,-153.03,56.92
4/28/2015,-189.1,-189.1,-301.58,-23.27,-153.03,56.92
4/29/2015,-189.1,-189.1,-301.58,-23.27,-153.03,56.92
4/30/2015,-189.1,-189.1,-301.58,-23.27,-153.03,56.92
5/1/2015,-189.1,-189.1,-301.58,-23.27,-153.03,56.92
5/4/2015,-189.1,-189.1,-301.58,-23.27,-153.03,56.92
5/5/2015,-189.1,-189.1,-301.58,-23.27,-153.03,56.92
5/6/2015,-189.1,-189.1,-301.58,-23.27,-153.03,56.92
5/7/2015,-189.1,-189.1,-301.58,-23.27,-153.03,56.92
5/8/2015,-189.1,-189.1,-301.58,-23.27,-153.03,56.92
5/11/2015,-295.74,-295.74,-359.23,-129.91,-224.12,23.93
5/12/2015,-295.74,-295.74,-359.23,-129.91,-224.12,23.93
5/13/2015,-295.74,-295.74,-359.23,-129.91,-224.12,23.93
5/14/2015,-295.74,-295.74,-359.23,-129.91,-224.12,23.93
5/15/2015,-295.74,-295.74,-359.23,-129.91,-224.12,23.93
5/18/2015,-295.74,-295.74,-359.23,-129.91,-224.12,23.93
5/19/2015,-295.74,-295.74,-359.23,-129.91,-224.12,23.93
5/20/2015,-295.74,-295.74,-359.23,-129.91,-224.12,23.93
5/21/2015,-295.74,-295.74,-359.23,-129.91,-224.12,23.93
5/22/2015,-295.74,-295.74,-359.23,-129.91,-224.12,23.93
5/26/2015,-295.74,-295.74,-359.23,-129.91,-224.12,23.93
5/27/2015,-295.74,-295.74,-359.23,-129.91,-224.12,23.93
5/28/2015,-295.74,-295.74,-359.23,-129.91,-224.12,23.93
5/29/2015,-295.74,-295.74,-359.23,-129.91,-224.12,23.93
6/1/2015,-295.74,-295.74,-359.23,-129.91,-224.12,23.93
6/2/2015,-295.74,-295.74,-359.23,-129.91,-224.12,23.93
6/3/2015,-295.74,-295.74,-359.23,-129.91,-224.12,23.93
6/4/2015,-295.74,-295.74,-359.23,-129.91,-224.12,23.93
6/5/2015,-295.74,-295.74,-359.23,-129.91,-224.12,23.93
6/8/2015,-295.74,-295.74,-359.23,-129.91,-224.12,23.93
6/9/2015,-295.74,-295.74,-359.23,-129.91,-224.12,23.93
6/10/2015,-220.4,-220.4,-300.85,-57.68,-142.14,99.27
6/11/2015,-220.4,-220.4,-300.85,-57.68,-142.14,99.27
6/12/2015,-220.4,-220.4,-300.85,-57.68,-142.14,99.27
6/15/2015,-220.4,-220.4,-300.85,-57.68,-142.14,99.27
6/16/2015,-220.4,-220.4,-300.85,-57.68,-142.14,99.27
6/17/2015,-220.4,-220.4,-300.85,-57.68,-142.14,99.27
6/18/2015,-220.4,-220.4,-300.85,-57.68,-142.14,99.27
6/19/2015,-220.4,-220.4,-300.85,-57.68,-142.14,99.27
6/22/2015,-220.4,-220.4,-300.85,-57.68,-142.14,99.27
6/23/2015,-220.4,-220.4,-300.85,-57.68,-142.14,99.27
6/24/2015,-220.4,-220.4,-300.85,-57.68,-142.14,99.27
6/25/2015,-220.4,-220.4,-300.85,-57.68,-142.14,99.27
6/26/2015,-220.4,-220.4,-300.85,-57.68,-142.14,99.27
6/29/2015,-220.4,-220.4,-300.85,-57.68,-142.14,99.27
6/30/2015,-220.4,-220.4,-300.85,-57.68,-142.14,99.27
7/1/2015,-220.4,-220.4,-300.85,-57.68,-142.14,99.27
7/2/2015,-220.4,-220.4,-300.85,-57.68,-142.14,99.27
7/6/2015,-220.4,-220.4,-300.85,-57.68,-142.14,99.27
7/7/2015,-220.4,-220.4,-300.85,-57.68,-142.14,99.27
7/8/2015,-220.4,-220.4,-300.85,-57.68,-142.14,99.27
7/9/2015,-220.4,-220.4,-300.85,-57.68,-142.14,99.27
7/10/2015,-160.16,-160.16,-319.25,23.76,-41.28,159.51
7/13/2015,-160.16,-160.16,-319.25,23.76,-41.28,159.51
7/14/2015,-160.16,-160.16,-319.25,23.76,-41.28,159.51
7/15/2015,-160.16,-160.16,-319.25,23.76,-41.28,159.51
7/16/2015,-160.16,-160.16,-319.25,23.76,-41.28,159.51
7/17/2015,-160.16,-160.16,-319.25,23.76,-41.28,159.51
7/20/2015,-160.16,-160.16,-319.25,23.76,-41.28,159.51
7/21/2015,-160.16,-160.16,-319.25,23.76,-41.28,159.51
7/22/2015,-160.16,-160.16,-319.25,23.76,-41.28,159.51
7/23/2015,-160.16,-160.16,-319.25,23.76,-41.28,159.51
7/24/2015,-160.16,-160.16,-319.25,23.76,-41.28,159.51
7/27/2015,-160.16,-160.16,-319.25,23.76,-41.28,159.51
7/28/2015,-160.16,-160.16,-319.25,23.76,-41.28,159.51
7/29/2015,-160.16,-160.16,-319.25,23.76,-41.28,159.51
7/30/2015,-160.16,-160.16,-319.25,23.76,-41.28,159.51
7/31/2015,-160.16,-160.16,-319.25,23.76,-41.28,159.51
8/3/2015,-160.16,-160.16,-319.25,23.76,-41.28,159.51
8/4/2015,-160.16,-160.16,-319.25,23.76,-41.28,159.51
8/5/2015,-160.16,-160.16,-319.25,23.76,-41.28,159.51
8/6/2015,-160.16,-160.16,-319.25,23.76,-41.28,159.51
8/7/2015,-160.16,-160.16,-319.25,23.76,-41.28,159.51
8/10/2015,-25.34,-25.34,-218.85,114.29,133.7,334.49
8/11/2015,-25.34,-25.34,-218.85,114.29,133.7,334.49
8/12/2015,-25.34,-25.34,-218.85,114.29,133.7,334.49
8/13/2015,-25.34,-25.34,-218.85,114.29,133.7,334.49
8/14/2015,-25.34,-25.34,-218.85,114.29,133.7,334.49
8/17/2015,-25.34,-25.34,-218.85,114.29,133.7,334.49
8/18/2015,-25.34,-25.34,-218.85,114.29,133.7,334.49
8/19/2015,-25.34,-25.34,-218.85,114.29,133.7,334.49
8/20/2015,-25.34,-25.34,-218.85,114.29,133.7,334.49
8/21/2015,-25.34,-25.34,-218.85,114.29,133.7,334.49
8/24/2015,-100.64,-100.64,-355.73,38.99,58.4,371.14
8/25/2015,-100.64,-100.64,-355.73,38.99,58.4,371.14
8/26/2015,-100.64,-100.64,-355.73,38.99,58.4,371.14
8/27/2015,-100.64,-100.64,-355.73,38.99,58.4,371.14
8/28/2015,-43.29,-43.29,-298.38,96.34,115.75,428.49
8/31/2015,-43.29,-43.29,-298.38,96.34,115.75,428.49
9/1/2015,-43.29,-43.29,-298.38,96.34,115.75,428.49
9/2/2015,-43.29,-43.29,-298.38,96.34,115.75,428.49
9/3/2015,-43.29,-43.29,-298.38,96.34,115.75,428.49
9/4/2015,-43.29,-43.29,-298.38,96.34,115.75,428.49
9/8/2015,-43.29,-43.29,-298.38,96.34,115.75,428.49
9/9/2015,-43.29,-43.29,-298.38,96.34,115.75,428.49
9/10/2015,-43.29,-43.29,-298.38,96.34,115.75,428.49
9/11/2015,-43.29,-43.29,-298.38,96.34,115.75,428.49
9/14/2015,-43.29,-43.29,-298.38,96.34,115.75,428.49
9/15/2015,-43.29,-43.29,-298.38,96.34,115.75,428.49
9/16/2015,-43.29,-43.29,-298.38,96.34,115.75,428.49
9/17/2015,-43.29,-43.29,-298.38,96.34,115.75,428.49
9/18/2015,-43.29,-43.29,-298.38,96.34,115.75,428.49
9/21/2015,-43.29,-43.29,-298.38,96.34,115.75,428.49
9/22/2015,-43.29,-43.29,-298.38,96.34,115.75,428.49
9/23/2015,-43.29,-43.29,-298.38,96.34,115.75,428.49
9/24/2015,-43.29,-43.29,-298.38,96.34,115.75,428.49
9/25/2015,-43.29,-43.29,-298.38,96.34,115.75,428.49
9/28/2015,51.16,51.16,-209.41,162.59,210.2,522.94
9/29/2015,51.16,51.16,-209.41,162.59,210.2,522.94
9/30/2015,80.99,80.99,-179.58,192.42,240.03,552.77
10/1/2015,80.99,80.99,-179.58,192.42,240.03,552.77
10/2/2015,80.99,80.99,-179.58,192.42,240.03,552.77
10/5/2015,80.99,80.99,-179.58,192.42,240.03,552.77
10/6/2015,80.99,80.99,-179.58,192.42,240.03,552.77
10/7/2015,80.99,80.99,-179.58,192.42,240.03,552.77
10/8/2015,80.99,80.99,-179.58,192.42,240.03,552.77
10/9/2015,80.99,80.99,-179.58,192.42,240.03,552.77
10/12/2015,80.99,80.99,-179.58,192.42,240.03,552.77
10/13/2015,80.99,80.99,-179.58,192.42,240.03,552.77
10/14/2015,80.99,80.99,-179.58,192.42,240.03,552.77
10/15/2015,80.99,80.99,-179.58,192.42,240.03,552.77
10/16/2015,80.99,80.99,-179.58,192.42,240.03,552.77
10/19/2015,80.99,80.99,-179.58,192.42,240.03,552.77
10/20/2015,80.99,80.99,-179.58,192.42,240.03,552.77
10/21/2015,80.99,80.99,-179.58,192.42,240.03,552.77
10/22/2015,80.99,80.99,-179.58,192.42,240.03,552.77
10/23/2015,-48.23,-48.23,-308.8,182.48,110.81,423.55
10/26/2015,-48.23,-48.23,-308.8,182.48,110.81,423.55
10/27/2015,-48.23,-48.23,-308.8,182.48,110.81,423.55
10/28/2015,-48.23,-48.23,-308.8,182.48,110.81,423.55
10/29/2015,-48.23,-48.23,-308.8,182.48,110.81,423.55
10/30/2015,-26.28,-26.28,-286.85,204.43,132.76,445.5
11/2/2015,-26.28,-26.28,-286.85,204.43,132.76,445.5
11/3/2015,-26.28,-26.28,-286.85,204.43,132.76,445.5
11/4/2015,-26.28,-26.28,-286.85,204.43,132.76,445.5
11/5/2015,-26.28,-26.28,-286.85,204.43,132.76,445.5
11/6/2015,-26.28,-26.28,-286.85,204.43,132.76,445.5
11/9/2015,-69.15,-69.15,-329.72,161.56,154.17,448.36
11/10/2015,-69.15,-69.15,-329.72,161.56,154.17,448.36
11/11/2015,-69.15,-69.15,-329.72,161.56,154.17,448.36
11/12/2015,-69.15,-69.15,-329.72,161.56,154.17,448.36
11/13/2015,-69.15,-69.15,-329.72,161.56,154.17,448.36
11/16/2015,-110.94,-110.94,-346.89,144.39,105.51,405.1
11/17/2015,-110.94,-110.94,-346.89,144.39,105.51,405.1
11/18/2015,-110.94,-110.94,-346.89,144.39,105.51,405.1
11/19/2015,-110.94,-110.94,-346.89,144.39,105.51,405.1
11/20/2015,-110.94,-110.94,-346.89,144.39,105.51,405.1
11/23/2015,-110.94,-110.94,-346.89,144.39,105.51,405.1
11/24/2015,-110.94,-110.94,-346.89,144.39,105.51,405.1
11/25/2015,-110.94,-110.94,-346.89,144.39,105.51,405.1
11/27/2015,-110.94,-110.94,-346.89,144.39,105.51,405.1
11/30/2015,-110.94,-110.94,-346.89,144.39,105.51,405.1
12/1/2015,-110.94,-110.94,-346.89,144.39,105.51,405.1
12/2/2015,-110.94,-110.94,-346.89,144.39,105.51,405.1
12/3/2015,-110.94,-110.94,-346.89,144.39,105.51,405.1
12/4/2015,-110.94,-110.94,-346.89,144.39,105.51,405.1
12/7/2015,-110.94,-110.94,-346.89,144.39,105.51,405.1
12/8/2015,-110.94,-110.94,-346.89,144.39,105.51,405.1
12/9/2015,-110.94,-110.94,-346.89,144.39,105.51,405.1
12/10/2015,41.05,41.05,-218.59,272.69,206.71,533.15
12/11/2015,41.05,41.05,-218.59,272.69,206.71,533.15
12/14/2015,41.05,41.05,-218.59,272.69,206.71,533.15
12/15/2015,41.05,41.05,-218.59,272.69,206.71,533.15
12/16/2015,41.05,41.05,-218.59,272.69,206.71,533.15
12/17/2015,41.05,41.05,-218.59,272.69,206.71,533.15
12/18/2015,41.05,41.05,-218.59,272.69,206.71,533.15
12/21/2015,41.05,41.05,-218.59,272.69,206.71,533.15
12/22/2015,41.05,41.05,-218.59,272.69,206.71,533.15
12/23/2015,41.05,41.05,-218.59,272.69,206.71,533.15
12/24/2015,41.05,41.05,-218.59,272.69,206.71,533.15
12/28/2015,41.05,41.05,-218.59,272.69,206.71,533.15
12/29/2015,41.05,41.05,-218.59,272.69,206.71,533.15
12/30/2015,41.05,41.05,-218.59,272.69,206.71,533.15
12/31/2015,41.05,41.05,-218.59,272.69,206.71,533.15
1/4/2016,41.05,41.05,-218.59,272.69,206.71,533.15
1/5/2016,41.05,41.05,-218.59,272.69,206.71,533.15
1/6/2016,41.05,41.05,-218.59,272.69,206.71,533.15
1/7/2016,41.05,41.05,-218.59,272.69,206.71,533.15
1/8/2016,41.05,41.05,-218.59,272.69,206.71,533.15
1/11/2016,41.05,41.05,-218.59,272.69,206.71,533.15
1/12/2016,191.87,191.87,-84.63,423.51,261.91,588.35
1/13/2016,191.87,191.87,-84.63,423.51,261.91,588.35
1/14/2016,191.87,191.87,-84.63,423.51,261.91,588.35
1/15/2016,191.87,191.87,-84.63,423.51,261.91,588.35
1/19/2016,191.87,191.87,-84.63,423.51,261.91,588.35
1/20/2016,302.68,302.68,14.42,534.32,372.72,625.46
1/21/2016,302.68,302.68,14.42,534.32,372.72,625.46
1/22/2016,302.68,302.68,14.42,534.32,372.72,625.46
1/25/2016,302.68,302.68,14.42,534.32,372.72,625.46
1/26/2016,302.68,302.68,14.42,534.32,372.72,625.46
1/27/2016,302.68,302.68,14.42,534.32,372.72,625.46
1/28/2016,302.68,302.68,14.42,534.32,372.72,625.46
1/29/2016,302.68,302.68,14.42,534.32,372.72,625.46
2/1/2016,302.68,302.68,14.42,534.32,372.72,625.46
2/2/2016,302.68,302.68,14.42,534.32,372.72,625.46
2/3/2016,341.72,341.72,53.46,573.36,411.76,664.5
2/4/2016,341.72,341.72,53.46,573.36,411.76,664.5
2/5/2016,341.72,341.72,53.46,573.36,411.76,664.5
2/8/2016,341.72,341.72,53.46,573.36,411.76,664.5
2/9/2016,341.72,341.72,53.46,573.36,411.76,664.5
2/10/2016,341.72,341.72,53.46,573.36,411.76,664.5
2/11/2016,341.72,341.72,53.46,573.36,411.76,664.5
2/12/2016,341.72,341.72,53.46,573.36,411.76,664.5
2/16/2016,341.72,341.72,53.46,573.36,411.76,664.5
2/17/2016,298.9,298.9,10.64,530.54,368.94,621.68
2/18/2016,298.9,298.9,10.64,530.54,368.94,621.68
2/19/2016,298.9,298.9,10.64,530.54,368.94,621.68
2/22/2016,298.9,298.9,10.64,530.54,368.94,621.68
2/23/2016,298.9,298.9,10.64,530.54,368.94,621.68
2/24/2016,298.9,298.9,10.64,530.54,368.94,621.68
2/25/2016,298.9,298.9,10.64,530.54,368.94,621.68
2/26/2016,298.9,298.9,10.64,530.54,368.94,621.68
2/29/2016,307.99,307.99,28.83,539.63,378.03,648.58
3/1/2016,307.99,307.99,28.83,539.63,378.03,648.58
3/2/2016,307.99,307.99,28.83,539.63,378.03,648.58
3/3/2016,394.1,375.86,114.94,625.74,464.14,734.69
3/4/2016,394.1,375.86,114.94,625.74,464.14,734.69
3/7/2016,394.1,375.86,114.94,625.74,464.14,734.69
3/8/2016,394.1,375.86,114.94,625.74,464.14,734.69
3/9/2016,394.1,375.86,114.94,625.74,464.14,734.69
3/10/2016,394.1,375.86,114.94,625.74,464.14,734.69
3/11/2016,394.1,375.86,114.94,625.74,464.14,734.69
3/14/2016,394.1,375.86,114.94,625.74,464.14,734.69
3/15/2016,394.1,375.86,114.94,625.74,464.14,734.69
3/16/2016,394.1,375.86,114.94,625.74,464.14,734.69
3/17/2016,394.1,375.86,114.94,625.74,464.14,734.69
3/18/2016,371.09,352.85,172.78,645.78,425.15,695.7
3/21/2016,371.09,352.85,172.78,645.78,425.15,695.7
3/22/2016,371.09,352.85,172.78,645.78,425.15,695.7
3/23/2016,371.09,352.85,172.78,645.78,425.15,695.7
3/24/2016,371.09,352.85,172.78,645.78,425.15,695.7
3/28/2016,371.09,352.85,172.78,645.78,425.15,695.7
3/29/2016,371.09,352.85,172.78,645.78,425.15,695.7
3/30/2016,371.09,352.85,172.78,645.78,425.15,695.7
3/31/2016,371.09,352.85,172.78,645.78,425.15,695.7
4/1/2016,371.09,352.85,172.78,645.78,425.15,695.7
4/4/2016,371.09,352.85,172.78,645.78,425.15,695.7
4/5/2016,371.09,352.85,172.78,645.78,425.15,695.7
4/6/2016,371.09,352.85,172.78,645.78,425.15,695.7
4/7/2016,371.09,352.85,172.78,645.78,425.15,695.7
4/8/2016,371.09,352.85,172.78,645.78,425.15,695.7
4/11/2016,371.09,352.85,172.78,645.78,425.15,695.7
4/12/2016,371.09,352.85,172.78,645.78,425.15,695.7
4/13/2016,371.09,352.85,172.78,645.78,425.15,695.7
4/14/2016,371.09,352.85,172.78,645.78,425.15,695.7
4/15/2016,371.09,352.85,172.78,645.78,425.15,695.7
4/18/2016,371.09,352.85,172.78,645.78,425.15,695.7
4/19/2016,307.19,288.95,108.88,571.24,368.88,635.68
4/20/2016,307.19,288.95,108.88,571.24,368.88,635.68
4/21/2016,307.19,288.95,108.88,571.24,368.88,635.68
4/22/2016,307.19,288.95,108.88,571.24,368.88,635.68
4/25/2016,206.1,167.74,7.79,470.15,267.79,534.59
4/26/2016,206.1,167.74,7.79,470.15,267.79,534.59
4/27/2016,206.1,167.74,7.79,470.15,267.79,534.59
4/28/2016,206.1,167.74,7.79,470.15,267.79,534.59
4/29/2016,206.1,167.74,7.79,470.15,267.79,534.59
5/2/2016,206.1,167.74,7.79,470.15,267.79,534.59
5/3/2016,206.1,167.74,7.79,470.15,267.79,534.59
5/4/2016,206.1,167.74,7.79,470.15,267.79,534.59
5/5/2016,206.1,167.74,7.79,470.15,267.79,534.59
5/6/2016,206.1,167.74,7.79,470.15,267.79,534.59
5/9/2016,206.1,167.74,7.79,470.15,267.79,534.59
5/10/2016,206.1,167.74,7.79,470.15,267.79,534.59
5/11/2016,206.1,167.74,7.79,470.15,267.79,534.59
5/12/2016,206.1,167.74,7.79,470.15,267.79,534.59
5/13/2016,206.1,167.74,7.79,470.15,267.79,534.59
5/16/2016,206.1,167.74,7.79,470.15,267.79,534.59
5/17/2016,206.1,167.74,7.79,470.15,267.79,534.59
5/18/2016,206.1,167.74,7.79,470.15,267.79,534.59
5/19/2016,252.76,214.4,21.24,460.48,307.66,584.04
5/20/2016,252.76,214.4,21.24,460.48,307.66,584.04
5/23/2016,276.25,231.96,44.73,483.97,331.15,607.53
5/24/2016,276.25,231.96,44.73,483.97,331.15,607.53
5/25/2016,276.25,231.96,44.73,483.97,331.15,607.53
5/26/2016,276.25,231.96,44.73,483.97,331.15,607.53
5/27/2016,276.25,231.96,44.73,483.97,331.15,607.53
5/31/2016,276.25,231.96,44.73,483.97,331.15,607.53
6/1/2016,276.25,231.96,44.73,483.97,331.15,607.53
6/2/2016,276.25,231.96,44.73,483.97,331.15,607.53
6/3/2016,276.25,231.96,44.73,483.97,331.15,607.53
6/6/2016,276.25,231.96,44.73,483.97,331.15,607.53
6/7/2016,276.25,231.96,44.73,483.97,331.15,607.53
6/8/2016,276.25,231.96,44.73,483.97,331.15,607.53
6/9/2016,276.25,231.96,44.73,483.97,331.15,607.53
6/10/2016,276.25,231.96,44.73,483.97,331.15,607.53
6/13/2016,276.25,231.96,44.73,483.97,331.15,607.53
6/14/2016,276.25,231.96,44.73,483.97,331.15,607.53
6/15/2016,276.25,231.96,44.73,483.97,331.15,607.53
6/16/2016,276.25,231.96,44.73,483.97,331.15,607.53
6/17/2016,276.25,231.96,44.73,483.97,331.15,607.53
6/20/2016,276.25,231.96,44.73,483.97,331.15,607.53
6/21/2016,276.25,231.96,44.73,483.97,331.15,607.53
6/22/2016,366.88,322.59,139.2,588.72,421.78,653.23
6/23/2016,366.88,322.59,139.2,588.72,421.78,653.23
6/24/2016,366.88,322.59,139.2,588.72,421.78,653.23
6/27/2016,463.86,419.57,214.23,695.29,518.76,751.48
6/28/2016,463.86,419.57,214.23,695.29,518.76,751.48
6/29/2016,463.86,419.57,214.23,695.29,518.76,751.48
6/30/2016,509.68,459.65,260.05,741.11,564.58,797.3
7/1/2016,509.68,459.65,260.05,741.11,564.58,797.3
7/5/2016,509.68,459.65,260.05,741.11,564.58,797.3
7/6/2016,509.68,459.65,260.05,741.11,564.58,797.3
7/7/2016,509.68,459.65,260.05,741.11,564.58,797.3
7/8/2016,509.68,459.65,260.05,741.11,564.58,797.3
7/11/2016,509.68,459.65,260.05,741.11,564.58,797.3
7/12/2016,509.68,459.65,260.05,741.11,564.58,797.3
7/13/2016,509.68,459.65,260.05,741.11,564.58,797.3
7/14/2016,509.68,459.65,260.05,741.11,564.58,797.3
7/15/2016,509.68,459.65,260.05,741.11,564.58,797.3
7/18/2016,509.68,459.65,260.05,741.11,564.58,797.3
7/19/2016,509.68,459.65,260.05,741.11,564.58,797.3
7/20/2016,509.68,459.65,260.05,741.11,564.58,797.3
7/21/2016,509.68,459.65,260.05,741.11,564.58,797.3
7/22/2016,509.68,459.65,260.05,741.11,564.58,797.3
7/25/2016,509.68,459.65,260.05,741.11,564.58,797.3
7/26/2016,509.68,459.65,260.05,741.11,564.58,797.3
7/27/2016,509.68,459.65,260.05,741.11,564.58,797.3
7/28/2016,509.68,459.65,260.05,741.11,564.58,797.3
7/29/2016,509.68,459.65,260.05,741.11,564.58,797.3
8/1/2016,373.19,323.16,68.81,582.07,428.09,762.55
8/2/2016,373.19,323.16,68.81,582.07,428.09,762.55
8/3/2016,373.19,323.16,68.81,582.07,428.09,762.55
8/4/2016,373.19,323.16,68.81,582.07,428.09,762.55
8/5/2016,373.19,323.16,68.81,582.07,428.09,762.55
8/8/2016,373.19,323.16,68.81,582.07,428.09,762.55
8/9/2016,373.19,323.16,68.81,582.07,428.09,762.55
8/10/2016,373.19,323.16,68.81,582.07,428.09,762.55
8/11/2016,373.19,323.16,68.81,582.07,428.09,762.55
8/12/2016,373.19,323.16,68.81,582.07,428.09,762.55
8/15/2016,373.19,323.16,68.81,582.07,428.09,762.55
8/16/2016,373.19,323.16,68.81,582.07,428.09,762.55
8/17/2016,373.19,323.16,68.81,582.07,428.09,762.55
8/18/2016,373.19,323.16,68.81,582.07,428.09,762.55
8/19/2016,373.19,323.16,68.81,582.07,428.09,762.55
8/22/2016,373.19,323.16,68.81,582.07,428.09,762.55
8/23/2016,373.19,323.16,68.81,582.07,428.09,762.55
8/24/2016,373.19,323.16,68.81,582.07,428.09,762.55
8/25/2016,373.19,323.16,68.81,582.07,428.09,762.55
8/26/2016,373.19,323.16,68.81,582.07,428.09,762.55
8/29/2016,373.19,323.16,68.81,582.07,428.09,762.55
8/30/2016,253.24,203.21,23.85,389.34,302.92,639.88
8/31/2016,253.24,203.21,23.85,389.34,302.92,639.88
9/1/2016,253.24,203.21,23.85,389.34,302.92,639.88
9/2/2016,253.24,203.21,23.85,389.34,302.92,639.88
9/6/2016,253.24,203.21,23.85,389.34,302.92,639.88
9/7/2016,253.24,203.21,23.85,389.34,302.92,639.88
9/8/2016,253.24,203.21,23.85,389.34,302.92,639.88
9/9/2016,253.24,203.21,23.85,389.34,302.92,639.88
9/12/2016,253.24,203.21,23.85,389.34,302.92,639.88
9/13/2016,253.24,203.21,23.85,389.34,302.92,639.88
9/14/2016,253.24,203.21,23.85,389.34,302.92,639.88
9/15/2016,253.24,203.21,23.85,389.34,302.92,639.88
9/16/2016,253.24,203.21,23.85,389.34,302.92,639.88
9/19/2016,253.24,203.21,23.85,389.34,302.92,639.88
9/20/2016,277.92,227.89,-42.68,413.04,327.6,711.42
9/21/2016,277.92,227.89,-42.68,413.04,327.6,711.42
9/22/2016,277.92,227.89,-42.68,413.04,327.6,711.42
9/23/2016,277.92,227.89,-42.68,413.04,327.6,711.42
9/26/2016,277.92,227.89,-42.68,413.04,327.6,711.42
9/27/2016,277.92,227.89,-42.68,413.04,327.6,711.42
9/28/2016,277.92,227.89,-42.68,413.04,327.6,711.42
9/29/2016,277.92,227.89,-42.68,413.04,327.6,711.42
9/30/2016,277.92,227.89,-42.68,413.04,327.6,711.42
10/3/2016,277.92,227.89,-42.68,413.04,327.6,711.42
10/4/2016,277.92,227.89,-42.68,413.04,327.6,711.42
10/5/2016,277.92,227.89,-42.68,413.04,327.6,711.42
10/6/2016,277.92,227.89,-42.68,413.04,327.6,711.42
10/7/2016,277.92,227.89,-42.68,413.04,327.6,711.42
10/10/2016,277.92,227.89,-42.68,413.04,327.6,711.42
10/11/2016,277.92,227.89,-42.68,413.04,327.6,711.42
10/12/2016,277.92,227.89,-42.68,413.04,327.6,711.42
10/13/2016,277.92,227.89,-42.68,413.04,327.6,711.42
10/14/2016,277.92,227.89,-42.68,413.04,327.6,711.42
10/17/2016,277.92,227.89,-42.68,413.04,327.6,711.42
10/18/2016,277.92,227.89,-42.68,413.04,327.6,711.42
10/19/2016,298.7,248.67,16.58,497.99,294.33,678.15
10/20/2016,298.7,248.67,16.58,497.99,294.33,678.15
10/21/2016,298.7,248.67,16.58,497.99,294.33,678.15
10/24/2016,298.7,248.67,16.58,497.99,294.33,678.15
10/25/2016,298.7,248.67,16.58,497.99,294.33,678.15
10/26/2016,298.7,248.67,16.58,497.99,294.33,678.15
10/27/2016,298.7,248.67,16.58,497.99,294.33,678.15
10/28/2016,298.7,248.67,16.58,497.99,294.33,678.15
10/31/2016,298.7,248.67,16.58,497.99,294.33,678.15
11/1/2016,298.7,248.67,16.58,497.99,294.33,678.15
11/2/2016,298.7,248.67,16.58,497.99,294.33,678.15
11/3/2016,298.7,248.67,16.58,497.99,294.33,678.15
11/4/2016,298.7,248.67,16.58,497.99,294.33,678.15
11/7/2016,298.7,248.67,16.58,497.99,294.33,678.15
11/8/2016,298.7,248.67,16.58,497.99,294.33,678.15
11/9/2016,298.7,248.67,16.58,497.99,294.33,678.15
11/10/2016,348.27,298.24,37.28,578.97,314.29,699.37
11/11/2016,348.27,298.24,37.28,578.97,314.29,699.37
11/14/2016,348.27,298.24,37.28,578.97,314.29,699.37
11/15/2016,348.27,298.24,37.28,578.97,314.29,699.37
11/16/2016,349.67,299.64,38.68,580.37,315.69,700.77
11/17/2016,349.67,299.64,38.68,580.37,315.69,700.77
11/18/2016,349.67,299.64,38.68,580.37,315.69,700.77
11/21/2016,349.67,299.64,38.68,580.37,315.69,700.77
11/22/2016,349.67,299.64,38.68,580.37,315.69,700.77
11/23/2016,349.67,299.64,38.68,580.37,315.69,700.77
11/25/2016,349.67,299.64,38.68,580.37,315.69,700.77
11/28/2016,349.67,299.64,38.68,580.37,315.69,700.77
11/29/2016,349.67,299.64,38.68,580.37,315.69,700.77
11/30/2016,349.67,299.64,38.68,580.37,315.69,700.77
12/1/2016,484.11,434.08,124.96,681.01,461.28,773.03
12/2/2016,484.11,434.08,124.96,681.01,461.28,773.03
12/5/2016,481.66,426.24,122.51,678.56,458.83,770.58
12/6/2016,481.66,426.24,122.51,678.56,458.83,770.58
12/7/2016,481.66,426.24,122.51,678.56,458.83,770.58
12/8/2016,481.66,426.24,122.51,678.56,458.83,770.58
12/9/2016,481.66,426.24,122.51,678.56,458.83,770.58
12/12/2016,481.66,426.24,122.51,678.56,458.83,770.58
12/13/2016,481.66,426.24,122.51,678.56,458.83,770.58
12/14/2016,481.66,426.24,122.51,678.56,458.83,770.58
12/15/2016,481.66,426.24,122.51,678.56,458.83,770.58
12/16/2016,481.66,426.24,122.51,678.56,458.83,770.58
12/19/2016,481.66,426.24,122.51,678.56,458.83,770.58
12/20/2016,481.66,426.24,122.51,678.56,458.83,770.58
12/21/2016,481.66,426.24,122.51,678.56,458.83,770.58
12/22/2016,481.66,426.24,122.51,678.56,458.83,770.58
12/23/2016,481.66,426.24,122.51,678.56,458.83,770.58
12/27/2016,481.66,426.24,122.51,678.56,458.83,770.58
12/28/2016,481.66,426.24,122.51,678.56,458.83,770.58
12/29/2016,481.66,426.24,122.51,678.56,458.83,770.58
12/30/2016,481.66,426.24,122.51,678.56,458.83,770.58
1/3/2017,481.66,426.24,122.51,678.56,458.83,770.58
1/4/2017,481.66,426.24,122.51,678.56,458.83,770.58
1/5/2017,429.57,374.15,70.42,626.47,406.74,759.45
1/6/2017,429.57,374.15,70.42,626.47,406.74,759.45
1/9/2017,429.57,374.15,70.42,626.47,406.74,759.45
1/10/2017,429.57,374.15,70.42,626.47,406.74,759.45
1/11/2017,429.57,374.15,70.42,626.47,406.74,759.45
1/12/2017,429.57,374.15,70.42,626.47,406.74,759.45
1/13/2017,429.57,374.15,70.42,626.47,406.74,759.45
1/17/2017,429.57,374.15,70.42,626.47,406.74,759.45
1/18/2017,372.29,316.87,26.94,582.99,349.46,696.95
1/19/2017,372.29,316.87,26.94,582.99,349.46,696.95
1/20/2017,372.29,316.87,26.94,582.99,349.46,696.95
1/23/2017,372.29,316.87,26.94,582.99,349.46,696.95
1/24/2017,372.29,316.87,26.94,582.99,349.46,696.95
1/25/2017,372.29,316.87,26.94,582.99,349.46,696.95
1/26/2017,372.29,316.87,26.94,582.99,349.46,696.95
1/27/2017,372.29,316.87,26.94,582.99,349.46,696.95
1/30/2017,372.29,316.87,26.94,582.99,349.46,696.95
1/31/2017,372.29,316.87,26.94,582.99,349.46,696.95
2/1/2017,372.29,316.87,26.94,582.99,349.46,696.95
2/2/2017,372.29,316.87,26.94,582.99,349.46,696.95
2/3/2017,372.29,316.87,26.94,582.99,349.46,696.95
2/6/2017,372.29,316.87,26.94,582.99,349.46,696.95
2/7/2017,372.29,316.87,26.94,582.99,349.46,696.95
2/8/2017,372.29,316.87,26.94,582.99,349.46,696.95
2/9/2017,372.29,316.87,26.94,582.99,349.46,696.95
2/10/2017,372.29,316.87,26.94,582.99,349.46,696.95
2/13/2017,372.29,316.87,26.94,582.99,349.46,696.95
2/14/2017,372.29,316.87,26.94,582.99,349.46,696.95
2/15/2017,372.29,316.87,26.94,582.99,349.46,696.95
2/16/2017,374.51,319.09,29.16,635.12,351.68,680.09
2/17/2017,374.51,319.09,29.16,635.12,351.68,680.09
2/21/2017,374.51,319.09,29.16,635.12,351.68,680.09
2/22/2017,374.51,319.09,29.16,635.12,351.68,680.09
2/23/2017,374.51,319.09,29.16,635.12,351.68,680.09
2/24/2017,374.51,319.09,29.16,635.12,351.68,680.09
2/27/2017,374.51,319.09,29.16,635.12,351.68,680.09
2/28/2017,374.51,319.09,29.16,635.12,351.68,680.09
3/1/2017,374.51,319.09,29.16,635.12,351.68,680.09
3/2/2017,374.51,319.09,29.16,635.12,351.68,680.09
3/3/2017,374.51,319.09,29.16,635.12,351.68,680.09
3/6/2017,374.51,319.09,29.16,635.12,351.68,680.09
3/7/2017,374.51,319.09,29.16,635.12,351.68,680.09
3/8/2017,374.51,319.09,29.16,635.12,351.68,680.09
3/9/2017,374.51,319.09,29.16,635.12,351.68,680.09
3/10/2017,374.51,319.09,29.16,635.12,351.68,680.09
3/13/2017,374.51,319.09,29.16,635.12,351.68,680.09
3/14/2017,374.51,319.09,29.16,635.12,351.68,680.09
3/15/2017,374.51,319.09,29.16,635.12,351.68,680.09
3/16/2017,374.51,319.09,29.16,635.12,351.68,680.09
3/17/2017,374.51,319.09,29.16,635.12,351.68,680.09
3/20/2017,331.68,276.26,-13.67,592.29,308.85,637.26
3/21/2017,331.68,276.26,-13.67,592.29,308.85,637.26
3/22/2017,254.78,199.36,-83.11,508.25,257.23,560.36
3/23/2017,254.78,199.36,-83.11,508.25,257.23,560.36
3/24/2017,254.78,199.36,-83.11,508.25,257.23,560.36
3/27/2017,254.78,199.36,-83.11,508.25,257.23,560.36
3/28/2017,254.78,199.36,-83.11,508.25,257.23,560.36
3/29/2017,254.78,199.36,-83.11,508.25,257.23,560.36
3/30/2017,254.78,199.36,-83.11,508.25,257.23,560.36
3/31/2017,254.78,199.36,-83.11,508.25,257.23,560.36
4/3/2017,254.78,199.36,-83.11,508.25,257.23,560.36
4/4/2017,254.78,199.36,-83.11,508.25,257.23,560.36
4/5/2017,254.78,199.36,-83.11,508.25,257.23,560.36
4/6/2017,254.78,199.36,-83.11,508.25,257.23,560.36
4/7/2017,254.78,199.36,-83.11,508.25,257.23,560.36
4/10/2017,254.78,199.36,-83.11,508.25,257.23,560.36
4/11/2017,254.78,199.36,-83.11,508.25,257.23,560.36
4/12/2017,254.78,199.36,-83.11,508.25,257.23,560.36
4/13/2017,254.78,199.36,-83.11,508.25,257.23,560.36
4/17/2017,254.78,199.36,-83.11,508.25,257.23,560.36
4/18/2017,254.78,199.36,-83.11,508.25,257.23,560.36
4/19/2017,254.78,199.36,-83.11,508.25,257.23,560.36
4/20/2017,254.78,199.36,-83.11,508.25,257.23,560.36
4/21/2017,280.02,224.6,-57.87,527.06,282.47,579.17
4/24/2017,280.02,224.6,-57.87,527.06,282.47,579.17
4/25/2017,280.02,224.6,-57.87,527.06,282.47,579.17
4/26/2017,280.02,224.6,-57.87,527.06,282.47,579.17
4/27/2017,280.02,224.6,-57.87,527.06,282.47,579.17
4/28/2017,280.02,224.6,-57.87,527.06,282.47,579.17
5/1/2017,280.02,224.6,-57.87,527.06,282.47,579.17
5/2/2017,280.02,224.6,-57.87,527.06,282.47,579.17
5/3/2017,280.02,224.6,-57.87,527.06,282.47,579.17
5/4/2017,280.02,224.6,-57.87,527.06,282.47,579.17
5/5/2017,280.02,224.6,-57.87,527.06,282.47,579.17
5/8/2017,280.02,224.6,-57.87,527.06,282.47,579.17
5/9/2017,280.02,224.6,-57.87,527.06,282.47,579.17
5/10/2017,280.02,224.6,-57.87,527.06,282.47,579.17
5/11/2017,280.02,224.6,-57.87,527.06,282.47,579.17
5/12/2017,280.02,224.6,-57.87,527.06,282.47,579.17
5/15/2017,280.02,224.6,-57.87,527.06,282.47,579.17
5/16/2017,280.02,224.6,-57.87,527.06,282.47,579.17
5/17/2017,280.02,224.6,-57.87,527.06,282.47,579.17
5/18/2017,280.02,224.6,-57.87,527.06,282.47,579.17
5/19/2017,280.02,224.6,-57.87,527.06,282.47,579.17
5/22/2017,293.76,238.34,-44.13,540.8,299.44,592.91
5/23/2017,293.76,238.34,-44.13,540.8,299.44,592.91
5/24/2017,293.76,238.34,-44.13,540.8,299.44,592.91
5/25/2017,293.76,238.34,-44.13,540.8,299.44,592.91
5/26/2017,293.76,238.34,-44.13,540.8,299.44,592.91
5/30/2017,293.76,238.34,-44.13,540.8,299.44,592.91
5/31/2017,293.76,238.34,-44.13,540.8,299.44,592.91
6/1/2017,293.76,238.34,-44.13,540.8,299.44,592.91
6/2/2017,293.76,238.34,-44.13,540.8,299.44,592.91
6/5/2017,293.76,238.34,-44.13,540.8,299.44,592.91
6/6/2017,293.76,238.34,-44.13,540.8,299.44,592.91
6/7/2017,293.76,238.34,-44.13,540.8,299.44,592.91
6/8/2017,293.76,238.34,-44.13,540.8,299.44,592.91
6/9/2017,367.13,311.71,19.21,614.17,372.81,666.28
6/12/2017,367.13,311.71,19.21,614.17,372.81,666.28
6/13/2017,390.61,329.32,42.69,637.65,396.29,689.76
6/14/2017,390.61,329.32,42.69,637.65,396.29,689.76
6/15/2017,390.61,329.32,42.69,637.65,396.29,689.76
6/16/2017,390.61,329.32,42.69,637.65,396.29,689.76
6/19/2017,390.61,329.32,42.69,637.65,396.29,689.76
6/20/2017,390.61,329.32,42.69,637.65,396.29,689.76
6/21/2017,390.61,329.32,42.69,637.65,396.29,689.76
6/22/2017,390.61,329.32,42.69,637.65,396.29,689.76
6/23/2017,390.61,329.32,42.69,637.65,396.29,689.76
6/26/2017,390.61,329.32,42.69,637.65,396.29,689.76
6/27/2017,390.61,329.32,42.69,637.65,396.29,689.76
6/28/2017,390.61,329.32,42.69,637.65,396.29,689.76
6/29/2017,390.61,329.32,42.69,637.65,396.29,689.76
6/30/2017,390.61,329.32,42.69,637.65,396.29,689.76
7/3/2017,390.61,329.32,42.69,637.65,396.29,689.76
7/5/2017,390.61,329.32,42.69,637.65,396.29,689.76
7/6/2017,390.61,329.32,42.69,637.65,396.29,689.76
7/7/2017,390.61,329.32,42.69,637.65,396.29,689.76
7/10/2017,390.61,329.32,42.69,637.65,396.29,689.76
7/11/2017,390.61,329.32,42.69,637.65,396.29,689.76
7/12/2017,390.61,329.32,42.69,637.65,396.29,689.76
7/13/2017,484.54,423.25,38.03,729.42,490.22,850.12
7/14/2017,484.54,423.25,38.03,729.42,490.22,850.12
7/17/2017,484.54,423.25,38.03,729.42,490.22,850.12
7/18/2017,484.54,423.25,38.03,729.42,490.22,850.12
7/19/2017,484.54,423.25,38.03,729.42,490.22,850.12
7/20/2017,484.54,423.25,38.03,729.42,490.22,850.12
7/21/2017,484.54,423.25,38.03,729.42,490.22,850.12
7/24/2017,484.54,423.25,38.03,729.42,490.22,850.12
7/25/2017,484.54,423.25,38.03,729.42,490.22,850.12
7/26/2017,484.54,423.25,38.03,729.42,490.22,850.12
7/27/2017,484.54,423.25,38.03,729.42,490.22,850.12
7/28/2017,484.54,423.25,38.03,729.42,490.22,850.12
7/31/2017,484.54,423.25,38.03,729.42,490.22,850.12
8/1/2017,484.54,423.25,38.03,729.42,490.22,850.12
8/2/2017,484.54,423.25,38.03,729.42,490.22,850.12
8/3/2017,484.54,423.25,38.03,729.42,490.22,850.12
8/4/2017,484.54,423.25,38.03,729.42,490.22,850.12
8/7/2017,484.54,423.25,38.03,729.42,490.22,850.12
8/8/2017,484.54,423.25,38.03,729.42,490.22,850.12
8/9/2017,484.54,423.25,38.03,729.42,490.22,850.12
8/10/2017,484.54,423.25,38.03,729.42,490.22,850.12
8/11/2017,441.83,380.54,6.92,686.71,447.51,807.41
8/14/2017,441.83,380.54,6.92,686.71,447.51,807.41
8/15/2017,441.83,380.54,6.92,686.71,447.51,807.41
8/16/2017,441.83,380.54,6.92,686.71,447.51,807.41
8/17/2017,441.83,380.54,6.92,686.71,447.51,807.41
8/18/2017,441.83,380.54,6.92,686.71,447.51,807.41
8/21/2017,441.83,380.54,6.92,686.71,447.51,807.41
8/22/2017,441.83,380.54,6.92,686.71,447.51,807.41
8/23/2017,441.83,380.54,6.92,686.71,447.51,807.41
8/24/2017,441.83,380.54,6.92,686.71,447.51,807.41
8/25/2017,441.83,380.54,6.92,686.71,447.51,807.41
8/28/2017,441.83,380.54,6.92,686.71,447.51,807.41
8/29/2017,441.83,380.54,6.92,686.71,447.51,807.41
8/30/2017,441.83,380.54,6.92,686.71,447.51,807.41
8/31/2017,441.83,380.54,6.92,686.71,447.51,807.41
9/1/2017,441.83,380.54,6.92,686.71,447.51,807.41
9/5/2017,441.83,380.54,6.92,686.71,447.51,807.41
9/6/2017,441.83,380.54,6.92,686.71,447.51,807.41
9/7/2017,441.83,380.54,6.92,686.71,447.51,807.41
9/8/2017,441.83,380.54,6.92,686.71,447.51,807.41
9/11/2017,441.83,380.54,6.92,686.71,447.51,807.41
9/12/2017,429.07,367.78,58.08,754.09,396.81,756.71
9/13/2017,429.07,367.78,58.08,754.09,396.81,756.71
9/14/2017,429.07,367.78,58.08,754.09,396.81,756.71
9/15/2017,429.07,367.78,58.08,754.09,396.81,756.71
9/18/2017,429.07,367.78,58.08,754.09,396.81,756.71
9/19/2017,429.07,367.78,58.08,754.09,396.81,756.71
9/20/2017,429.07,367.78,58.08,754.09,396.81,756.71
9/21/2017,429.07,367.78,58.08,754.09,396.81,756.71
9/22/2017,429.07,367.78,58.08,754.09,396.81,756.71
9/25/2017,429.07,367.78,58.08,754.09,396.81,756.71
9/26/2017,429.07,367.78,58.08,754.09,396.81,756.71
9/27/2017,429.07,367.78,58.08,754.09,396.81,756.71
9/28/2017,429.07,367.78,58.08,754.09,396.81,756.71
9/29/2017,429.07,367.78,58.08,754.09,396.81,756.71
10/2/2017,429.07,367.78,58.08,754.09,396.81,756.71
10/3/2017,429.07,367.78,58.08,754.09,396.81,756.71
10/4/2017,429.07,367.78,58.08,754.09,396.81,756.71
10/5/2017,429.07,367.78,58.08,754.09,396.81,756.71
10/6/2017,429.07,367.78,58.08,754.09,396.81,756.71
10/9/2017,429.07,367.78,58.08,754.09,396.81,756.71
10/10/2017,429.07,367.78,58.08,754.09,396.81,756.71
10/11/2017,438.72,377.43,21.53,632.19,439.33,844.91
10/12/2017,438.72,377.43,21.53,632.19,439.33,844.91
10/13/2017,438.72,377.43,21.53,632.19,439.33,844.91
10/16/2017,438.72,377.43,21.53,632.19,439.33,844.91
10/17/2017,438.72,377.43,21.53,632.19,439.33,844.91
10/18/2017,438.72,377.43,21.53,632.19,439.33,844.91
10/19/2017,438.72,377.43,21.53,632.19,439.33,844.91
10/20/2017,438.72,377.43,21.53,632.19,439.33,844.91
10/23/2017,438.72,377.43,21.53,632.19,439.33,844.91
10/24/2017,438.72,377.43,21.53,632.19,439.33,844.91
10/25/2017,438.72,377.43,21.53,632.19,439.33,844.91
10/26/2017,438.72,377.43,21.53,632.19,439.33,844.91
10/27/2017,438.72,377.43,21.53,632.19,439.33,844.91
10/30/2017,504.62,443.33,110.95,698.09,485.17,915.01
10/31/2017,504.62,443.33,110.95,698.09,485.17,915.01
11/1/2017,504.62,443.33,110.95,698.09,485.17,915.01
11/2/2017,504.62,443.33,110.95,698.09,485.17,915.01
11/3/2017,504.62,443.33,110.95,698.09,485.17,915.01
11/6/2017,504.62,443.33,110.95,698.09,485.17,915.01
11/7/2017,504.62,443.33,110.95,698.09,485.17,915.01
11/8/2017,504.62,443.33,110.95,698.09,485.17,915.01
11/9/2017,504.62,443.33,110.95,698.09,485.17,915.01
11/10/2017,504.62,443.33,110.95,698.09,485.17,915.01
11/13/2017,504.62,443.33,110.95,698.09,485.17,915.01
11/14/2017,504.62,443.33,110.95,698.09,485.17,915.01
11/15/2017,504.62,443.33,110.95,698.09,485.17,915.01
11/16/2017,504.62,443.33,110.95,698.09,485.17,915.01
11/17/2017,504.62,443.33,110.95,698.09,485.17,915.01
11/20/2017,504.62,443.33,110.95,698.09,485.17,915.01
11/21/2017,504.62,443.33,110.95,698.09,485.17,915.01
11/22/2017,504.62,443.33,110.95,698.09,485.17,915.01
11/24/2017,504.62,443.33,110.95,698.09,485.17,915.01
11/27/2017,504.62,443.33,110.95,698.09,485.17,915.01
11/28/2017,504.62,443.33,110.95,698.09,485.17,915.01
11/29/2017,473.35,412.06,79.68,659.18,452.11,900.18
11/30/2017,473.35,412.06,79.68,659.18,452.11,900.18
12/1/2017,473.35,412.06,79.68,659.18,452.11,900.18
12/4/2017,473.35,412.06,79.68,659.18,452.11,900.18
12/5/2017,429.53,368.24,35.86,615.36,393.49,856.36
12/6/2017,429.53,368.24,35.86,615.36,393.49,856.36
12/7/2017,429.53,368.24,35.86,615.36,393.49,856.36
12/8/2017,429.53,368.24,35.86,615.36,393.49,856.36
12/11/2017,429.53,368.24,35.86,615.36,393.49,856.36
12/12/2017,429.53,368.24,35.86,615.36,393.49,856.36
12/13/2017,429.53,368.24,35.86,615.36,393.49,856.36
12/14/2017,429.53,368.24,35.86,615.36,393.49,856.36
12/15/2017,429.53,368.24,35.86,615.36,393.49,856.36
12/18/2017,429.53,368.24,35.86,615.36,393.49,856.36
12/19/2017,429.53,368.24,35.86,615.36,393.49,856.36
12/20/2017,429.53,368.24,35.86,615.36,393.49,856.36
12/21/2017,429.53,368.24,35.86,615.36,393.49,856.36
12/22/2017,429.53,368.24,35.86,615.36,393.49,856.36
12/26/2017,429.53,368.24,35.86,615.36,393.49,856.36
12/27/2017,429.53,368.24,35.86,615.36,393.49,856.36
12/28/2017,429.53,368.24,35.86,615.36,393.49,856.36
12/29/2017,429.53,368.24,35.86,615.36,393.49,856.36
1/2/2018,429.53,368.24,35.86,615.36,393.49,856.36
1/3/2018,429.53,368.24,35.86,615.36,393.49,856.36
1/4/2018,429.53,368.24,35.86,615.36,393.49,856.36
1/5/2018,554.98,493.69,192.63,740.81,394.26,837.69
1/8/2018,554.98,493.69,192.63,740.81,394.26,837.69
1/9/2018,554.98,493.69,192.63,740.81,394.26,837.69
1/10/2018,554.98,493.69,192.63,740.81,394.26,837.69
1/11/2018,554.98,493.69,192.63,740.81,394.26,837.69
1/12/2018,554.98,493.69,192.63,740.81,394.26,837.69
1/16/2018,554.98,493.69,192.63,740.81,394.26,837.69
1/17/2018,554.98,493.69,192.63,740.81,394.26,837.69
1/18/2018,554.98,493.69,192.63,740.81,394.26,837.69
1/19/2018,554.98,493.69,192.63,740.81,394.26,837.69
1/22/2018,554.98,493.69,192.63,740.81,394.26,837.69
1/23/2018,554.98,493.69,192.63,740.81,394.26,837.69
1/24/2018,554.98,493.69,192.63,740.81,394.26,837.69
1/25/2018,554.98,493.69,192.63,740.81,394.26,837.69
1/26/2018,554.98,493.69,192.63,740.81,394.26,837.69
1/29/2018,554.98,493.69,192.63,740.81,394.26,837.69
1/30/2018,554.98,493.69,192.63,740.81,394.26,837.69
1/31/2018,554.98,493.69,192.63,740.81,394.26,837.69
2/1/2018,554.98,493.69,192.63,740.81,394.26,837.69
2/2/2018,605.32,544.03,182.73,829.53,444.6,888.03
2/5/2018,605.32,544.03,182.73,829.53,444.6,888.03
2/6/2018,605.32,544.03,182.73,829.53,444.6,888.03
2/7/2018,605.32,544.03,182.73,829.53,444.6,888.03
2/8/2018,564.95,518.02,142.36,789.16,404.23,847.66
2/9/2018,564.95,518.02,142.36,789.16,404.23,847.66
