Date,scored_v1,scored_v2,wealth_6m,wealth_8m,wealth_10m,wealth_12m
2/13/2014,6.88,6.88,6.88,6.88,2.89,7.48
2/14/2014,6.88,6.88,6.88,6.88,2.89,7.48
2/18/2014,6.88,6.88,6.88,6.88,2.89,7.48
2/19/2014,6.88,6.88,6.88,6.88,2.89,7.48
2/20/2014,6.88,6.88,6.88,6.88,2.89,7.48
2/21/2014,6.88,6.88,6.88,6.88,2.89,7.48
2/24/2014,6.88,6.88,6.88,6.88,2.89,7.48
2/25/2014,6.88,6.88,6.88,6.88,2.89,7.48
2/26/2014,6.88,6.88,6.88,6.88,2.89,7.48
2/27/2014,6.88,6.88,6.88,6.88,2.89,7.48
2/28/2014,6.88,6.88,6.88,6.88,2.89,7.48
3/3/2014,6.88,6.88,6.88,6.88,2.89,7.48
3/4/2014,6.88,6.88,6.88,6.88,2.89,7.48
3/5/2014,6.88,6.88,6.88,6.88,2.89,7.48
3/6/2014,6.88,6.88,6.88,6.88,2.89,7.48
3/7/2014,6.88,6.88,6.88,6.88,2.89,7.48
3/10/2014,6.88,6.88,6.88,6.88,2.89,7.48
3/11/2014,6.88,6.88,6.88,6.88,2.89,7.48
3/12/2014,6.88,6.88,6.88,6.88,2.89,7.48
3/13/2014,6.88,6.88,6.88,6.88,2.89,7.48
3/14/2014,-26.75,-26.75,-51.89,-17.71,-27.48,-26.15
3/17/2014,-56.92,-56.92,-112.75,1.09,-14.67,-54.68
3/18/2014,-56.92,-56.92,-112.75,1.09,-14.67,-54.68
3/19/2014,-56.92,-56.92,-112.75,1.09,-14.67,-54.68
3/20/2014,-56.92,-56.92,-112.75,1.09,-14.67,-54.68
3/21/2014,-56.92,-56.92,-112.75,1.09,-14.67,-54.68
3/24/2014,-56.92,-56.92,-112.75,1.09,-14.67,-54.68
3/25/2014,-56.92,-56.92,-112.75,1.09,-14.67,-54.68
3/26/2014,-56.92,-56.92,-112.75,1.09,-14.67,-54.68
3/27/2014,-56.92,-56.92,-112.75,1.09,-14.67,-54.68
3/28/2014,-56.92,-56.92,-112.75,1.09,-14.67,-54.68
3/31/2014,-56.92,-56.92,-112.75,1.09,-14.67,-54.68
4/1/2014,-56.92,-56.92,-112.75,1.09,-14.67,-54.68
4/2/2014,-56.92,-56.92,-112.75,1.09,-14.67,-54.68
4/3/2014,-56.92,-56.92,-112.75,1.09,-14.67,-54.68
4/4/2014,-56.92,-56.92,-112.75,1.09,-14.67,-54.68
4/7/2014,-56.92,-56.92,-112.75,1.09,-14.67,-54.68
4/8/2014,-56.92,-56.92,-112.75,1.09,-14.67,-54.68
4/9/2014,-56.92,-56.92,-112.75,1.09,-14.67,-54.68
4/10/2014,-56.92,-56.92,-112.75,1.09,-14.67,-54.68
4/11/2014,-56.92,-56.92,-112.75,1.09,-14.67,-54.68
4/14/2014,-200.61,-200.61,-199.26,-142.6,-158.36,-230.41
4/15/2014,-220.69,-220.69,-153.16,-211.65,-164.6,-205.68
4/16/2014,-220.69,-220.69,-153.16,-211.65,-164.6,-205.68
4/17/2014,-220.69,-220.69,-153.16,-211.65,-164.6,-205.68
4/21/2014,-220.69,-220.69,-153.16,-211.65,-164.6,-205.68
4/22/2014,-220.69,-220.69,-153.16,-211.65,-164.6,-205.68
4/23/2014,-220.69,-220.69,-153.16,-211.65,-164.6,-205.68
4/24/2014,-220.69,-220.69,-153.16,-211.65,-164.6,-205.68
4/25/2014,-220.69,-220.69,-153.16,-211.65,-164.6,-205.68
4/28/2014,-220.69,-220.69,-153.16,-211.65,-164.6,-205.68
4/29/2014,-220.69,-220.69,-153.16,-211.65,-164.6,-205.68
4/30/2014,-220.69,-220.69,-153.16,-211.65,-164.6,-205.68
5/1/2014,-220.69,-220.69,-153.16,-211.65,-164.6,-205.68
5/2/2014,-220.69,-220.69,-153.16,-211.65,-164.6,-205.68
5/5/2014,-220.69,-220.69,-153.16,-211.65,-164.6,-205.68
5/6/2014,-220.69,-220.69,-153.16,-211.65,-164.6,-205.68
5/7/2014,-220.69,-220.69,-153.16,-211.65,-164.6,-205.68
5/8/2014,-220.69,-220.69,-153.16,-211.65,-164.6,-205.68
5/9/2014,-220.69,-220.69,-153.16,-211.65,-164.6,-205.68
5/12/2014,-220.69,-220.69,-153.16,-211.65,-164.6,-205.68
5/13/2014,-220.69,-220.69,-153.16,-211.65,-164.6,-205.68
5/14/2014,-163.57,-163.57,-134.17,-184.81,-107.48,-116.62
5/15/2014,-126.86,-126.86,-117.71,-157.59,-134.97,-96.62
5/16/2014,-126.86,-126.86,-117.71,-157.59,-134.97,-96.62
5/19/2014,-126.86,-126.86,-117.71,-157.59,-134.97,-96.62
5/20/2014,-126.86,-126.86,-117.71,-157.59,-134.97,-96.62
5/21/2014,-126.86,-126.86,-117.71,-157.59,-134.97,-96.62
5/22/2014,-126.86,-126.86,-117.71,-157.59,-134.97,-96.62
5/23/2014,-126.86,-126.86,-117.71,-157.59,-134.97,-96.62
5/27/2014,-126.86,-126.86,-117.71,-157.59,-134.97,-96.62
5/28/2014,-126.86,-126.86,-117.71,-157.59,-134.97,-96.62
5/29/2014,-126.86,-126.86,-117.71,-157.59,-134.97,-96.62
5/30/2014,-126.86,-126.86,-117.71,-157.59,-134.97,-96.62
6/2/2014,-126.86,-126.86,-117.71,-157.59,-134.97,-96.62
6/3/2014,-126.86,-126.86,-117.71,-157.59,-134.97,-96.62
6/4/2014,-126.86,-126.86,-117.71,-157.59,-134.97,-96.62
6/5/2014,-126.86,-126.86,-117.71,-157.59,-134.97,-96.62
6/6/2014,-126.86,-126.86,-117.71,-157.59,-134.97,-96.62
6/9/2014,-126.86,-126.86,-117.71,-157.59,-134.97,-96.62
6/10/2014,-126.86,-126.86,-117.71,-157.59,-134.97,-96.62
6/11/2014,-126.86,-126.86,-117.71,-157.59,-134.97,-96.62
6/12/2014,-126.86,-126.86,-117.71,-157.59,-134.97,-96.62
6/13/2014,-140.97,-140.97,-116.26,-190.96,-149.08,-72.27
6/16/2014,-150.25,-150.25,-140.42,-152.01,-141.21,-117.44
6/17/2014,-150.25,-150.25,-140.42,-152.01,-141.21,-117.44
6/18/2014,-150.25,-150.25,-140.42,-152.01,-141.21,-117.44
6/19/2014,-150.25,-150.25,-140.42,-152.01,-141.21,-117.44
6/20/2014,-150.25,-150.25,-140.42,-152.01,-141.21,-117.44
6/23/2014,-150.25,-150.25,-140.42,-152.01,-141.21,-117.44
6/24/2014,-150.25,-150.25,-140.42,-152.01,-141.21,-117.44
6/25/2014,-150.25,-150.25,-140.42,-152.01,-141.21,-117.44
6/26/2014,-150.25,-150.25,-140.42,-152.01,-141.21,-117.44
6/27/2014,-150.25,-150.25,-140.42,-152.01,-141.21,-117.44
6/30/2014,-150.25,-150.25,-140.42,-152.01,-141.21,-117.44
7/1/2014,-150.25,-150.25,-140.42,-152.01,-141.21,-117.44
7/2/2014,-150.25,-150.25,-140.42,-152.01,-141.21,-117.44
7/3/2014,-150.25,-150.25,-140.42,-152.01,-141.21,-117.44
7/7/2014,-150.25,-150.25,-140.42,-152.01,-141.21,-117.44
7/8/2014,-150.25,-150.25,-140.42,-152.01,-141.21,-117.44
7/9/2014,-150.25,-150.25,-140.42,-152.01,-141.21,-117.44
7/10/2014,-150.25,-150.25,-140.42,-152.01,-141.21,-117.44
7/11/2014,-150.25,-150.25,-140.42,-152.01,-141.21,-117.44
7/14/2014,-150.25,-150.25,-140.42,-152.01,-141.21,-117.44
7/15/2014,-192.69,-192.69,-187.2,-174.99,-183.65,-128.18
7/16/2014,-171.41,-171.41,-137.11,-163.28,-196.37,-125.8
7/17/2014,-171.41,-171.41,-137.11,-163.28,-196.37,-125.8
7/18/2014,-171.41,-171.41,-137.11,-163.28,-196.37,-125.8
7/21/2014,-171.41,-171.41,-137.11,-163.28,-196.37,-125.8
7/22/2014,-171.41,-171.41,-137.11,-163.28,-196.37,-125.8
7/23/2014,-171.41,-171.41,-137.11,-163.28,-196.37,-125.8
7/24/2014,-171.41,-171.41,-137.11,-163.28,-196.37,-125.8
7/25/2014,-171.41,-171.41,-137.11,-163.28,-196.37,-125.8
7/28/2014,-171.41,-171.41,-137.11,-163.28,-196.37,-125.8
7/29/2014,-171.41,-171.41,-137.11,-163.28,-196.37,-125.8
7/30/2014,-171.41,-171.41,-137.11,-163.28,-196.37,-125.8
7/31/2014,-171.41,-171.41,-137.11,-163.28,-196.37,-125.8
8/1/2014,-171.41,-171.41,-137.11,-163.28,-196.37,-125.8
8/4/2014,-171.41,-171.41,-137.11,-163.28,-196.37,-125.8
8/5/2014,-171.41,-171.41,-137.11,-163.28,-196.37,-125.8
8/6/2014,-171.41,-171.41,-137.11,-163.28,-196.37,-125.8
8/7/2014,-171.41,-171.41,-137.11,-163.28,-196.37,-125.8
8/8/2014,-171.41,-171.41,-137.11,-163.28,-196.37,-125.8
8/11/2014,-171.41,-171.41,-137.11,-163.28,-196.37,-125.8
8/12/2014,-171.41,-171.41,-137.11,-163.28,-196.37,-125.8
8/13/2014,-181.78,-181.78,-168.85,-149.96,-199.05,-105.34
8/14/2014,-185.95,-185.95,-246.63,-171.49,-169.22,-84.4
8/15/2014,-185.95,-185.95,-246.63,-171.49,-169.22,-84.4
8/18/2014,-185.95,-185.95,-246.63,-171.49,-169.22,-84.4
8/19/2014,-185.95,-185.95,-246.63,-171.49,-169.22,-84.4
8/20/2014,-185.95,-185.95,-246.63,-171.49,-169.22,-84.4
8/21/2014,-185.95,-185.95,-246.63,-171.49,-169.22,-84.4
8/22/2014,-185.95,-185.95,-246.63,-171.49,-169.22,-84.4
8/25/2014,-185.95,-185.95,-246.63,-171.49,-169.22,-84.4
8/26/2014,-185.95,-185.95,-246.63,-171.49,-169.22,-84.4
8/27/2014,-185.95,-185.95,-246.63,-171.49,-169.22,-84.4
8/28/2014,-185.95,-185.95,-246.63,-171.49,-169.22,-84.4
8/29/2014,-185.95,-185.95,-246.63,-171.49,-169.22,-84.4
9/2/2014,-185.95,-185.95,-246.63,-171.49,-169.22,-84.4
9/3/2014,-185.95,-185.95,-246.63,-171.49,-169.22,-84.4
9/4/2014,-185.95,-185.95,-246.63,-171.49,-169.22,-84.4
9/5/2014,-185.95,-185.95,-246.63,-171.49,-169.22,-84.4
9/8/2014,-185.95,-185.95,-246.63,-171.49,-169.22,-84.4
9/9/2014,-185.95,-185.95,-246.63,-171.49,-169.22,-84.4
9/10/2014,-185.95,-185.95,-246.63,-171.49,-169.22,-84.4
9/11/2014,-185.95,-185.95,-246.63,-171.49,-169.22,-84.4
9/12/2014,-195.03,-195.03,-311.37,-157.82,-178.3,-96.18
9/15/2014,-171.95,-171.95,-243.85,-193.35,-166.84,-89.3
9/16/2014,-171.95,-171.95,-243.85,-193.35,-166.84,-89.3
9/17/2014,-171.95,-171.95,-243.85,-193.35,-166.84,-89.3
9/18/2014,-171.95,-171.95,-243.85,-193.35,-166.84,-89.3
9/19/2014,-171.95,-171.95,-243.85,-193.35,-166.84,-89.3
9/22/2014,-171.95,-171.95,-243.85,-193.35,-166.84,-89.3
9/23/2014,-171.95,-171.95,-243.85,-193.35,-166.84,-89.3
9/24/2014,-171.95,-171.95,-243.85,-193.35,-166.84,-89.3
9/25/2014,-171.95,-171.95,-243.85,-193.35,-166.84,-89.3
9/26/2014,-171.95,-171.95,-243.85,-193.35,-166.84,-89.3
9/29/2014,-171.95,-171.95,-243.85,-193.35,-166.84,-89.3
9/30/2014,-171.95,-171.95,-243.85,-193.35,-166.84,-89.3
10/1/2014,-171.95,-171.95,-243.85,-193.35,-166.84,-89.3
10/2/2014,-171.95,-171.95,-243.85,-193.35,-166.84,-89.3
10/3/2014,-171.95,-171.95,-243.85,-193.35,-166.84,-89.3
10/6/2014,-171.95,-171.95,-243.85,-193.35,-166.84,-89.3
10/7/2014,-171.95,-171.95,-243.85,-193.35,-166.84,-89.3
10/8/2014,-171.95,-171.95,-243.85,-193.35,-166.84,-89.3
10/9/2014,-171.95,-171.95,-243.85,-193.35,-166.84,-89.3
10/10/2014,-171.95,-171.95,-243.85,-193.35,-166.84,-89.3
10/13/2014,-197.57,-197.57,-334.52,-62.59,-192.46,-53.7
10/14/2014,-208.23,-208.23,-356.43,-58.07,-223.12,-48.82
10/15/2014,-208.23,-208.23,-356.43,-58.07,-223.12,-48.82
10/16/2014,-208.23,-208.23,-356.43,-58.07,-223.12,-48.82
10/17/2014,-208.23,-208.23,-356.43,-58.07,-223.12,-48.82
10/20/2014,-208.23,-208.23,-356.43,-58.07,-223.12,-48.82
10/21/2014,-208.23,-208.23,-356.43,-58.07,-223.12,-48.82
10/22/2014,-208.23,-208.23,-356.43,-58.07,-223.12,-48.82
10/23/2014,-208.23,-208.23,-356.43,-58.07,-223.12,-48.82
10/24/2014,-208.23,-208.23,-356.43,-58.07,-223.12,-48.82
10/27/2014,-208.23,-208.23,-356.43,-58.07,-223.12,-48.82
10/28/2014,-208.23,-208.23,-356.43,-58.07,-223.12,-48.82
10/29/2014,-208.23,-208.23,-356.43,-58.07,-223.12,-48.82
10/30/2014,-208.23,-208.23,-356.43,-58.07,-223.12,-48.82
10/31/2014,-208.23,-208.23,-356.43,-58.07,-223.12,-48.82
11/3/2014,-208.23,-208.23,-356.43,-58.07,-223.12,-48.82
11/4/2014,-208.23,-208.23,-356.43,-58.07,-223.12,-48.82
11/5/2014,-208.23,-208.23,-356.43,-58.07,-223.12,-48.82
11/6/2014,-208.23,-208.23,-356.43,-58.07,-223.12,-48.82
11/7/2014,-208.23,-208.23,-356.43,-58.07,-223.12,-48.82
11/10/2014,-208.23,-208.23,-356.43,-58.07,-223.12,-48.82
11/11/2014,-189.03,-189.03,-397.99,-102.12,-238.73,-29.62
11/12/2014,-199.32,-199.32,-379.45,-80.79,-210.14,-39.91
11/13/2014,-199.32,-199.32,-379.45,-80.79,-210.14,-39.91
11/14/2014,-199.32,-199.32,-379.45,-80.79,-210.14,-39.91
11/17/2014,-199.32,-199.32,-379.45,-80.79,-210.14,-39.91
11/18/2014,-199.32,-199.32,-379.45,-80.79,-210.14,-39.91
11/19/2014,-199.32,-199.32,-379.45,-80.79,-210.14,-39.91
11/20/2014,-199.32,-199.32,-379.45,-80.79,-210.14,-39.91
11/21/2014,-199.32,-199.32,-379.45,-80.79,-210.14,-39.91
11/24/2014,-199.32,-199.32,-379.45,-80.79,-210.14,-39.91
11/25/2014,-199.32,-199.32,-379.45,-80.79,-210.14,-39.91
11/26/2014,-199.32,-199.32,-379.45,-80.79,-210.14,-39.91
11/28/2014,-105.67,-105.67,-245.09,30.42,-116.49,53.74
12/1/2014,-114.33,-114.33,-271.33,21.76,-132.41,85.84
12/2/2014,-114.33,-114.33,-271.33,21.76,-132.41,85.84
12/3/2014,-114.33,-114.33,-271.33,21.76,-132.41,85.84
12/4/2014,-114.33,-114.33,-271.33,21.76,-132.41,85.84
12/5/2014,-114.33,-114.33,-271.33,21.76,-132.41,85.84
12/8/2014,-114.33,-114.33,-271.33,21.76,-132.41,85.84
12/9/2014,-114.33,-114.33,-271.33,21.76,-132.41,85.84
12/10/2014,-114.33,-114.33,-271.33,21.76,-132.41,85.84
12/11/2014,-114.33,-114.33,-271.33,21.76,-132.41,85.84
12/12/2014,-114.33,-114.33,-271.33,21.76,-132.41,85.84
12/15/2014,-114.33,-114.33,-271.33,21.76,-132.41,85.84
12/16/2014,-114.33,-114.33,-271.33,21.76,-132.41,85.84
12/17/2014,-114.33,-114.33,-271.33,21.76,-132.41,85.84
12/18/2014,-114.33,-114.33,-271.33,21.76,-132.41,85.84
12/19/2014,-114.33,-114.33,-271.33,21.76,-132.41,85.84
12/22/2014,-114.33,-114.33,-271.33,21.76,-132.41,85.84
12/23/2014,-114.33,-114.33,-271.33,21.76,-132.41,85.84
12/24/2014,-114.33,-114.33,-271.33,21.76,-132.41,85.84
12/26/2014,-114.33,-114.33,-271.33,21.76,-132.41,85.84
12/29/2014,-114.33,-114.33,-271.33,21.76,-132.41,85.84
12/30/2014,-141.23,-141.23,-298.23,-5.14,-159.31,101.84
12/31/2014,-112.95,-112.95,-269.95,23.74,-140.01,80.38
1/2/2015,-112.95,-112.95,-269.95,23.74,-140.01,80.38
1/5/2015,-112.95,-112.95,-269.95,23.74,-140.01,80.38
1/6/2015,-112.95,-112.95,-269.95,23.74,-140.01,80.38
1/7/2015,-112.95,-112.95,-269.95,23.74,-140.01,80.38
1/8/2015,-112.95,-112.95,-269.95,23.74,-140.01,80.38
1/9/2015,-112.95,-112.95,-269.95,23.74,-140.01,80.38
1/12/2015,-112.95,-112.95,-269.95,23.74,-140.01,80.38
1/13/2015,-112.95,-112.95,-269.95,23.74,-140.01,80.38
1/14/2015,-112.95,-112.95,-269.95,23.74,-140.01,80.38
1/15/2015,-112.95,-112.95,-269.95,23.74,-140.01,80.38
1/16/2015,-112.95,-112.95,-269.95,23.74,-140.01,80.38
1/20/2015,-112.95,-112.95,-269.95,23.74,-140.01,80.38
1/21/2015,-112.95,-112.95,-269.95,23.74,-140.01,80.38
1/22/2015,-112.95,-112.95,-269.95,23.74,-140.01,80.38
1/23/2015,-112.95,-112.95,-269.95,23.74,-140.01,80.38
1/26/2015,-112.95,-112.95,-269.95,23.74,-140.01,80.38
1/27/2015,-112.95,-112.95,-269.95,23.74,-140.01,80.38
1/28/2015,-112.95,-112.95,-269.95,23.74,-140.01,80.38
1/29/2015,-112.95,-112.95,-269.95,23.74,-140.01,80.38
1/30/2015,-41.54,-41.54,-170.51,95.15,-95.83,146.13
2/2/2015,-96.12,-96.12,-225.33,81.76,-141.43,107
2/3/2015,-96.12,-96.12,-225.33,81.76,-141.43,107
2/4/2015,-96.12,-96.12,-225.33,81.76,-141.43,107
2/5/2015,-96.12,-96.12,-225.33,81.76,-141.43,107
2/6/2015,-223.98,-223.98,-335.35,-16.36,-269.29,8.88
2/9/2015,-151.4,-151.4,-288.9,14.43,-196.71,36.5
2/10/2015,-151.4,-151.4,-288.9,14.43,-196.71,36.5
2/11/2015,-151.4,-151.4,-288.9,14.43,-196.71,36.5
2/12/2015,-151.4,-151.4,-288.9,14.43,-196.71,36.5
2/13/2015,-151.4,-151.4,-288.9,14.43,-196.71,36.5
2/17/2015,-151.4,-151.4,-288.9,14.43,-196.71,36.5
2/18/2015,-151.4,-151.4,-288.9,14.43,-196.71,36.5
2/19/2015,-151.4,-151.4,-288.9,14.43,-196.71,36.5
2/20/2015,-151.4,-151.4,-288.9,14.43,-196.71,36.5
2/23/2015,-151.4,-151.4,-288.9,14.43,-196.71,36.5
2/24/2015,-151.4,-151.4,-288.9,14.43,-196.71,36.5
2/25/2015,-151.4,-151.4,-288.9,14.43,-196.71,36.5
2/26/2015,-151.4,-151.4,-288.9,14.43,-196.71,36.5
2/27/2015,-151.4,-151.4,-288.9,14.43,-196.71,36.5
3/2/2015,-151.4,-151.4,-288.9,14.43,-196.71,36.5
3/3/2015,-151.4,-151.4,-288.9,14.43,-196.71,36.5
3/4/2015,-151.4,-151.4,-288.9,14.43,-196.71,36.5
3/5/2015,-151.4,-151.4,-288.9,14.43,-196.71,36.5
3/6/2015,-151.4,-151.4,-288.9,14.43,-196.71,36.5
3/9/2015,-151.4,-151.4,-288.9,14.43,-196.71,36.5
3/10/2015,-134.58,-134.58,-289.8,31.25,-98.51,53.32
3/11/2015,-197.82,-197.82,-326.67,-31.99,-172.47,3.57
3/12/2015,-197.82,-197.82,-326.67,-31.99,-172.47,3.57
3/13/2015,-197.82,-197.82,-326.67,-31.99,-172.47,3.57
3/16/2015,-197.82,-197.82,-326.67,-31.99,-172.47,3.57
3/17/2015,-197.82,-197.82,-326.67,-31.99,-172.47,3.57
3/18/2015,-197.82,-197.82,-326.67,-31.99,-172.47,3.57
3/19/2015,-197.82,-197.82,-326.67,-31.99,-172.47,3.57
3/20/2015,-197.82,-197.82,-326.67,-31.99,-172.47,3.57
3/23/2015,-197.82,-197.82,-326.67,-31.99,-172.47,3.57
3/24/2015,-197.82,-197.82,-326.67,-31.99,-172.47,3.57
3/25/2015,-197.82,-197.82,-326.67,-31.99,-172.47,3.57
3/26/2015,-197.82,-197.82,-326.67,-31.99,-172.47,3.57
3/27/2015,-197.82,-197.82,-326.67,-31.99,-172.47,3.57
3/30/2015,-197.82,-197.82,-326.67,-31.99,-172.47,3.57
3/31/2015,-197.82,-197.82,-326.67,-31.99,-172.47,3.57
4/1/2015,-197.82,-197.82,-326.67,-31.99,-172.47,3.57
4/2/2015,-197.82,-197.82,-326.67,-31.99,-172.47,3.57
4/6/2015,-197.82,-197.82,-326.67,-31.99,-172.47,3.57
4/7/2015,-197.82,-197.82,-326.67,-31.99,-172.47,3.57
4/8/2015,-197.82,-197.82,-326.67,-31.99,-172.47,3.57
4/9/2015,-211.42,-211.42,-323.9,-45.59,-186.07,9.6
4/10/2015,-187.46,-187.46,-319.94,-21.63,-127.03,76.14
4/13/2015,-187.46,-187.46,-319.94,-21.63,-127.03,76.14
4/14/2015,-187.46,-187.46,-319.94,-21.63,-127.03,76.14
4/15/2015,-187.46,-187.46,-319.94,-21.63,-127.03,76.14
4/16/2015,-187.46,-187.46,-319.94,-21.63,-127.03,76.14
4/17/2015,-187.46,-187.46,-319.94,-21.63,-127.03,76.14
4/20/2015,-187.46,-187.46,-319.94,-21.63,-127.03,76.14
4/21/2015,-187.46,-187.46,-319.94,-21.63,-127.03,76.14
4/22/2015,-187.46,-187.46,-319.94,-21.63,-127.03,76.14
4/23/2015,-187.46,-187.46,-319.94,-21.63,-127.03,76.14
4/24/2015,-187.46,-187.46,-319.94,-21.63,-127.03,76.14
4/27/2015,-187.46,-187.46,-319.94,-21.63,-127.03,76.14
4/28/2015,-187.46,-187.46,-319.94,-21.63,-127.03,76.14
4/29/2015,-187.46,-187.46,-319.94,-21.63,-127.03,76.14
4/30/2015,-187.46,-187.46,-319.94,-21.63,-127.03,76.14
5/1/2015,-187.46,-187.46,-319.94,-21.63,-127.03,76.14
5/4/2015,-187.46,-187.46,-319.94,-21.63,-127.03,76.14
5/5/2015,-187.46,-187.46,-319.94,-21.63,-127.03,76.14
5/6/2015,-187.46,-187.46,-319.94,-21.63,-127.03,76.14
5/7/2015,-187.46,-187.46,-319.94,-21.63,-127.03,76.14
5/8/2015,-294.1,-294.1,-377.59,-128.27,-198.12,43.15
5/11/2015,-270.06,-270.06,-368.5,-138,-208.76,49.61
5/12/2015,-270.06,-270.06,-368.5,-138,-208.76,49.61
5/13/2015,-270.06,-270.06,-368.5,-138,-208.76,49.61
5/14/2015,-270.06,-270.06,-368.5,-138,-208.76,49.61
5/15/2015,-270.06,-270.06,-368.5,-138,-208.76,49.61
5/18/2015,-270.06,-270.06,-368.5,-138,-208.76,49.61
5/19/2015,-270.06,-270.06,-368.5,-138,-208.76,49.61
5/20/2015,-270.06,-270.06,-368.5,-138,-208.76,49.61
5/21/2015,-270.06,-270.06,-368.5,-138,-208.76,49.61
5/22/2015,-270.06,-270.06,-368.5,-138,-208.76,49.61
5/26/2015,-270.06,-270.06,-368.5,-138,-208.76,49.61
5/27/2015,-270.06,-270.06,-368.5,-138,-208.76,49.61
5/28/2015,-270.06,-270.06,-368.5,-138,-208.76,49.61
5/29/2015,-270.06,-270.06,-368.5,-138,-208.76,49.61
6/1/2015,-270.06,-270.06,-368.5,-138,-208.76,49.61
6/2/2015,-270.06,-270.06,-368.5,-138,-208.76,49.61
6/3/2015,-270.06,-270.06,-368.5,-138,-208.76,49.61
6/4/2015,-270.06,-270.06,-368.5,-138,-208.76,49.61
6/5/2015,-270.06,-270.06,-368.5,-138,-208.76,49.61
6/8/2015,-270.06,-270.06,-368.5,-138,-208.76,49.61
6/9/2015,-194.72,-194.72,-310.12,-65.77,-126.78,124.95
6/10/2015,-238.95,-238.95,-333.34,-77.73,-177.39,64.02
6/11/2015,-238.95,-238.95,-333.34,-77.73,-177.39,64.02
6/12/2015,-238.95,-238.95,-333.34,-77.73,-177.39,64.02
6/15/2015,-238.95,-238.95,-333.34,-77.73,-177.39,64.02
6/16/2015,-238.95,-238.95,-333.34,-77.73,-177.39,64.02
6/17/2015,-238.95,-238.95,-333.34,-77.73,-177.39,64.02
6/18/2015,-238.95,-238.95,-333.34,-77.73,-177.39,64.02
6/19/2015,-238.95,-238.95,-333.34,-77.73,-177.39,64.02
6/22/2015,-238.95,-238.95,-333.34,-77.73,-177.39,64.02
6/23/2015,-238.95,-238.95,-333.34,-77.73,-177.39,64.02
6/24/2015,-238.95,-238.95,-333.34,-77.73,-177.39,64.02
6/25/2015,-238.95,-238.95,-333.34,-77.73,-177.39,64.02
6/26/2015,-238.95,-238.95,-333.34,-77.73,-177.39,64.02
6/29/2015,-238.95,-238.95,-333.34,-77.73,-177.39,64.02
6/30/2015,-238.95,-238.95,-333.34,-77.73,-177.39,64.02
7/1/2015,-238.95,-238.95,-333.34,-77.73,-177.39,64.02
7/2/2015,-238.95,-238.95,-333.34,-77.73,-177.39,64.02
7/6/2015,-238.95,-238.95,-333.34,-77.73,-177.39,64.02
7/7/2015,-238.95,-238.95,-333.34,-77.73,-177.39,64.02
7/8/2015,-238.95,-238.95,-333.34,-77.73,-177.39,64.02
7/9/2015,-178.71,-178.71,-351.74,3.71,-76.53,124.26
7/10/2015,-185.32,-185.32,-323.59,19.42,-76.17,124.62
7/13/2015,-185.32,-185.32,-323.59,19.42,-76.17,124.62
7/14/2015,-185.32,-185.32,-323.59,19.42,-76.17,124.62
7/15/2015,-185.32,-185.32,-323.59,19.42,-76.17,124.62
7/16/2015,-185.32,-185.32,-323.59,19.42,-76.17,124.62
7/17/2015,-185.32,-185.32,-323.59,19.42,-76.17,124.62
7/20/2015,-185.32,-185.32,-323.59,19.42,-76.17,124.62
7/21/2015,-185.32,-185.32,-323.59,19.42,-76.17,124.62
7/22/2015,-185.32,-185.32,-323.59,19.42,-76.17,124.62
7/23/2015,-185.32,-185.32,-323.59,19.42,-76.17,124.62
7/24/2015,-185.32,-185.32,-323.59,19.42,-76.17,124.62
7/27/2015,-185.32,-185.32,-323.59,19.42,-76.17,124.62
7/28/2015,-185.32,-185.32,-323.59,19.42,-76.17,124.62
7/29/2015,-185.32,-185.32,-323.59,19.42,-76.17,124.62
7/30/2015,-185.32,-185.32,-323.59,19.42,-76.17,124.62
7/31/2015,-185.32,-185.32,-323.59,19.42,-76.17,124.62
8/3/2015,-185.32,-185.32,-323.59,19.42,-76.17,124.62
8/4/2015,-185.32,-185.32,-323.59,19.42,-76.17,124.62
8/5/2015,-185.32,-185.32,-323.59,19.42,-76.17,124.62
8/6/2015,-185.32,-185.32,-323.59,19.42,-76.17,124.62
8/7/2015,-50.5,-50.5,-223.19,109.95,98.81,299.6
8/10/2015,-11.28,-11.28,-243.27,128.35,147.76,297.27
8/11/2015,-11.28,-11.28,-243.27,128.35,147.76,297.27
8/12/2015,-11.28,-11.28,-243.27,128.35,147.76,297.27
8/13/2015,-11.28,-11.28,-243.27,128.35,147.76,297.27
8/14/2015,-11.28,-11.28,-243.27,128.35,147.76,297.27
8/17/2015,-11.28,-11.28,-243.27,128.35,147.76,297.27
8/18/2015,-11.28,-11.28,-243.27,128.35,147.76,297.27
8/19/2015,-11.28,-11.28,-243.27,128.35,147.76,297.27
8/20/2015,-11.28,-11.28,-243.27,128.35,147.76,297.27
8/21/2015,-86.58,-86.58,-380.15,53.05,72.46,333.92
8/24/2015,-97.13,-97.13,-352.22,42.5,61.91,374.65
8/25/2015,-97.13,-97.13,-352.22,42.5,61.91,374.65
8/26/2015,-97.13,-97.13,-352.22,42.5,61.91,374.65
8/27/2015,-39.78,-39.78,-294.87,99.85,119.26,432
8/28/2015,-58.25,-58.25,-313.34,51.83,79.44,413.53
8/31/2015,-58.25,-58.25,-313.34,51.83,79.44,413.53
9/1/2015,-58.25,-58.25,-313.34,51.83,79.44,413.53
9/2/2015,-58.25,-58.25,-313.34,51.83,79.44,413.53
9/3/2015,-58.25,-58.25,-313.34,51.83,79.44,413.53
9/4/2015,-58.25,-58.25,-313.34,51.83,79.44,413.53
9/8/2015,-58.25,-58.25,-313.34,51.83,79.44,413.53
9/9/2015,-58.25,-58.25,-313.34,51.83,79.44,413.53
9/10/2015,-58.25,-58.25,-313.34,51.83,79.44,413.53
9/11/2015,-58.25,-58.25,-313.34,51.83,79.44,413.53
9/14/2015,-58.25,-58.25,-313.34,51.83,79.44,413.53
9/15/2015,-58.25,-58.25,-313.34,51.83,79.44,413.53
9/16/2015,-58.25,-58.25,-313.34,51.83,79.44,413.53
9/17/2015,-58.25,-58.25,-313.34,51.83,79.44,413.53
9/18/2015,-58.25,-58.25,-313.34,51.83,79.44,413.53
9/21/2015,-58.25,-58.25,-313.34,51.83,79.44,413.53
9/22/2015,-58.25,-58.25,-313.34,51.83,79.44,413.53
9/23/2015,-58.25,-58.25,-313.34,51.83,79.44,413.53
9/24/2015,-58.25,-58.25,-313.34,51.83,79.44,413.53
9/25/2015,36.2,36.2,-224.37,118.08,173.89,507.98
9/28/2015,18.75,18.75,-241.82,130.18,177.79,490.53
9/29/2015,48.58,48.58,-211.99,160.01,207.62,520.36
9/30/2015,14.3,14.3,-246.27,162.51,173.34,486.08
10/1/2015,14.3,14.3,-246.27,162.51,173.34,486.08
10/2/2015,14.3,14.3,-246.27,162.51,173.34,486.08
10/5/2015,14.3,14.3,-246.27,162.51,173.34,486.08
10/6/2015,14.3,14.3,-246.27,162.51,173.34,486.08
10/7/2015,14.3,14.3,-246.27,162.51,173.34,486.08
10/8/2015,14.3,14.3,-246.27,162.51,173.34,486.08
10/9/2015,14.3,14.3,-246.27,162.51,173.34,486.08
10/12/2015,14.3,14.3,-246.27,162.51,173.34,486.08
10/13/2015,14.3,14.3,-246.27,162.51,173.34,486.08
10/14/2015,14.3,14.3,-246.27,162.51,173.34,486.08
10/15/2015,14.3,14.3,-246.27,162.51,173.34,486.08
10/16/2015,14.3,14.3,-246.27,162.51,173.34,486.08
10/19/2015,14.3,14.3,-246.27,162.51,173.34,486.08
10/20/2015,14.3,14.3,-246.27,162.51,173.34,486.08
10/21/2015,14.3,14.3,-246.27,162.51,173.34,486.08
10/22/2015,-114.92,-114.92,-375.49,152.57,44.12,356.86
10/23/2015,-114.3,-94.98,-374.87,116.41,44.74,357.48
10/26/2015,-114.3,-94.98,-374.87,116.41,44.74,357.48
10/27/2015,-114.3,-94.98,-374.87,116.41,44.74,357.48
10/28/2015,-114.3,-94.98,-374.87,116.41,44.74,357.48
10/29/2015,-92.35,-73.03,-352.92,138.36,66.69,379.43
10/30/2015,-70.77,-70.77,-331.34,159.94,99.04,411.78
11/2/2015,-70.77,-70.77,-331.34,159.94,99.04,411.78
11/3/2015,-70.77,-70.77,-331.34,159.94,99.04,411.78
11/4/2015,-70.77,-70.77,-331.34,159.94,99.04,411.78
11/5/2015,-70.77,-70.77,-331.34,159.94,99.04,411.78
11/6/2015,-113.64,-113.64,-374.21,117.07,120.45,414.64
11/9/2015,-119.19,-119.19,-385.24,106.04,95.9,398.32
11/10/2015,-119.19,-119.19,-385.24,106.04,95.9,398.32
11/11/2015,-119.19,-119.19,-385.24,106.04,95.9,398.32
11/12/2015,-119.19,-119.19,-385.24,106.04,95.9,398.32
11/13/2015,-160.98,-160.98,-402.41,88.87,47.24,355.06
11/16/2015,-105.11,-105.11,-310.76,180.52,105.56,410.93
11/17/2015,-105.11,-105.11,-310.76,180.52,105.56,410.93
11/18/2015,-105.11,-105.11,-310.76,180.52,105.56,410.93
11/19/2015,-105.11,-105.11,-310.76,180.52,105.56,410.93
11/20/2015,-105.11,-105.11,-310.76,180.52,105.56,410.93
11/23/2015,-105.11,-105.11,-310.76,180.52,105.56,410.93
11/24/2015,-105.11,-105.11,-310.76,180.52,105.56,410.93
11/25/2015,-105.11,-105.11,-310.76,180.52,105.56,410.93
11/27/2015,-105.11,-105.11,-310.76,180.52,105.56,410.93
11/30/2015,-105.11,-105.11,-310.76,180.52,105.56,410.93
12/1/2015,-105.11,-105.11,-310.76,180.52,105.56,410.93
12/2/2015,-105.11,-105.11,-310.76,180.52,105.56,410.93
12/3/2015,-105.11,-105.11,-310.76,180.52,105.56,410.93
12/4/2015,-105.11,-105.11,-310.76,180.52,105.56,410.93
12/7/2015,-105.11,-105.11,-310.76,180.52,105.56,410.93
12/8/2015,-105.11,-105.11,-310.76,180.52,105.56,410.93
12/9/2015,46.88,46.88,-182.46,308.82,206.76,538.98
12/10/2015,-2.36,-2.36,-191.99,229.28,162.37,467.55
12/11/2015,-2.36,-2.36,-191.99,229.28,162.37,467.55
12/14/2015,-2.36,-2.36,-191.99,229.28,162.37,467.55
12/15/2015,-2.36,-2.36,-191.99,229.28,162.37,467.55
12/16/2015,-2.36,-2.36,-191.99,229.28,162.37,467.55
12/17/2015,-2.36,-2.36,-191.99,229.28,162.37,467.55
12/18/2015,-2.36,-2.36,-191.99,229.28,162.37,467.55
12/21/2015,-2.36,-2.36,-191.99,229.28,162.37,467.55
12/22/2015,-2.36,-2.36,-191.99,229.28,162.37,467.55
12/23/2015,-2.36,-2.36,-191.99,229.28,162.37,467.55
12/24/2015,-2.36,-2.36,-191.99,229.28,162.37,467.55
12/28/2015,-2.36,-2.36,-191.99,229.28,162.37,467.55
12/29/2015,-2.36,-2.36,-191.99,229.28,162.37,467.55
12/30/2015,-2.36,-2.36,-191.99,229.28,162.37,467.55
12/31/2015,-2.36,-2.36,-191.99,229.28,162.37,467.55
1/4/2016,-2.36,-2.36,-191.99,229.28,162.37,467.55
1/5/2016,-2.36,-2.36,-191.99,229.28,162.37,467.55
1/6/2016,-2.36,-2.36,-191.99,229.28,162.37,467.55
1/7/2016,-2.36,-2.36,-191.99,229.28,162.37,467.55
1/8/2016,-2.36,-2.36,-191.99,229.28,162.37,467.55
1/11/2016,148.46,148.46,-58.03,380.1,217.57,522.75
1/12/2016,221.93,221.93,-104.88,453.57,291.97,571.96
1/13/2016,221.93,221.93,-104.88,453.57,291.97,571.96
1/14/2016,221.93,221.93,-104.88,453.57,291.97,571.96
1/15/2016,221.93,221.93,-104.88,453.57,291.97,571.96
1/19/2016,332.74,332.74,-5.83,564.38,402.78,609.07
1/20/2016,334.59,334.59,46.33,566.23,404.63,657.37
1/21/2016,334.59,334.59,46.33,566.23,404.63,657.37
1/22/2016,334.59,334.59,46.33,566.23,404.63,657.37
1/25/2016,334.59,334.59,46.33,566.23,404.63,657.37
1/26/2016,334.59,334.59,46.33,566.23,404.63,657.37
1/27/2016,334.59,334.59,46.33,566.23,404.63,657.37
1/28/2016,334.59,334.59,46.33,566.23,404.63,657.37
1/29/2016,334.59,334.59,46.33,566.23,404.63,657.37
2/1/2016,334.59,334.59,46.33,566.23,404.63,657.37
2/2/2016,373.63,373.63,85.37,605.27,443.67,696.41
2/3/2016,373.63,373.63,85.37,605.27,443.67,696.41
2/4/2016,373.63,373.63,85.37,605.27,443.67,696.41
2/5/2016,373.63,373.63,85.37,605.27,443.67,696.41
2/8/2016,373.63,373.63,85.37,605.27,443.67,696.41
2/9/2016,373.63,373.63,85.37,605.27,443.67,696.41
2/10/2016,373.63,373.63,85.37,605.27,443.67,696.41
2/11/2016,373.63,373.63,85.37,605.27,443.67,696.41
2/12/2016,373.63,373.63,85.37,605.27,443.67,696.41
2/16/2016,330.81,330.81,42.55,562.45,400.85,653.59
2/17/2016,291.6,291.6,13.74,523.24,361.64,598.32
2/18/2016,291.6,291.6,13.74,523.24,361.64,598.32
2/19/2016,291.6,291.6,13.74,523.24,361.64,598.32
2/22/2016,291.6,291.6,13.74,523.24,361.64,598.32
2/23/2016,291.6,291.6,13.74,523.24,361.64,598.32
2/24/2016,291.6,291.6,13.74,523.24,361.64,598.32
2/25/2016,291.6,291.6,13.74,523.24,361.64,598.32
2/26/2016,300.69,300.69,31.93,532.33,370.73,625.22
2/29/2016,305.47,320.8,26.31,537.11,375.51,646.06
3/1/2016,305.47,320.8,26.31,537.11,375.51,646.06
3/2/2016,391.58,388.67,112.42,623.22,461.62,732.17
3/3/2016,363.92,345.68,91.64,602.44,459.36,704.51
3/4/2016,363.92,345.68,91.64,602.44,459.36,704.51
3/7/2016,363.92,345.68,91.64,602.44,459.36,704.51
3/8/2016,363.92,345.68,91.64,602.44,459.36,704.51
3/9/2016,363.92,345.68,91.64,602.44,459.36,704.51
3/10/2016,363.92,345.68,91.64,602.44,459.36,704.51
3/11/2016,363.92,345.68,91.64,602.44,459.36,704.51
3/14/2016,363.92,345.68,91.64,602.44,459.36,704.51
3/15/2016,363.92,345.68,91.64,602.44,459.36,704.51
3/16/2016,363.92,345.68,91.64,602.44,459.36,704.51
3/17/2016,340.91,322.67,149.48,622.48,420.37,665.52
3/18/2016,343.22,324.98,169.71,642.71,422.86,693.41
3/21/2016,343.22,324.98,169.71,642.71,422.86,693.41
3/22/2016,343.22,324.98,169.71,642.71,422.86,693.41
3/23/2016,343.22,324.98,169.71,642.71,422.86,693.41
3/24/2016,343.22,324.98,169.71,642.71,422.86,693.41
3/28/2016,343.22,324.98,169.71,642.71,422.86,693.41
3/29/2016,343.22,324.98,169.71,642.71,422.86,693.41
3/30/2016,343.22,324.98,169.71,642.71,422.86,693.41
3/31/2016,343.22,324.98,169.71,642.71,422.86,693.41
4/1/2016,343.22,324.98,169.71,642.71,422.86,693.41
4/4/2016,343.22,324.98,169.71,642.71,422.86,693.41
4/5/2016,343.22,324.98,169.71,642.71,422.86,693.41
4/6/2016,343.22,324.98,169.71,642.71,422.86,693.41
4/7/2016,343.22,324.98,169.71,642.71,422.86,693.41
4/8/2016,343.22,324.98,169.71,642.71,422.86,693.41
4/11/2016,343.22,324.98,169.71,642.71,422.86,693.41
4/12/2016,343.22,324.98,169.71,642.71,422.86,693.41
4/13/2016,343.22,324.98,169.71,642.71,422.86,693.41
4/14/2016,343.22,324.98,169.71,642.71,422.86,693.41
4/15/2016,343.22,324.98,169.71,642.71,422.86,693.41
4/18/2016,279.32,261.08,105.81,568.17,366.59,633.39
4/19/2016,322.01,339.04,123.7,586.06,383.7,650.5
4/20/2016,322.01,339.04,123.7,586.06,383.7,650.5
4/21/2016,322.01,339.04,123.7,586.06,383.7,650.5
4/22/2016,220.92,217.83,22.61,484.97,282.61,549.41
4/25/2016,230.2,191.84,77.59,485.29,276.75,558.69
4/26/2016,230.2,191.84,77.59,485.29,276.75,558.69
4/27/2016,230.2,191.84,77.59,485.29,276.75,558.69
4/28/2016,230.2,191.84,77.59,485.29,276.75,558.69
4/29/2016,230.2,191.84,77.59,485.29,276.75,558.69
5/2/2016,230.2,191.84,77.59,485.29,276.75,558.69
5/3/2016,230.2,191.84,77.59,485.29,276.75,558.69
5/4/2016,230.2,191.84,77.59,485.29,276.75,558.69
5/5/2016,230.2,191.84,77.59,485.29,276.75,558.69
5/6/2016,230.2,191.84,77.59,485.29,276.75,558.69
5/9/2016,230.2,191.84,77.59,485.29,276.75,558.69
5/10/2016,230.2,191.84,77.59,485.29,276.75,558.69
5/11/2016,230.2,191.84,77.59,485.29,276.75,558.69
5/12/2016,230.2,191.84,77.59,485.29,276.75,558.69
5/13/2016,230.2,191.84,77.59,485.29,276.75,558.69
5/16/2016,230.2,191.84,77.59,485.29,276.75,558.69
5/17/2016,230.2,191.84,77.59,485.29,276.75,558.69
5/18/2016,276.86,238.5,91.04,475.62,316.62,608.14
5/19/2016,193.82,216.82,-37.7,401.54,248.72,525.1
5/20/2016,217.31,234.38,-14.21,425.03,272.21,548.59
5/23/2016,327.86,283.57,42.79,496.24,382.76,654.97
5/24/2016,327.86,283.57,42.79,496.24,382.76,654.97
5/25/2016,327.86,283.57,42.79,496.24,382.76,654.97
5/26/2016,327.86,283.57,42.79,496.24,382.76,654.97
5/27/2016,327.86,283.57,42.79,496.24,382.76,654.97
5/31/2016,327.86,283.57,42.79,496.24,382.76,654.97
6/1/2016,327.86,283.57,42.79,496.24,382.76,654.97
6/2/2016,327.86,283.57,42.79,496.24,382.76,654.97
6/3/2016,327.86,283.57,42.79,496.24,382.76,654.97
6/6/2016,327.86,283.57,42.79,496.24,382.76,654.97
6/7/2016,327.86,283.57,42.79,496.24,382.76,654.97
6/8/2016,327.86,283.57,42.79,496.24,382.76,654.97
6/9/2016,327.86,283.57,42.79,496.24,382.76,654.97
6/10/2016,327.86,283.57,42.79,496.24,382.76,654.97
6/13/2016,327.86,283.57,42.79,496.24,382.76,654.97
6/14/2016,327.86,283.57,42.79,496.24,382.76,654.97
6/15/2016,327.86,283.57,42.79,496.24,382.76,654.97
6/16/2016,327.86,283.57,42.79,496.24,382.76,654.97
6/17/2016,327.86,283.57,42.79,496.24,382.76,654.97
6/20/2016,327.86,283.57,42.79,496.24,382.76,654.97
6/21/2016,418.49,374.2,137.26,600.99,473.39,700.67
6/22/2016,325.54,281.25,97.86,568.22,408.35,643.95
6/23/2016,325.54,281.25,97.86,568.22,408.35,643.95
6/24/2016,422.52,378.23,172.89,674.79,505.33,742.2
6/27/2016,464.7,427.68,215.07,696.13,519.6,752.32
6/28/2016,464.7,427.68,215.07,696.13,519.6,752.32
6/29/2016,510.52,467.76,260.89,741.95,565.42,798.14
6/30/2016,515.25,465.22,265.62,764.66,570.15,814.2
7/1/2016,515.25,465.22,265.62,764.66,570.15,814.2
7/5/2016,515.25,465.22,265.62,764.66,570.15,814.2
7/6/2016,515.25,465.22,265.62,764.66,570.15,814.2
7/7/2016,515.25,465.22,265.62,764.66,570.15,814.2
7/8/2016,515.25,465.22,265.62,764.66,570.15,814.2
7/11/2016,515.25,465.22,265.62,764.66,570.15,814.2
7/12/2016,515.25,465.22,265.62,764.66,570.15,814.2
7/13/2016,515.25,465.22,265.62,764.66,570.15,814.2
7/14/2016,515.25,465.22,265.62,764.66,570.15,814.2
7/15/2016,515.25,465.22,265.62,764.66,570.15,814.2
7/18/2016,515.25,465.22,265.62,764.66,570.15,814.2
7/19/2016,515.25,465.22,265.62,764.66,570.15,814.2
7/20/2016,515.25,465.22,265.62,764.66,570.15,814.2
7/21/2016,515.25,465.22,265.62,764.66,570.15,814.2
7/22/2016,515.25,465.22,265.62,764.66,570.15,814.2
7/25/2016,515.25,465.22,265.62,764.66,570.15,814.2
7/26/2016,515.25,465.22,265.62,764.66,570.15,814.2
7/27/2016,515.25,465.22,265.62,764.66,570.15,814.2
7/28/2016,515.25,465.22,265.62,764.66,570.15,814.2
7/29/2016,378.76,328.73,74.38,605.62,433.66,779.45
8/1/2016,405.55,355.52,96.77,614.43,460.45,792.99
8/2/2016,405.55,355.52,96.77,614.43,460.45,792.99
8/3/2016,405.55,355.52,96.77,614.43,460.45,792.99
8/4/2016,405.55,355.52,96.77,614.43,460.45,792.99
8/5/2016,405.55,355.52,96.77,614.43,460.45,792.99
8/8/2016,405.55,355.52,96.77,614.43,460.45,792.99
8/9/2016,405.55,355.52,96.77,614.43,460.45,792.99
8/10/2016,405.55,355.52,96.77,614.43,460.45,792.99
8/11/2016,405.55,355.52,96.77,614.43,460.45,792.99
8/12/2016,405.55,355.52,96.77,614.43,460.45,792.99
8/15/2016,405.55,355.52,96.77,614.43,460.45,792.99
8/16/2016,405.55,355.52,96.77,614.43,460.45,792.99
8/17/2016,405.55,355.52,96.77,614.43,460.45,792.99
8/18/2016,405.55,355.52,96.77,614.43,460.45,792.99
8/19/2016,405.55,355.52,96.77,614.43,460.45,792.99
8/22/2016,405.55,355.52,96.77,614.43,460.45,792.99
8/23/2016,405.55,355.52,96.77,614.43,460.45,792.99
8/24/2016,405.55,355.52,96.77,614.43,460.45,792.99
8/25/2016,405.55,355.52,96.77,614.43,460.45,792.99
8/26/2016,405.55,355.52,96.77,614.43,460.45,792.99
8/29/2016,285.6,235.57,51.81,421.7,335.28,670.32
8/30/2016,246.67,196.64,44.34,441.12,283.67,619.39
8/31/2016,246.67,196.64,44.34,441.12,283.67,619.39
9/1/2016,246.67,196.64,44.34,441.12,283.67,619.39
9/2/2016,246.67,196.64,44.34,441.12,283.67,619.39
9/6/2016,246.67,196.64,44.34,441.12,283.67,619.39
9/7/2016,246.67,196.64,44.34,441.12,283.67,619.39
9/8/2016,246.67,196.64,44.34,441.12,283.67,619.39
9/9/2016,246.67,196.64,44.34,441.12,283.67,619.39
9/12/2016,246.67,196.64,44.34,441.12,283.67,619.39
9/13/2016,246.67,196.64,44.34,441.12,283.67,619.39
9/14/2016,246.67,196.64,44.34,441.12,283.67,619.39
9/15/2016,246.67,196.64,44.34,441.12,283.67,619.39
9/16/2016,246.67,196.64,44.34,441.12,283.67,619.39
9/19/2016,271.35,221.32,-22.19,464.82,308.35,690.93
9/20/2016,291.81,241.78,-57.66,426.93,322.06,728.66
9/21/2016,291.81,241.78,-57.66,426.93,322.06,728.66
9/22/2016,291.81,241.78,-57.66,426.93,322.06,728.66
9/23/2016,291.81,241.78,-57.66,426.93,322.06,728.66
9/26/2016,291.81,241.78,-57.66,426.93,322.06,728.66
9/27/2016,291.81,241.78,-57.66,426.93,322.06,728.66
9/28/2016,291.81,241.78,-57.66,426.93,322.06,728.66
9/29/2016,291.81,241.78,-57.66,426.93,322.06,728.66
9/30/2016,291.81,241.78,-57.66,426.93,322.06,728.66
10/3/2016,291.81,241.78,-57.66,426.93,322.06,728.66
10/4/2016,291.81,241.78,-57.66,426.93,322.06,728.66
10/5/2016,291.81,241.78,-57.66,426.93,322.06,728.66
10/6/2016,291.81,241.78,-57.66,426.93,322.06,728.66
10/7/2016,291.81,241.78,-57.66,426.93,322.06,728.66
10/10/2016,291.81,241.78,-57.66,426.93,322.06,728.66
10/11/2016,291.81,241.78,-57.66,426.93,322.06,728.66
10/12/2016,291.81,241.78,-57.66,426.93,322.06,728.66
10/13/2016,291.81,241.78,-57.66,426.93,322.06,728.66
10/14/2016,291.81,241.78,-57.66,426.93,322.06,728.66
10/17/2016,291.81,241.78,-57.66,426.93,322.06,728.66
10/18/2016,312.59,262.56,1.6,511.88,288.79,695.39
10/19/2016,326.4,276.37,33.47,507.53,322.03,705.85
10/20/2016,326.4,276.37,33.47,507.53,322.03,705.85
10/21/2016,326.4,276.37,33.47,507.53,322.03,705.85
10/24/2016,326.4,276.37,33.47,507.53,322.03,705.85
10/25/2016,326.4,276.37,33.47,507.53,322.03,705.85
10/26/2016,326.4,276.37,33.47,507.53,322.03,705.85
10/27/2016,326.4,276.37,33.47,507.53,322.03,705.85
10/28/2016,326.4,276.37,33.47,507.53,322.03,705.85
10/31/2016,326.4,276.37,33.47,507.53,322.03,705.85
11/1/2016,326.4,276.37,33.47,507.53,322.03,705.85
11/2/2016,326.4,276.37,33.47,507.53,322.03,705.85
11/3/2016,326.4,276.37,33.47,507.53,322.03,705.85
11/4/2016,326.4,276.37,33.47,507.53,322.03,705.85
11/7/2016,326.4,276.37,33.47,507.53,322.03,705.85
11/8/2016,326.4,276.37,33.47,507.53,322.03,705.85
11/9/2016,375.97,325.94,54.17,588.51,341.99,727.07
11/10/2016,312.77,262.74,1.78,543.47,278.79,663.87
11/11/2016,312.77,262.74,1.78,543.47,278.79,663.87
11/14/2016,312.77,262.74,1.78,543.47,278.79,663.87
11/15/2016,314.17,264.14,3.18,544.87,280.19,665.27
11/16/2016,355.53,305.5,60.2,617.47,321.55,704.23
11/17/2016,355.53,305.5,60.2,617.47,321.55,704.23
11/18/2016,355.53,305.5,60.2,617.47,321.55,704.23
11/21/2016,355.53,305.5,60.2,617.47,321.55,704.23
11/22/2016,355.53,305.5,60.2,617.47,321.55,704.23
11/23/2016,355.53,305.5,60.2,617.47,321.55,704.23
11/25/2016,355.53,305.5,60.2,617.47,321.55,704.23
11/28/2016,355.53,305.5,60.2,617.47,321.55,704.23
11/29/2016,355.53,305.5,60.2,617.47,321.55,704.23
11/30/2016,489.97,439.94,146.48,718.11,467.14,776.49
12/1/2016,455.21,425.5,96.06,652.11,432.38,744.13
12/2/2016,452.76,417.66,93.61,649.66,429.93,741.68
12/5/2016,481,425.58,131.51,728.92,509.19,788.9
12/6/2016,481,425.58,131.51,728.92,509.19,788.9
12/7/2016,481,425.58,131.51,728.92,509.19,788.9
12/8/2016,481,425.58,131.51,728.92,509.19,788.9
12/9/2016,481,425.58,131.51,728.92,509.19,788.9
12/12/2016,481,425.58,131.51,728.92,509.19,788.9
12/13/2016,481,425.58,131.51,728.92,509.19,788.9
12/14/2016,481,425.58,131.51,728.92,509.19,788.9
12/15/2016,481,425.58,131.51,728.92,509.19,788.9
12/16/2016,481,425.58,131.51,728.92,509.19,788.9
12/19/2016,481,425.58,131.51,728.92,509.19,788.9
12/20/2016,481,425.58,131.51,728.92,509.19,788.9
12/21/2016,481,425.58,131.51,728.92,509.19,788.9
12/22/2016,481,425.58,131.51,728.92,509.19,788.9
12/23/2016,481,425.58,131.51,728.92,509.19,788.9
12/27/2016,481,425.58,131.51,728.92,509.19,788.9
12/28/2016,481,425.58,131.51,728.92,509.19,788.9
12/29/2016,481,425.58,131.51,728.92,509.19,788.9
12/30/2016,481,425.58,131.51,728.92,509.19,788.9
1/3/2017,481,425.58,131.51,728.92,509.19,788.9
1/4/2017,428.91,373.49,79.42,676.83,457.1,777.77
1/5/2017,446.49,391.07,87.34,643.39,423.66,769.81
1/6/2017,446.49,391.07,87.34,643.39,423.66,769.81
1/9/2017,446.49,391.07,87.34,643.39,423.66,769.81
1/10/2017,446.49,391.07,87.34,643.39,423.66,769.81
1/11/2017,446.49,391.07,87.34,643.39,423.66,769.81
1/12/2017,446.49,391.07,87.34,643.39,423.66,769.81
1/13/2017,446.49,391.07,87.34,643.39,423.66,769.81
1/17/2017,389.21,333.79,43.86,599.91,366.38,707.31
1/18/2017,355.79,300.37,34.45,566.49,356.97,680.45
1/19/2017,355.79,300.37,34.45,566.49,356.97,680.45
1/20/2017,355.79,300.37,34.45,566.49,356.97,680.45
1/23/2017,355.79,300.37,34.45,566.49,356.97,680.45
1/24/2017,355.79,300.37,34.45,566.49,356.97,680.45
1/25/2017,355.79,300.37,34.45,566.49,356.97,680.45
1/26/2017,355.79,300.37,34.45,566.49,356.97,680.45
1/27/2017,355.79,300.37,34.45,566.49,356.97,680.45
1/30/2017,355.79,300.37,34.45,566.49,356.97,680.45
1/31/2017,355.79,300.37,34.45,566.49,356.97,680.45
2/1/2017,355.79,300.37,34.45,566.49,356.97,680.45
2/2/2017,355.79,300.37,34.45,566.49,356.97,680.45
2/3/2017,355.79,300.37,34.45,566.49,356.97,680.45
2/6/2017,355.79,300.37,34.45,566.49,356.97,680.45
2/7/2017,355.79,300.37,34.45,566.49,356.97,680.45
2/8/2017,355.79,300.37,34.45,566.49,356.97,680.45
2/9/2017,355.79,300.37,34.45,566.49,356.97,680.45
2/10/2017,355.79,300.37,34.45,566.49,356.97,680.45
2/13/2017,355.79,300.37,34.45,566.49,356.97,680.45
2/14/2017,355.79,300.37,34.45,566.49,356.97,680.45
2/15/2017,358.01,302.59,36.67,618.62,359.19,663.59
2/16/2017,419.53,364.11,57.03,680.14,396.7,725.11
2/17/2017,419.53,364.11,57.03,680.14,396.7,725.11
2/21/2017,419.53,364.11,57.03,680.14,396.7,725.11
2/22/2017,419.53,364.11,57.03,680.14,396.7,725.11
2/23/2017,419.53,364.11,57.03,680.14,396.7,725.11
2/24/2017,419.53,364.11,57.03,680.14,396.7,725.11
2/27/2017,419.53,364.11,57.03,680.14,396.7,725.11
2/28/2017,419.53,364.11,57.03,680.14,396.7,725.11
3/1/2017,419.53,364.11,57.03,680.14,396.7,725.11
3/2/2017,419.53,364.11,57.03,680.14,396.7,725.11
3/3/2017,419.53,364.11,57.03,680.14,396.7,725.11
3/6/2017,419.53,364.11,57.03,680.14,396.7,725.11
3/7/2017,419.53,364.11,57.03,680.14,396.7,725.11
3/8/2017,419.53,364.11,57.03,680.14,396.7,725.11
3/9/2017,419.53,364.11,57.03,680.14,396.7,725.11
3/10/2017,419.53,364.11,57.03,680.14,396.7,725.11
3/13/2017,419.53,364.11,57.03,680.14,396.7,725.11
3/14/2017,419.53,364.11,57.03,680.14,396.7,725.11
3/15/2017,419.53,364.11,57.03,680.14,396.7,725.11
3/16/2017,419.53,364.11,57.03,680.14,396.7,725.11
3/17/2017,376.7,321.28,14.2,637.31,353.87,682.28
3/20/2017,320.83,265.41,-24.52,609.9,326.46,669.03
3/21/2017,243.93,188.51,-93.96,525.86,274.84,592.13
3/22/2017,311.47,256.05,-52.08,546.12,299.06,602.19
3/23/2017,311.47,256.05,-52.08,546.12,299.06,602.19
3/24/2017,311.47,256.05,-52.08,546.12,299.06,602.19
3/27/2017,311.47,256.05,-52.08,546.12,299.06,602.19
3/28/2017,311.47,256.05,-52.08,546.12,299.06,602.19
3/29/2017,311.47,256.05,-52.08,546.12,299.06,602.19
3/30/2017,311.47,256.05,-52.08,546.12,299.06,602.19
3/31/2017,311.47,256.05,-52.08,546.12,299.06,602.19
4/3/2017,311.47,256.05,-52.08,546.12,299.06,602.19
4/4/2017,311.47,256.05,-52.08,546.12,299.06,602.19
4/5/2017,311.47,256.05,-52.08,546.12,299.06,602.19
4/6/2017,311.47,256.05,-52.08,546.12,299.06,602.19
4/7/2017,311.47,256.05,-52.08,546.12,299.06,602.19
4/10/2017,311.47,256.05,-52.08,546.12,299.06,602.19
4/11/2017,311.47,256.05,-52.08,546.12,299.06,602.19
4/12/2017,311.47,256.05,-52.08,546.12,299.06,602.19
4/13/2017,311.47,256.05,-52.08,546.12,299.06,602.19
4/17/2017,311.47,256.05,-52.08,546.12,299.06,602.19
4/18/2017,311.47,256.05,-52.08,546.12,299.06,602.19
4/19/2017,311.47,256.05,-52.08,546.12,299.06,602.19
4/20/2017,336.71,281.29,-26.84,564.93,324.3,621
4/21/2017,294.31,238.89,-43.58,541.35,307.33,593.46
4/24/2017,294.31,238.89,-43.58,541.35,307.33,593.46
4/25/2017,294.31,238.89,-43.58,541.35,307.33,593.46
4/26/2017,294.31,238.89,-43.58,541.35,307.33,593.46
4/27/2017,294.31,238.89,-43.58,541.35,307.33,593.46
4/28/2017,294.31,238.89,-43.58,541.35,307.33,593.46
5/1/2017,294.31,238.89,-43.58,541.35,307.33,593.46
5/2/2017,294.31,238.89,-43.58,541.35,307.33,593.46
5/3/2017,294.31,238.89,-43.58,541.35,307.33,593.46
5/4/2017,294.31,238.89,-43.58,541.35,307.33,593.46
5/5/2017,294.31,238.89,-43.58,541.35,307.33,593.46
5/8/2017,294.31,238.89,-43.58,541.35,307.33,593.46
5/9/2017,294.31,238.89,-43.58,541.35,307.33,593.46
5/10/2017,294.31,238.89,-43.58,541.35,307.33,593.46
5/11/2017,294.31,238.89,-43.58,541.35,307.33,593.46
5/12/2017,294.31,238.89,-43.58,541.35,307.33,593.46
5/15/2017,294.31,238.89,-43.58,541.35,307.33,593.46
5/16/2017,294.31,238.89,-43.58,541.35,307.33,593.46
5/17/2017,294.31,238.89,-43.58,541.35,307.33,593.46
5/18/2017,294.31,238.89,-43.58,541.35,307.33,593.46
5/19/2017,308.05,252.63,-29.84,555.09,324.3,607.2
5/22/2017,304.02,248.6,-19.91,554.32,312.96,620.39
5/23/2017,304.02,248.6,-19.91,554.32,312.96,620.39
5/24/2017,304.02,248.6,-19.91,554.32,312.96,620.39
5/25/2017,304.02,248.6,-19.91,554.32,312.96,620.39
5/26/2017,304.02,248.6,-19.91,554.32,312.96,620.39
5/30/2017,304.02,248.6,-19.91,554.32,312.96,620.39
5/31/2017,304.02,248.6,-19.91,554.32,312.96,620.39
6/1/2017,304.02,248.6,-19.91,554.32,312.96,620.39
6/2/2017,304.02,248.6,-19.91,554.32,312.96,620.39
6/5/2017,304.02,248.6,-19.91,554.32,312.96,620.39
6/6/2017,304.02,248.6,-19.91,554.32,312.96,620.39
6/7/2017,304.02,248.6,-19.91,554.32,312.96,620.39
6/8/2017,377.39,321.97,43.43,627.69,386.33,693.76
6/9/2017,369.5,339.97,21.58,616.54,375.18,668.65
6/12/2017,392.98,357.58,45.06,640.02,398.66,692.13
6/13/2017,392.05,330.76,63.93,631.37,386.95,685.1
6/14/2017,392.05,330.76,63.93,631.37,386.95,685.1
6/15/2017,392.05,330.76,63.93,631.37,386.95,685.1
6/16/2017,392.05,330.76,63.93,631.37,386.95,685.1
6/19/2017,392.05,330.76,63.93,631.37,386.95,685.1
6/20/2017,392.05,330.76,63.93,631.37,386.95,685.1
6/21/2017,392.05,330.76,63.93,631.37,386.95,685.1
6/22/2017,392.05,330.76,63.93,631.37,386.95,685.1
6/23/2017,392.05,330.76,63.93,631.37,386.95,685.1
6/26/2017,392.05,330.76,63.93,631.37,386.95,685.1
6/27/2017,392.05,330.76,63.93,631.37,386.95,685.1
6/28/2017,392.05,330.76,63.93,631.37,386.95,685.1
6/29/2017,392.05,330.76,63.93,631.37,386.95,685.1
6/30/2017,392.05,330.76,63.93,631.37,386.95,685.1
7/3/2017,392.05,330.76,63.93,631.37,386.95,685.1
7/5/2017,392.05,330.76,63.93,631.37,386.95,685.1
7/6/2017,392.05,330.76,63.93,631.37,386.95,685.1
7/7/2017,392.05,330.76,63.93,631.37,386.95,685.1
7/10/2017,392.05,330.76,63.93,631.37,386.95,685.1
7/11/2017,392.05,330.76,63.93,631.37,386.95,685.1
7/12/2017,485.98,424.69,59.27,723.14,480.88,845.46
7/13/2017,470.11,408.82,-3.22,756.24,517.04,876.94
7/14/2017,470.11,408.82,-3.22,756.24,517.04,876.94
7/17/2017,470.11,408.82,-3.22,756.24,517.04,876.94
7/18/2017,470.11,408.82,-3.22,756.24,517.04,876.94
7/19/2017,470.11,408.82,-3.22,756.24,517.04,876.94
7/20/2017,470.11,408.82,-3.22,756.24,517.04,876.94
7/21/2017,470.11,408.82,-3.22,756.24,517.04,876.94
7/24/2017,470.11,408.82,-3.22,756.24,517.04,876.94
7/25/2017,470.11,408.82,-3.22,756.24,517.04,876.94
7/26/2017,470.11,408.82,-3.22,756.24,517.04,876.94
7/27/2017,470.11,408.82,-3.22,756.24,517.04,876.94
7/28/2017,470.11,408.82,-3.22,756.24,517.04,876.94
7/31/2017,470.11,408.82,-3.22,756.24,517.04,876.94
8/1/2017,470.11,408.82,-3.22,756.24,517.04,876.94
8/2/2017,470.11,408.82,-3.22,756.24,517.04,876.94
8/3/2017,470.11,408.82,-3.22,756.24,517.04,876.94
8/4/2017,470.11,408.82,-3.22,756.24,517.04,876.94
8/7/2017,470.11,408.82,-3.22,756.24,517.04,876.94
8/8/2017,470.11,408.82,-3.22,756.24,517.04,876.94
8/9/2017,470.11,408.82,-3.22,756.24,517.04,876.94
8/10/2017,427.4,366.11,-34.33,713.53,474.33,834.23
8/11/2017,452.82,391.53,-8.01,670.04,491.91,851.81
8/14/2017,452.82,391.53,-8.01,670.04,491.91,851.81
8/15/2017,452.82,391.53,-8.01,670.04,491.91,851.81
8/16/2017,452.82,391.53,-8.01,670.04,491.91,851.81
8/17/2017,452.82,391.53,-8.01,670.04,491.91,851.81
8/18/2017,452.82,391.53,-8.01,670.04,491.91,851.81
8/21/2017,452.82,391.53,-8.01,670.04,491.91,851.81
8/22/2017,452.82,391.53,-8.01,670.04,491.91,851.81
8/23/2017,452.82,391.53,-8.01,670.04,491.91,851.81
8/24/2017,452.82,391.53,-8.01,670.04,491.91,851.81
8/25/2017,452.82,391.53,-8.01,670.04,491.91,851.81
8/28/2017,452.82,391.53,-8.01,670.04,491.91,851.81
8/29/2017,452.82,391.53,-8.01,670.04,491.91,851.81
8/30/2017,452.82,391.53,-8.01,670.04,491.91,851.81
8/31/2017,452.82,391.53,-8.01,670.04,491.91,851.81
9/1/2017,452.82,391.53,-8.01,670.04,491.91,851.81
9/5/2017,452.82,391.53,-8.01,670.04,491.91,851.81
9/6/2017,452.82,391.53,-8.01,670.04,491.91,851.81
9/7/2017,452.82,391.53,-8.01,670.04,491.91,851.81
9/8/2017,452.82,391.53,-8.01,670.04,491.91,851.81
9/11/2017,440.06,378.77,43.15,737.42,441.21,801.11
9/12/2017,440.97,379.68,67.2,765.99,408.71,756.69
9/13/2017,440.97,379.68,67.2,765.99,408.71,756.69
9/14/2017,440.97,379.68,67.2,765.99,408.71,756.69
9/15/2017,440.97,379.68,67.2,765.99,408.71,756.69
9/18/2017,440.97,379.68,67.2,765.99,408.71,756.69
9/19/2017,440.97,379.68,67.2,765.99,408.71,756.69
9/20/2017,440.97,379.68,67.2,765.99,408.71,756.69
9/21/2017,440.97,379.68,67.2,765.99,408.71,756.69
9/22/2017,440.97,379.68,67.2,765.99,408.71,756.69
9/25/2017,440.97,379.68,67.2,765.99,408.71,756.69
9/26/2017,440.97,379.68,67.2,765.99,408.71,756.69
9/27/2017,440.97,379.68,67.2,765.99,408.71,756.69
9/28/2017,440.97,379.68,67.2,765.99,408.71,756.69
9/29/2017,440.97,379.68,67.2,765.99,408.71,756.69
10/2/2017,440.97,379.68,67.2,765.99,408.71,756.69
10/3/2017,440.97,379.68,67.2,765.99,408.71,756.69
10/4/2017,440.97,379.68,67.2,765.99,408.71,756.69
10/5/2017,440.97,379.68,67.2,765.99,408.71,756.69
10/6/2017,440.97,379.68,67.2,765.99,408.71,756.69
10/9/2017,440.97,379.68,67.2,765.99,408.71,756.69
10/10/2017,450.62,389.33,30.65,644.09,451.23,844.89
10/11/2017,490.16,428.87,72.97,683.63,490.77,929.71
10/12/2017,490.16,428.87,72.97,683.63,490.77,929.71
10/13/2017,490.16,428.87,72.97,683.63,490.77,929.71
10/16/2017,490.16,428.87,72.97,683.63,490.77,929.71
10/17/2017,490.16,428.87,72.97,683.63,490.77,929.71
10/18/2017,490.16,428.87,72.97,683.63,490.77,929.71
10/19/2017,490.16,428.87,72.97,683.63,490.77,929.71
10/20/2017,490.16,428.87,72.97,683.63,490.77,929.71
10/23/2017,490.16,428.87,72.97,683.63,490.77,929.71
10/24/2017,490.16,428.87,72.97,683.63,490.77,929.71
10/25/2017,490.16,428.87,72.97,683.63,490.77,929.71
10/26/2017,490.16,428.87,72.97,683.63,490.77,929.71
10/27/2017,556.06,494.77,162.39,749.53,536.61,999.81
10/30/2017,587.12,525.83,168.79,780.59,567.67,915.46
10/31/2017,587.12,525.83,168.79,780.59,567.67,915.46
11/1/2017,587.12,525.83,168.79,780.59,567.67,915.46
11/2/2017,587.12,525.83,168.79,780.59,567.67,915.46
11/3/2017,587.12,525.83,168.79,780.59,567.67,915.46
11/6/2017,587.12,525.83,168.79,780.59,567.67,915.46
11/7/2017,587.12,525.83,168.79,780.59,567.67,915.46
11/8/2017,587.12,525.83,168.79,780.59,567.67,915.46
11/9/2017,587.12,525.83,168.79,780.59,567.67,915.46
11/10/2017,587.12,525.83,168.79,780.59,567.67,915.46
11/13/2017,587.12,525.83,168.79,780.59,567.67,915.46
11/14/2017,587.12,525.83,168.79,780.59,567.67,915.46
11/15/2017,587.12,525.83,168.79,780.59,567.67,915.46
11/16/2017,587.12,525.83,168.79,780.59,567.67,915.46
11/17/2017,587.12,525.83,168.79,780.59,567.67,915.46
11/20/2017,587.12,525.83,168.79,780.59,567.67,915.46
11/21/2017,587.12,525.83,168.79,780.59,567.67,915.46
11/22/2017,587.12,525.83,168.79,780.59,567.67,915.46
11/24/2017,587.12,525.83,168.79,780.59,567.67,915.46
11/27/2017,587.12,525.83,168.79,780.59,567.67,915.46
11/28/2017,555.85,494.56,137.52,741.68,534.61,900.63
11/29/2017,460.65,399.36,112.42,646.48,439.41,887.48
11/30/2017,460.65,399.36,112.42,646.48,439.41,887.48
12/1/2017,460.65,399.36,112.42,646.48,439.41,887.48
12/4/2017,416.83,355.54,68.6,602.66,380.79,843.66
12/5/2017,439.79,378.5,65.38,625.62,444.53,901.5
12/6/2017,439.79,378.5,65.38,625.62,444.53,901.5
12/7/2017,439.79,378.5,65.38,625.62,444.53,901.5
12/8/2017,439.79,378.5,65.38,625.62,444.53,901.5
12/11/2017,439.79,378.5,65.38,625.62,444.53,901.5
12/12/2017,439.79,378.5,65.38,625.62,444.53,901.5
12/13/2017,439.79,378.5,65.38,625.62,444.53,901.5
12/14/2017,439.79,378.5,65.38,625.62,444.53,901.5
12/15/2017,439.79,378.5,65.38,625.62,444.53,901.5
12/18/2017,439.79,378.5,65.38,625.62,444.53,901.5
12/19/2017,439.79,378.5,65.38,625.62,444.53,901.5
12/20/2017,439.79,378.5,65.38,625.62,444.53,901.5
12/21/2017,439.79,378.5,65.38,625.62,444.53,901.5
12/22/2017,439.79,378.5,65.38,625.62,444.53,901.5
12/26/2017,439.79,378.5,65.38,625.62,444.53,901.5
12/27/2017,439.79,378.5,65.38,625.62,444.53,901.5
12/28/2017,439.79,378.5,65.38,625.62,444.53,901.5
12/29/2017,439.79,378.5,65.38,625.62,444.53,901.5
1/2/2018,439.79,378.5,65.38,625.62,444.53,901.5
1/3/2018,439.79,378.5,65.38,625.62,444.53,901.5
1/4/2018,565.24,503.95,222.15,751.07,445.3,882.83
1/5/2018,574.87,513.58,249.38,760.7,414.15,864.38
1/8/2018,574.87,513.58,249.38,760.7,414.15,864.38
1/9/2018,574.87,513.58,249.38,760.7,414.15,864.38
1/10/2018,574.87,513.58,249.38,760.7,414.15,864.38
1/11/2018,574.87,513.58,249.38,760.7,414.15,864.38
1/12/2018,574.87,513.58,249.38,760.7,414.15,864.38
1/16/2018,574.87,513.58,249.38,760.7,414.15,864.38
1/17/2018,574.87,513.58,249.38,760.7,414.15,864.38
1/18/2018,574.87,513.58,249.38,760.7,414.15,864.38
1/19/2018,574.87,513.58,249.38,760.7,414.15,864.38
1/22/2018,574.87,513.58,249.38,760.7,414.15,864.38
1/23/2018,574.87,513.58,249.38,760.7,414.15,864.38
1/24/2018,574.87,513.58,249.38,760.7,414.15,864.38
1/25/2018,574.87,513.58,249.38,760.7,414.15,864.38
1/26/2018,574.87,513.58,249.38,760.7,414.15,864.38
1/29/2018,574.87,513.58,249.38,760.7,414.15,864.38
1/30/2018,574.87,513.58,249.38,760.7,414.15,864.38
1/31/2018,574.87,513.58,249.38,760.7,414.15,864.38
2/1/2018,625.21,563.92,239.48,849.42,464.49,914.72
2/2/2018,622.37,553.71,199.78,846.58,461.65,905.08
2/5/2018,622.37,553.71,199.78,846.58,461.65,905.08
2/6/2018,622.37,553.71,199.78,846.58,461.65,905.08
2/7/2018,582,527.7,159.41,806.21,421.28,864.71
2/8/2018,582,527.7,159.41,806.21,421.28,864.71
