,XLB,XLE,XLF,XLI,XLK,XLP,XLU,XLV,XLY,datetime,cumulative_pnl
0,0.0,0.0,0.0,0.0,0.0,0.0,0.0,0.0,0.0,2013-02-11,0.0
1,0.0,0.0,0.0,0.0,0.0,0.0,0.0,0.0,0.0,2013-02-12,0.0
2,0.0,0.0,0.0,0.0,0.0,0.0,0.0,0.0,0.0,2013-02-13,0.0
3,0.0,0.0,0.0,0.0,0.0,0.0,0.0,0.0,0.0,2013-02-14,0.0
4,0.0,0.0,0.0,0.0,0.0,0.0,0.0,0.0,0.0,2013-02-15,0.0
5,0.0,0.0,0.0,0.0,0.0,0.0,0.0,0.0,0.0,2013-02-19,0.0
6,0.0,0.0,0.0,0.0,0.0,0.0,0.0,0.0,0.0,2013-02-20,0.0
7,0.0,0.0,0.0,0.0,0.0,0.0,0.0,0.0,0.0,2013-02-21,0.0
8,0.0,0.0,0.0,0.0,0.0,0.0,0.0,0.0,0.0,2013-02-22,0.0
9,0.0,0.0,0.0,0.0,0.0,0.0,0.0,0.0,0.0,2013-02-25,0.0
10,0.0,0.0,0.0,0.0,0.0,0.0,0.0,0.0,0.0,2013-02-26,0.0
11,0.0,0.0,0.0,0.0,0.0,0.0,0.0,0.0,0.0,2013-02-27,0.0
12,0.0,0.0,0.0,0.0,0.0,0.0,0.0,0.0,0.0,2013-02-28,0.0
13,0.0,0.0,0.0,0.0,0.0,0.0,0.0,0.0,0.0,2013-03-01,0.0
14,0.0,0.0,0.0,0.0,0.0,0.0,0.0,0.0,0.0,2013-03-04,0.0
15,0.0,0.0,0.0,0.0,0.0,0.0,0.0,0.0,0.0,2013-03-05,0.0
16,0.0,0.0,0.0,0.0,0.0,0.0,0.0,0.0,0.0,2013-03-06,0.0
17,0.0,0.0,0.0,0.0,0.0,0.0,0.0,0.0,0.0,2013-03-07,0.0
18,0.0,0.0,0.0,0.0,0.0,0.0,0.0,0.0,0.0,2013-03-08,0.0
19,0.0,0.0,0.0,0.0,0.0,0.0,0.0,0.0,0.0,2013-03-11,0.0
20,0.0,0.0,0.0,0.0,0.0,0.0,0.0,0.0,0.0,2013-03-12,0.0
21,0.0,0.0,0.0,0.0,0.0,0.0,0.0,0.0,0.0,2013-03-13,0.0
22,0.0,0.0,0.0,0.0,0.0,0.0,0.0,0.0,0.0,2013-03-14,0.0
23,0.0,0.0,0.0,0.0,0.0,0.0,0.0,0.0,0.0,2013-03-15,0.0
24,0.0,0.0,0.0,0.0,0.0,0.0,0.0,0.0,0.0,2013-03-18,0.0
25,0.0,0.0,0.0,0.0,0.0,0.0,0.0,0.0,0.0,2013-03-19,0.0
26,0.0,0.0,0.0,0.0,0.0,0.0,0.0,0.0,0.0,2013-03-20,0.0
27,0.0,0.0,0.0,0.0,0.0,0.0,0.0,0.0,0.0,2013-03-21,0.0
28,0.0,0.0,0.0,0.0,0.0,0.0,0.0,0.0,0.0,2013-03-22,0.0
29,0.0,0.0,0.0,0.0,0.0,0.0,0.0,0.0,0.0,2013-03-25,0.0
30,0.0,0.0,0.0,0.0,0.0,0.0,0.0,0.0,0.0,2013-03-26,0.0
31,0.0,0.0,0.0,0.0,0.0,0.0,0.0,0.0,0.0,2013-03-27,0.0
32,0.0,0.0,0.0,0.0,0.0,0.0,0.0,0.0,0.0,2013-03-28,0.0
33,0.0,0.0,0.0,0.0,0.0,0.0,0.0,0.0,0.0,2013-04-01,0.0
34,0.0,0.0,0.0,0.0,0.0,0.0,0.0,0.0,0.0,2013-04-02,0.0
35,0.0,0.0,0.0,0.0,0.0,0.0,0.0,0.0,0.0,2013-04-03,0.0
36,0.0,0.0,0.0,0.0,0.0,0.0,0.0,0.0,0.0,2013-04-04,0.0
37,0.0,0.0,0.0,0.0,0.0,0.0,0.0,0.0,0.0,2013-04-05,0.0
38,0.0,0.0,0.0,0.0,0.0,0.0,0.0,0.0,0.0,2013-04-08,0.0
39,0.0,0.0,0.0,0.0,0.0,0.0,0.0,0.0,0.0,2013-04-09,0.0
40,0.0,0.0,0.0,0.0,0.0,0.0,0.0,0.0,0.0,2013-04-10,0.0
41,0.0,0.0,0.0,0.0,0.0,0.0,0.0,0.0,0.0,2013-04-11,0.0
42,0.0,0.0,0.0,0.0,0.0,0.0,0.0,0.0,0.0,2013-04-12,0.0
43,0.0,0.0,0.0,0.0,0.0,0.0,0.0,0.0,0.0,2013-04-15,0.0
44,0.0,0.0,0.0,0.0,0.0,0.0,0.0,0.0,0.0,2013-04-16,0.0
45,0.0,0.0,0.0,0.0,0.0,0.0,0.0,0.0,0.0,2013-04-17,0.0
46,0.0,0.0,0.0,0.0,0.0,0.0,0.0,0.0,0.0,2013-04-18,0.0
47,0.0,0.0,0.0,0.0,0.0,0.0,0.0,0.0,0.0,2013-04-19,0.0
48,0.0,0.0,0.0,0.0,0.0,0.0,0.0,0.0,0.0,2013-04-22,0.0
49,0.0,0.0,0.0,0.0,0.0,0.0,0.0,0.0,0.0,2013-04-23,0.0
50,0.0,0.0,0.0,0.0,0.0,0.0,0.0,0.0,0.0,2013-04-24,0.0
51,0.0,0.0,0.0,0.0,0.0,0.0,0.0,0.0,0.0,2013-04-25,0.0
52,0.0,0.0,0.0,0.0,0.0,0.0,0.0,0.0,0.0,2013-04-26,0.0
53,0.0,0.0,0.0,0.0,0.0,0.0,0.0,0.0,0.0,2013-04-29,0.0
54,0.0,0.0,0.0,0.0,0.0,0.0,0.0,0.0,0.0,2013-04-30,0.0
55,0.0,0.0,0.0,0.0,0.0,0.0,0.0,0.0,0.0,2013-05-01,0.0
56,0.0,0.0,0.0,0.0,0.0,0.0,0.0,0.0,0.0,2013-05-02,0.0
57,0.0,0.0,0.0,0.0,0.0,0.0,0.0,0.0,0.0,2013-05-03,0.0
58,0.0,0.0,0.0,0.0,0.0,0.0,0.0,0.0,0.0,2013-05-06,0.0
59,0.0,0.0,0.0,0.0,0.0,0.0,0.0,0.0,0.0,2013-05-07,0.0
60,0.0,0.0,0.0,0.0,0.0,0.0,0.0,0.0,0.0,2013-05-08,0.0
61,0.0,0.0,0.0,0.0,0.0,0.0,0.0,0.0,0.0,2013-05-09,0.0
62,0.0,0.0,0.0,0.0,0.0,0.0,0.0,0.0,0.0,2013-05-10,0.0
63,0.0,0.0,0.0,0.0,0.0,0.0,0.0,0.0,0.0,2013-05-13,0.0
64,0.0,0.0,0.0,0.0,0.0,0.0,0.0,0.0,0.0,2013-05-14,0.0
65,0.0,0.0,0.0,0.0,0.0,0.0,0.0,0.0,0.0,2013-05-15,0.0
66,0.0,0.0,0.0,0.0,0.0,0.0,0.0,0.0,0.0,2013-05-16,0.0
67,0.0,0.0,0.0,0.0,0.0,0.0,0.0,0.0,0.0,2013-05-17,0.0
68,0.0,0.0,0.0,0.0,0.0,0.0,0.0,0.0,0.0,2013-05-20,0.0
69,0.0,0.0,0.0,0.0,0.0,0.0,0.0,0.0,0.0,2013-05-21,0.0
70,0.0,0.0,0.0,0.0,0.0,0.0,0.0,0.0,0.0,2013-05-22,0.0
71,0.0,0.0,0.0,0.0,0.0,0.0,0.0,0.0,0.0,2013-05-23,0.0
72,0.0,0.0,0.0,0.0,0.0,0.0,0.0,0.0,0.0,2013-05-24,0.0
73,0.0,0.0,0.0,0.0,0.0,0.0,0.0,0.0,0.0,2013-05-28,0.0
74,0.0,0.0,0.0,0.0,0.0,0.0,0.0,0.0,0.0,2013-05-29,0.0
75,0.0,0.0,0.0,0.0,0.0,0.0,0.0,0.0,0.0,2013-05-30,0.0
76,0.0,0.0,0.0,0.0,0.0,0.0,0.0,0.0,0.0,2013-05-31,0.0
77,0.0,0.0,0.0,0.0,0.0,0.0,0.0,0.0,0.0,2013-06-03,0.0
78,0.0,0.0,0.0,0.0,0.0,0.0,0.0,0.0,0.0,2013-06-04,0.0
79,0.0,0.0,0.0,0.0,0.0,0.0,0.0,0.0,0.0,2013-06-05,0.0
80,0.0,0.0,0.0,0.0,0.0,0.0,0.0,0.0,0.0,2013-06-06,0.0
81,0.0,0.0,0.0,0.0,0.0,0.0,0.0,0.0,0.0,2013-06-07,0.0
82,0.0,0.0,0.0,0.0,0.0,0.0,0.0,0.0,0.0,2013-06-10,0.0
83,0.0,0.0,0.0,0.0,0.0,0.0,0.0,0.0,0.0,2013-06-11,0.0
84,0.0,0.0,0.0,0.0,0.0,0.0,0.0,0.0,0.0,2013-06-12,0.0
85,0.0,0.0,0.0,0.0,0.0,0.0,0.0,0.0,0.0,2013-06-13,0.0
86,0.0,0.0,0.0,0.0,0.0,0.0,0.0,0.0,0.0,2013-06-14,0.0
87,0.0,0.0,0.0,0.0,0.0,0.0,0.0,0.0,0.0,2013-06-17,0.0
88,0.0,0.0,0.0,0.0,0.0,0.0,0.0,0.0,0.0,2013-06-18,0.0
89,0.0,0.0,0.0,0.0,0.0,0.0,0.0,0.0,0.0,2013-06-19,0.0
90,0.0,0.0,0.0,0.0,0.0,0.0,0.0,0.0,0.0,2013-06-20,0.0
91,0.0,0.0,0.0,0.0,0.0,0.0,0.0,0.0,0.0,2013-06-21,0.0
92,0.0,0.0,0.0,0.0,0.0,0.0,0.0,0.0,0.0,2013-06-24,0.0
93,0.0,0.0,0.0,0.0,0.0,0.0,0.0,0.0,0.0,2013-06-25,0.0
94,0.0,0.0,0.0,0.0,0.0,0.0,0.0,0.0,0.0,2013-06-26,0.0
95,0.0,0.0,0.0,0.0,0.0,0.0,0.0,0.0,0.0,2013-06-27,0.0
96,0.0,0.0,0.0,0.0,0.0,0.0,0.0,0.0,0.0,2013-06-28,0.0
97,0.0,0.0,0.0,0.0,0.0,0.0,0.0,0.0,0.0,2013-07-01,0.0
98,0.0,0.0,0.0,0.0,0.0,0.0,0.0,0.0,0.0,2013-07-02,0.0
99,0.0,0.0,0.0,0.0,0.0,0.0,0.0,0.0,0.0,2013-07-03,0.0
100,0.0,0.0,0.0,0.0,0.0,0.0,0.0,0.0,0.0,2013-07-05,0.0
101,0.0,0.0,0.0,0.0,0.0,0.0,0.0,0.0,0.0,2013-07-08,0.0
102,0.0,0.0,0.0,0.0,0.0,0.0,0.0,0.0,0.0,2013-07-09,0.0
103,0.0,0.0,0.0,0.0,0.0,0.0,0.0,0.0,0.0,2013-07-10,0.0
104,0.0,0.0,0.0,0.0,0.0,0.0,0.0,0.0,0.0,2013-07-11,0.0
105,0.0,0.0,0.0,0.0,0.0,0.0,0.0,0.0,0.0,2013-07-12,0.0
106,0.0,0.0,0.0,0.0,0.0,0.0,0.0,0.0,0.0,2013-07-15,0.0
107,0.0,0.0,0.0,0.0,0.0,0.0,0.0,0.0,0.0,2013-07-16,0.0
108,0.0,0.0,0.0,0.0,0.0,0.0,0.0,0.0,0.0,2013-07-17,0.0
109,0.0,0.0,0.0,0.0,0.0,0.0,0.0,0.0,0.0,2013-07-18,0.0
110,0.0,0.0,0.0,0.0,0.0,0.0,0.0,0.0,0.0,2013-07-19,0.0
111,0.0,0.0,0.0,0.0,0.0,0.0,0.0,0.0,0.0,2013-07-22,0.0
112,0.0,0.0,0.0,0.0,0.0,0.0,0.0,0.0,0.0,2013-07-23,0.0
113,0.0,0.0,0.0,0.0,0.0,0.0,0.0,0.0,0.0,2013-07-24,0.0
114,0.0,0.0,0.0,0.0,0.0,0.0,0.0,0.0,0.0,2013-07-25,0.0
115,0.0,0.0,0.0,0.0,0.0,0.0,0.0,0.0,0.0,2013-07-26,0.0
116,0.0,0.0,0.0,0.0,0.0,0.0,0.0,0.0,0.0,2013-07-29,0.0
117,0.0,0.0,0.0,0.0,0.0,0.0,0.0,0.0,0.0,2013-07-30,0.0
118,0.0,0.0,0.0,0.0,0.0,0.0,0.0,0.0,0.0,2013-07-31,0.0
119,0.0,0.0,0.0,0.0,0.0,0.0,0.0,0.0,0.0,2013-08-01,0.0
120,0.0,0.0,0.0,0.0,0.0,0.0,0.0,0.0,0.0,2013-08-02,0.0
121,0.0,0.0,0.0,0.0,0.0,0.0,0.0,0.0,0.0,2013-08-05,0.0
122,0.0,0.0,0.0,0.0,0.0,0.0,0.0,0.0,0.0,2013-08-06,0.0
123,0.0,0.0,0.0,0.0,0.0,0.0,0.0,0.0,0.0,2013-08-07,0.0
124,0.0,0.0,0.0,0.0,0.0,0.0,0.0,0.0,0.0,2013-08-08,0.0
125,0.0,0.0,0.0,0.0,0.0,0.0,0.0,0.0,0.0,2013-08-09,0.0
126,0.0,0.0,0.0,0.0,0.0,0.0,0.0,0.0,0.0,2013-08-12,0.0
127,0.0,0.0,0.0,0.0,0.0,0.0,0.0,0.0,0.0,2013-08-13,0.0
128,0.0,0.0,0.0,0.0,0.0,0.0,0.0,0.0,0.0,2013-08-14,0.0
129,0.0,0.0,0.0,0.0,0.0,0.0,0.0,0.0,0.0,2013-08-15,0.0
130,0.0,0.0,0.0,0.0,0.0,0.0,0.0,0.0,0.0,2013-08-16,0.0
131,0.0,0.0,0.0,0.0,0.0,0.0,0.0,0.0,0.0,2013-08-19,0.0
132,0.0,0.0,0.0,0.0,0.0,0.0,0.0,0.0,0.0,2013-08-20,0.0
133,0.0,0.0,0.0,0.0,0.0,0.0,0.0,0.0,0.0,2013-08-21,0.0
134,0.0,0.0,0.0,0.0,0.0,0.0,0.0,0.0,0.0,2013-08-22,0.0
135,0.0,0.0,0.0,0.0,0.0,0.0,0.0,0.0,0.0,2013-08-23,0.0
136,0.0,0.0,0.0,0.0,0.0,0.0,0.0,0.0,0.0,2013-08-26,0.0
137,0.0,0.0,0.0,0.0,0.0,0.0,0.0,0.0,0.0,2013-08-27,0.0
138,0.0,0.0,0.0,0.0,0.0,0.0,0.0,0.0,0.0,2013-08-28,0.0
139,0.0,0.0,0.0,0.0,0.0,0.0,0.0,0.0,0.0,2013-08-29,0.0
140,0.0,0.0,0.0,0.0,0.0,0.0,0.0,0.0,0.0,2013-08-30,0.0
141,0.0,0.0,0.0,0.0,0.0,0.0,0.0,0.0,0.0,2013-09-03,0.0
142,0.0,0.0,0.0,0.0,0.0,0.0,0.0,0.0,0.0,2013-09-04,0.0
143,0.0,0.0,0.0,0.0,0.0,0.0,0.0,0.0,0.0,2013-09-05,0.0
144,0.0,0.0,0.0,0.0,0.0,0.0,0.0,0.0,0.0,2013-09-06,0.0
145,0.0,0.0,0.0,0.0,0.0,0.0,0.0,0.0,0.0,2013-09-09,0.0
146,0.0,0.0,0.0,0.0,0.0,0.0,0.0,0.0,0.0,2013-09-10,0.0
147,0.0,0.0,0.0,0.0,0.0,0.0,0.0,0.0,0.0,2013-09-11,0.0
148,0.0,0.0,0.0,0.0,0.0,0.0,0.0,0.0,0.0,2013-09-12,0.0
149,0.0,0.0,0.0,0.0,0.0,0.0,0.0,0.0,0.0,2013-09-13,0.0
150,0.0,0.0,0.0,0.0,0.0,0.0,0.0,0.0,0.0,2013-09-16,0.0
151,0.0,0.0,0.0,0.0,0.0,0.0,0.0,0.0,0.0,2013-09-17,0.0
152,0.0,0.0,0.0,0.0,0.0,0.0,0.0,0.0,0.0,2013-09-18,0.0
153,0.0,0.0,0.0,0.0,0.0,0.0,0.0,0.0,0.0,2013-09-19,0.0
154,0.0,0.0,0.0,0.0,0.0,0.0,0.0,0.0,0.0,2013-09-20,0.0
155,0.0,0.0,0.0,0.0,0.0,0.0,0.0,0.0,0.0,2013-09-23,0.0
156,0.0,0.0,0.0,0.0,0.0,0.0,0.0,0.0,0.0,2013-09-24,0.0
157,0.0,0.0,0.0,0.0,0.0,0.0,0.0,0.0,0.0,2013-09-25,0.0
158,0.0,0.0,0.0,0.0,0.0,0.0,0.0,0.0,0.0,2013-09-26,0.0
159,0.0,0.0,0.0,0.0,0.0,0.0,0.0,0.0,0.0,2013-09-27,0.0
160,0.0,0.0,0.0,0.0,0.0,0.0,0.0,0.0,0.0,2013-09-30,0.0
161,0.0,0.0,0.0,0.0,0.0,0.0,0.0,0.0,0.0,2013-10-01,0.0
162,0.0,0.0,0.0,0.0,0.0,0.0,0.0,0.0,0.0,2013-10-02,0.0
163,0.0,0.0,0.0,0.0,0.0,0.0,0.0,0.0,0.0,2013-10-03,0.0
164,0.0,0.0,0.0,0.0,0.0,0.0,0.0,0.0,0.0,2013-10-04,0.0
165,0.0,0.0,0.0,0.0,0.0,0.0,0.0,0.0,0.0,2013-10-07,0.0
166,0.0,0.0,0.0,0.0,0.0,0.0,0.0,0.0,0.0,2013-10-08,0.0
167,0.0,0.0,0.0,0.0,0.0,0.0,0.0,0.0,0.0,2013-10-09,0.0
168,0.0,0.0,0.0,0.0,0.0,0.0,0.0,0.0,0.0,2013-10-10,0.0
169,0.0,0.0,0.0,0.0,0.0,0.0,0.0,0.0,0.0,2013-10-11,0.0
170,0.0,0.0,0.0,0.0,0.0,0.0,0.0,0.0,0.0,2013-10-14,0.0
171,0.0,0.0,0.0,0.0,0.0,0.0,0.0,0.0,0.0,2013-10-15,0.0
172,0.0,0.0,0.0,0.0,0.0,0.0,0.0,0.0,0.0,2013-10-16,0.0
173,0.0,0.0,0.0,0.0,0.0,0.0,0.0,0.0,0.0,2013-10-17,0.0
174,0.0,0.0,0.0,0.0,0.0,0.0,0.0,0.0,0.0,2013-10-18,0.0
175,0.0,0.0,0.0,0.0,0.0,0.0,0.0,0.0,0.0,2013-10-21,0.0
176,0.0,0.0,0.0,0.0,0.0,0.0,0.0,0.0,0.0,2013-10-22,0.0
177,0.0,0.0,0.0,0.0,0.0,0.0,0.0,0.0,0.0,2013-10-23,0.0
178,0.0,0.0,0.0,0.0,0.0,0.0,0.0,0.0,0.0,2013-10-24,0.0
179,0.0,0.0,0.0,0.0,0.0,0.0,0.0,0.0,0.0,2013-10-25,0.0
180,0.0,0.0,0.0,0.0,0.0,0.0,0.0,0.0,0.0,2013-10-28,0.0
181,0.0,0.0,0.0,0.0,0.0,0.0,0.0,0.0,0.0,2013-10-29,0.0
182,0.0,0.0,0.0,0.0,0.0,0.0,0.0,0.0,0.0,2013-10-30,0.0
183,0.0,0.0,0.0,0.0,0.0,0.0,0.0,0.0,0.0,2013-10-31,0.0
184,0.0,0.0,0.0,0.0,0.0,0.0,0.0,0.0,0.0,2013-11-01,0.0
185,0.0,0.0,0.0,0.0,0.0,0.0,0.0,0.0,0.0,2013-11-04,0.0
186,0.0,0.0,0.0,0.0,0.0,0.0,0.0,0.0,0.0,2013-11-05,0.0
187,0.0,0.0,0.0,0.0,0.0,0.0,0.0,0.0,0.0,2013-11-06,0.0
188,0.0,0.0,0.0,0.0,0.0,0.0,0.0,0.0,0.0,2013-11-07,0.0
189,0.0,0.0,0.0,0.0,0.0,0.0,0.0,0.0,0.0,2013-11-08,0.0
190,0.0,0.0,0.0,0.0,0.0,0.0,0.0,0.0,0.0,2013-11-11,0.0
191,0.0,0.0,0.0,0.0,0.0,0.0,0.0,0.0,0.0,2013-11-12,0.0
192,0.0,0.0,0.0,0.0,0.0,0.0,0.0,0.0,0.0,2013-11-13,0.0
193,0.0,0.0,0.0,0.0,0.0,0.0,0.0,0.0,0.0,2013-11-14,0.0
194,0.0,0.0,0.0,0.0,0.0,0.0,0.0,0.0,0.0,2013-11-15,0.0
195,0.0,0.0,0.0,0.0,0.0,0.0,0.0,0.0,0.0,2013-11-18,0.0
196,0.0,0.0,0.0,0.0,0.0,0.0,0.0,0.0,0.0,2013-11-19,0.0
197,0.0,0.0,0.0,0.0,0.0,0.0,0.0,0.0,0.0,2013-11-20,0.0
198,0.0,0.0,0.0,0.0,0.0,0.0,0.0,0.0,0.0,2013-11-21,0.0
199,0.0,0.0,0.0,0.0,0.0,0.0,0.0,0.0,0.0,2013-11-22,0.0
200,0.0,0.0,0.0,0.0,0.0,0.0,0.0,0.0,0.0,2013-11-25,0.0
201,0.0,0.0,0.0,0.0,0.0,0.0,0.0,0.0,0.0,2013-11-26,0.0
202,0.0,0.0,0.0,0.0,0.0,0.0,0.0,0.0,0.0,2013-11-27,0.0
203,0.0,0.0,0.0,0.0,0.0,0.0,0.0,0.0,0.0,2013-11-29,0.0
204,0.0,0.0,0.0,0.0,0.0,0.0,0.0,0.0,0.0,2013-12-02,0.0
205,0.0,0.0,0.0,0.0,0.0,0.0,0.0,0.0,0.0,2013-12-03,0.0
206,0.0,0.0,0.0,0.0,0.0,0.0,0.0,0.0,0.0,2013-12-04,0.0
207,0.0,0.0,0.0,0.0,0.0,0.0,0.0,0.0,0.0,2013-12-05,0.0
208,0.0,0.0,0.0,0.0,0.0,0.0,0.0,0.0,0.0,2013-12-06,0.0
209,0.0,0.0,0.0,0.0,0.0,0.0,0.0,0.0,0.0,2013-12-09,0.0
210,0.0,0.0,0.0,0.0,0.0,0.0,0.0,0.0,0.0,2013-12-10,0.0
211,0.0,0.0,0.0,0.0,0.0,0.0,0.0,0.0,0.0,2013-12-11,0.0
212,0.0,0.0,0.0,0.0,0.0,0.0,0.0,0.0,0.0,2013-12-12,0.0
213,0.0,0.0,0.0,0.0,0.0,0.0,0.0,0.0,0.0,2013-12-13,0.0
214,0.0,0.0,0.0,0.0,0.0,0.0,0.0,0.0,0.0,2013-12-16,0.0
215,0.0,0.0,0.0,0.0,0.0,0.0,0.0,0.0,0.0,2013-12-17,0.0
216,0.0,0.0,0.0,0.0,0.0,0.0,0.0,0.0,0.0,2013-12-18,0.0
217,0.0,0.0,0.0,0.0,0.0,0.0,0.0,0.0,0.0,2013-12-19,0.0
218,0.0,0.0,0.0,0.0,0.0,0.0,0.0,0.0,0.0,2013-12-20,0.0
219,0.0,0.0,0.0,0.0,0.0,0.0,0.0,0.0,0.0,2013-12-23,0.0
220,0.0,0.0,0.0,0.0,0.0,0.0,0.0,0.0,0.0,2013-12-24,0.0
221,0.0,0.0,0.0,0.0,0.0,0.0,0.0,0.0,0.0,2013-12-26,0.0
222,0.0,0.0,0.0,0.0,0.0,0.0,0.0,0.0,0.0,2013-12-27,0.0
223,0.0,0.0,0.0,0.0,0.0,0.0,0.0,0.0,0.0,2013-12-30,0.0
224,0.0,0.0,0.0,0.0,0.0,0.0,0.0,0.0,0.0,2013-12-31,0.0
225,0.0,0.0,0.0,0.0,0.0,0.0,0.0,0.0,0.0,2014-01-02,0.0
226,0.0,0.0,0.0,0.0,0.0,0.0,0.0,0.0,0.0,2014-01-03,0.0
227,0.0,0.0,0.0,0.0,0.0,0.0,0.0,0.0,0.0,2014-01-06,0.0
228,0.0,0.0,0.0,0.0,0.0,0.0,0.0,0.0,0.0,2014-01-07,0.0
229,0.0,0.0,0.0,0.0,0.0,0.0,0.0,0.0,0.0,2014-01-08,0.0
230,0.0,0.0,0.0,0.0,0.0,0.0,0.0,0.0,0.0,2014-01-09,0.0
231,0.0,0.0,0.0,0.0,0.0,0.0,0.0,0.0,0.0,2014-01-10,0.0
232,0.0,0.0,0.0,0.0,0.0,0.0,0.0,0.0,0.0,2014-01-13,0.0
233,0.0,0.0,0.0,0.0,0.0,0.0,0.0,0.0,0.0,2014-01-14,0.0
234,0.0,0.0,0.0,0.0,0.0,0.0,0.0,0.0,0.0,2014-01-15,0.0
235,0.0,0.0,0.0,0.0,0.0,0.0,0.0,0.0,0.0,2014-01-16,0.0
236,0.0,0.0,0.0,0.0,0.0,0.0,0.0,0.0,0.0,2014-01-17,0.0
237,0.0,0.0,0.0,0.0,0.0,0.0,0.0,0.0,0.0,2014-01-21,0.0
238,0.0,0.0,0.0,0.0,0.0,0.0,0.0,0.0,0.0,2014-01-22,0.0
239,0.0,0.0,0.0,0.0,0.0,0.0,0.0,0.0,0.0,2014-01-23,0.0
240,0.0,0.0,0.0,0.0,0.0,0.0,0.0,0.0,0.0,2014-01-24,0.0
241,0.0,0.0,0.0,0.0,0.0,0.0,0.0,0.0,0.0,2014-01-27,0.0
242,0.0,0.0,0.0,0.0,0.0,0.0,0.0,0.0,0.0,2014-01-28,0.0
243,0.0,0.0,0.0,0.0,0.0,0.0,0.0,0.0,0.0,2014-01-29,0.0
244,0.0,0.0,0.0,0.0,0.0,0.0,0.0,0.0,0.0,2014-01-30,0.0
245,0.0,0.0,0.0,0.0,0.0,0.0,0.0,0.0,0.0,2014-01-31,0.0
246,0.0,0.0,0.0,0.0,0.0,0.0,0.0,0.0,0.0,2014-02-03,0.0
247,0.0,0.0,0.0,0.0,0.0,0.0,0.0,0.0,0.0,2014-02-04,0.0
248,0.0,0.0,0.0,0.0,0.0,0.0,0.0,0.0,0.0,2014-02-05,0.0
249,0.0,0.0,0.0,0.0,0.0,0.0,0.0,0.0,0.0,2014-02-06,0.0
250,0.0,0.0,0.0,0.0,0.0,0.0,0.0,0.0,0.0,2014-02-07,0.0
251,0.0,0.0,0.0,0.0,0.0,0.0,0.0,0.0,0.0,2014-02-10,0.0
252,0.0,0.0,0.0,0.0,0.0,0.0,0.0,0.0,0.0,2014-02-11,0.0
253,0.0,0.0,0.0,0.0,0.0,0.0,0.0,0.0,0.0,2014-02-12,0.0
254,0.0,0.0,0.0,0.0,0.0,0.0,0.0,0.0,0.0,2014-02-13,0.0
255,0.0,0.0,0.0,0.0,0.0,0.0,0.0,0.0,0.0,2014-02-14,0.0
256,0.0,0.0,0.0,0.0,0.0,0.0,0.0,0.0,0.0,2014-02-18,0.0
257,0.0,0.0,0.0,0.0,0.0,0.0,0.0,0.0,0.0,2014-02-19,0.0
258,0.0,0.0,0.0,0.0,0.0,0.0,0.0,0.0,0.0,2014-02-20,0.0
259,0.0,0.0,0.0,0.0,0.0,0.0,0.0,0.0,0.0,2014-02-21,0.0
260,0.0,0.0,0.0,0.0,0.0,0.0,0.0,0.0,0.0,2014-02-24,0.0
261,0.0,0.0,0.0,0.0,0.0,0.0,0.0,0.0,0.0,2014-02-25,0.0
262,0.0,0.0,0.0,0.0,0.0,0.0,0.0,0.0,0.0,2014-02-26,0.0
263,0.0,0.0,0.0,0.0,0.0,0.0,0.0,0.0,0.0,2014-02-27,0.0
264,0.0,0.0,0.0,0.0,0.0,0.0,0.0,0.0,0.0,2014-02-28,0.0
265,0.0,0.0,0.0,0.0,0.0,0.0,0.0,0.0,0.0,2014-03-03,0.0
266,0.0,0.0,0.0,0.0,0.0,0.0,0.0,0.0,0.0,2014-03-04,0.0
267,0.0,0.0,0.0,0.0,0.0,0.0,0.0,0.0,0.0,2014-03-05,0.0
268,0.0,0.0,0.0,0.0,0.0,0.0,0.0,0.0,0.0,2014-03-06,0.0
269,0.0,0.0,0.0,0.0,0.0,0.0,0.0,0.0,0.0,2014-03-07,0.0
270,0.0,0.0,0.0,0.0,0.0,0.0,0.0,0.0,0.0,2014-03-10,0.0
271,0.0,0.0,0.0,0.0,0.0,0.0,0.0,0.0,0.0,2014-03-11,0.0
272,0.0,0.0,0.0,0.0,0.0,0.0,0.0,0.0,0.0,2014-03-12,0.0
273,0.0,0.0,0.0,0.0,0.0,0.0,0.0,0.0,0.0,2014-03-13,0.0
274,0.0,0.0,0.0,0.0,0.0,0.0,0.0,0.0,0.0,2014-03-14,0.0
275,0.0,-22.49000000000005,0.0,12.180000000000115,0.0,-31.460000000000022,-29.399999999999924,15.299999999999768,22.24000000000001,2014-03-17,-33.63000000000011
276,0.0,0.0,0.0,0.0,0.0,0.0,0.0,0.0,0.0,2014-03-18,-33.63000000000011
277,0.0,0.0,0.0,0.0,0.0,0.0,0.0,0.0,0.0,2014-03-19,-33.63000000000011
278,0.0,0.0,0.0,0.0,0.0,0.0,0.0,0.0,0.0,2014-03-20,-33.63000000000011
279,0.0,0.0,0.0,0.0,0.0,0.0,0.0,0.0,0.0,2014-03-21,-33.63000000000011
280,0.0,0.0,0.0,0.0,0.0,0.0,0.0,0.0,0.0,2014-03-24,-33.63000000000011
281,0.0,0.0,0.0,0.0,0.0,0.0,0.0,0.0,0.0,2014-03-25,-33.63000000000011
282,0.0,0.0,0.0,0.0,0.0,0.0,0.0,0.0,0.0,2014-03-26,-33.63000000000011
283,0.0,0.0,0.0,0.0,0.0,0.0,0.0,0.0,0.0,2014-03-27,-33.63000000000011
284,0.0,0.0,0.0,0.0,0.0,0.0,0.0,0.0,0.0,2014-03-28,-33.63000000000011
285,0.0,0.0,0.0,0.0,0.0,0.0,0.0,0.0,0.0,2014-03-31,-33.63000000000011
286,0.0,0.0,0.0,0.0,0.0,0.0,0.0,0.0,0.0,2014-04-01,-33.63000000000011
287,0.0,0.0,0.0,0.0,0.0,0.0,0.0,0.0,0.0,2014-04-02,-33.63000000000011
288,0.0,0.0,0.0,0.0,0.0,0.0,0.0,0.0,0.0,2014-04-03,-33.63000000000011
289,0.0,0.0,0.0,0.0,0.0,0.0,0.0,0.0,0.0,2014-04-04,-33.63000000000011
290,0.0,0.0,0.0,0.0,0.0,0.0,0.0,0.0,0.0,2014-04-07,-33.63000000000011
291,0.0,0.0,0.0,0.0,0.0,0.0,0.0,0.0,0.0,2014-04-08,-33.63000000000011
292,0.0,0.0,0.0,0.0,0.0,0.0,0.0,0.0,0.0,2014-04-09,-33.63000000000011
293,0.0,0.0,0.0,0.0,0.0,0.0,0.0,0.0,0.0,2014-04-10,-33.63000000000011
294,0.0,0.0,0.0,0.0,0.0,0.0,0.0,0.0,0.0,2014-04-11,-33.63000000000011
295,0.0,0.0,0.0,0.0,0.0,0.0,0.0,0.0,0.0,2014-04-14,-33.63000000000011
296,-20.460000000000147,-29.2799999999998,0.0,-15.800000000000123,0.0,-8.500000000000085,-20.519999999999946,-49.13000000000001,0.0,2014-04-15,-177.32000000000022
297,0.0,0.0,0.0,0.0,0.0,0.0,0.0,0.0,0.0,2014-04-16,-177.32000000000022
298,0.0,0.0,0.0,0.0,0.0,0.0,0.0,0.0,0.0,2014-04-17,-177.32000000000022
299,0.0,0.0,0.0,0.0,0.0,0.0,0.0,0.0,0.0,2014-04-21,-177.32000000000022
300,0.0,0.0,0.0,0.0,0.0,0.0,0.0,0.0,0.0,2014-04-22,-177.32000000000022
301,0.0,0.0,0.0,0.0,0.0,0.0,0.0,0.0,0.0,2014-04-23,-177.32000000000022
302,0.0,0.0,0.0,0.0,0.0,0.0,0.0,0.0,0.0,2014-04-24,-177.32000000000022
303,0.0,0.0,0.0,0.0,0.0,0.0,0.0,0.0,0.0,2014-04-25,-177.32000000000022
304,0.0,0.0,0.0,0.0,0.0,0.0,0.0,0.0,0.0,2014-04-28,-177.32000000000022
305,0.0,0.0,0.0,0.0,0.0,0.0,0.0,0.0,0.0,2014-04-29,-177.32000000000022
306,0.0,0.0,0.0,0.0,0.0,0.0,0.0,0.0,0.0,2014-04-30,-177.32000000000022
307,0.0,0.0,0.0,0.0,0.0,0.0,0.0,0.0,0.0,2014-05-01,-177.32000000000022
308,0.0,0.0,0.0,0.0,0.0,0.0,0.0,0.0,0.0,2014-05-02,-177.32000000000022
309,0.0,0.0,0.0,0.0,0.0,0.0,0.0,0.0,0.0,2014-05-05,-177.32000000000022
310,0.0,0.0,0.0,0.0,0.0,0.0,0.0,0.0,0.0,2014-05-06,-177.32000000000022
311,0.0,0.0,0.0,0.0,0.0,0.0,0.0,0.0,0.0,2014-05-07,-177.32000000000022
312,0.0,0.0,0.0,0.0,0.0,0.0,0.0,0.0,0.0,2014-05-08,-177.32000000000022
313,0.0,0.0,0.0,0.0,0.0,0.0,0.0,0.0,0.0,2014-05-09,-177.32000000000022
314,0.0,0.0,0.0,0.0,0.0,0.0,0.0,0.0,0.0,2014-05-12,-177.32000000000022
315,0.0,0.0,0.0,0.0,0.0,0.0,0.0,0.0,0.0,2014-05-13,-177.32000000000022
316,0.0,0.0,0.0,0.0,0.0,0.0,0.0,0.0,0.0,2014-05-14,-177.32000000000022
317,31.049999999999873,0.0,-7.899999999999832,30.999999999999947,0.0,-20.750000000000135,0.0,21.95999999999998,1.7599999999999911,2014-05-15,-120.20000000000039
318,0.0,0.0,0.0,0.0,0.0,0.0,0.0,0.0,0.0,2014-05-16,-120.20000000000039
319,0.0,0.0,0.0,0.0,0.0,0.0,0.0,0.0,0.0,2014-05-19,-120.20000000000039
320,0.0,0.0,0.0,0.0,0.0,0.0,0.0,0.0,0.0,2014-05-20,-120.20000000000039
321,0.0,0.0,0.0,0.0,0.0,0.0,0.0,0.0,0.0,2014-05-21,-120.20000000000039
322,0.0,0.0,0.0,0.0,0.0,0.0,0.0,0.0,0.0,2014-05-22,-120.20000000000039
323,0.0,0.0,0.0,0.0,0.0,0.0,0.0,0.0,0.0,2014-05-23,-120.20000000000039
324,0.0,0.0,0.0,0.0,0.0,0.0,0.0,0.0,0.0,2014-05-27,-120.20000000000039
325,0.0,0.0,0.0,0.0,0.0,0.0,0.0,0.0,0.0,2014-05-28,-120.20000000000039
326,0.0,0.0,0.0,0.0,0.0,0.0,0.0,0.0,0.0,2014-05-29,-120.20000000000039
327,0.0,0.0,0.0,0.0,0.0,0.0,0.0,0.0,0.0,2014-05-30,-120.20000000000039
328,0.0,0.0,0.0,0.0,0.0,0.0,0.0,0.0,0.0,2014-06-02,-120.20000000000039
329,0.0,0.0,0.0,0.0,0.0,0.0,0.0,0.0,0.0,2014-06-03,-120.20000000000039
330,0.0,0.0,0.0,0.0,0.0,0.0,0.0,0.0,0.0,2014-06-04,-120.20000000000039
331,0.0,0.0,0.0,0.0,0.0,0.0,0.0,0.0,0.0,2014-06-05,-120.20000000000039
332,0.0,0.0,0.0,0.0,0.0,0.0,0.0,0.0,0.0,2014-06-06,-120.20000000000039
333,0.0,0.0,0.0,0.0,0.0,0.0,0.0,0.0,0.0,2014-06-09,-120.20000000000039
334,0.0,0.0,0.0,0.0,0.0,0.0,0.0,0.0,0.0,2014-06-10,-120.20000000000039
335,0.0,0.0,0.0,0.0,0.0,0.0,0.0,0.0,0.0,2014-06-11,-120.20000000000039
336,0.0,0.0,0.0,0.0,0.0,0.0,0.0,0.0,0.0,2014-06-12,-120.20000000000039
337,0.0,0.0,0.0,0.0,0.0,0.0,0.0,0.0,0.0,2014-06-13,-120.20000000000039
338,27.720000000000116,0.0,-53.03999999999998,29.599999999999934,0.0,-15.750000000000064,0.0,33.83999999999979,-36.480000000000025,2014-06-16,-134.31000000000063
339,0.0,0.0,0.0,0.0,0.0,0.0,0.0,0.0,0.0,2014-06-17,-134.31000000000063
340,0.0,0.0,0.0,0.0,0.0,0.0,0.0,0.0,0.0,2014-06-18,-134.31000000000063
341,0.0,0.0,0.0,0.0,0.0,0.0,0.0,0.0,0.0,2014-06-19,-134.31000000000063
342,0.0,0.0,0.0,0.0,0.0,0.0,0.0,0.0,0.0,2014-06-20,-134.31000000000063
343,0.0,0.0,0.0,0.0,0.0,0.0,0.0,0.0,0.0,2014-06-23,-134.31000000000063
344,0.0,0.0,0.0,0.0,0.0,0.0,0.0,0.0,0.0,2014-06-24,-134.31000000000063
345,0.0,0.0,0.0,0.0,0.0,0.0,0.0,0.0,0.0,2014-06-25,-134.31000000000063
346,0.0,0.0,0.0,0.0,0.0,0.0,0.0,0.0,0.0,2014-06-26,-134.31000000000063
347,0.0,0.0,0.0,0.0,0.0,0.0,0.0,0.0,0.0,2014-06-27,-134.31000000000063
348,0.0,0.0,0.0,0.0,0.0,0.0,0.0,0.0,0.0,2014-06-30,-134.31000000000063
349,0.0,0.0,0.0,0.0,0.0,0.0,0.0,0.0,0.0,2014-07-01,-134.31000000000063
350,0.0,0.0,0.0,0.0,0.0,0.0,0.0,0.0,0.0,2014-07-02,-134.31000000000063
351,0.0,0.0,0.0,0.0,0.0,0.0,0.0,0.0,0.0,2014-07-03,-134.31000000000063
352,0.0,0.0,0.0,0.0,0.0,0.0,0.0,0.0,0.0,2014-07-07,-134.31000000000063
353,0.0,0.0,0.0,0.0,0.0,0.0,0.0,0.0,0.0,2014-07-08,-134.31000000000063
354,0.0,0.0,0.0,0.0,0.0,0.0,0.0,0.0,0.0,2014-07-09,-134.31000000000063
355,0.0,0.0,0.0,0.0,0.0,0.0,0.0,0.0,0.0,2014-07-10,-134.31000000000063
356,0.0,0.0,0.0,0.0,0.0,0.0,0.0,0.0,0.0,2014-07-11,-134.31000000000063
357,0.0,0.0,0.0,0.0,0.0,0.0,0.0,0.0,0.0,2014-07-14,-134.31000000000063
358,0.0,0.0,0.0,0.0,0.0,0.0,0.0,0.0,0.0,2014-07-15,-134.31000000000063
359,19.739999999999952,4.620000000000019,-33.4400000000001,3.0400000000000698,0.0,-5.9999999999998295,0.0,0.0,-30.40000000000009,2014-07-16,-176.7500000000006
360,0.0,0.0,0.0,0.0,0.0,0.0,0.0,0.0,0.0,2014-07-17,-176.7500000000006
361,0.0,0.0,0.0,0.0,0.0,0.0,0.0,0.0,0.0,2014-07-18,-176.7500000000006
362,0.0,0.0,0.0,0.0,0.0,0.0,0.0,0.0,0.0,2014-07-21,-176.7500000000006
363,0.0,0.0,0.0,0.0,0.0,0.0,0.0,0.0,0.0,2014-07-22,-176.7500000000006
364,0.0,0.0,0.0,0.0,0.0,0.0,0.0,0.0,0.0,2014-07-23,-176.7500000000006
365,0.0,0.0,0.0,0.0,0.0,0.0,0.0,0.0,0.0,2014-07-24,-176.7500000000006
366,0.0,0.0,0.0,0.0,0.0,0.0,0.0,0.0,0.0,2014-07-25,-176.7500000000006
367,0.0,0.0,0.0,0.0,0.0,0.0,0.0,0.0,0.0,2014-07-28,-176.7500000000006
368,0.0,0.0,0.0,0.0,0.0,0.0,0.0,0.0,0.0,2014-07-29,-176.7500000000006
369,0.0,0.0,0.0,0.0,0.0,0.0,0.0,0.0,0.0,2014-07-30,-176.7500000000006
370,0.0,0.0,0.0,0.0,0.0,0.0,0.0,0.0,0.0,2014-07-31,-176.7500000000006
371,0.0,0.0,0.0,0.0,0.0,0.0,0.0,0.0,0.0,2014-08-01,-176.7500000000006
372,0.0,0.0,0.0,0.0,0.0,0.0,0.0,0.0,0.0,2014-08-04,-176.7500000000006
373,0.0,0.0,0.0,0.0,0.0,0.0,0.0,0.0,0.0,2014-08-05,-176.7500000000006
374,0.0,0.0,0.0,0.0,0.0,0.0,0.0,0.0,0.0,2014-08-06,-176.7500000000006
375,0.0,0.0,0.0,0.0,0.0,0.0,0.0,0.0,0.0,2014-08-07,-176.7500000000006
376,0.0,0.0,0.0,0.0,0.0,0.0,0.0,0.0,0.0,2014-08-08,-176.7500000000006
377,0.0,0.0,0.0,0.0,0.0,0.0,0.0,0.0,0.0,2014-08-11,-176.7500000000006
378,0.0,0.0,0.0,0.0,0.0,0.0,0.0,0.0,0.0,2014-08-12,-176.7500000000006
379,0.0,0.0,0.0,0.0,0.0,0.0,0.0,0.0,0.0,2014-08-13,-176.7500000000006
380,-0.20999999999995825,-42.790000000000006,15.540000000000065,0.0,-5.200000000000075,14.639999999999983,0.0,0.0,7.650000000000078,2014-08-14,-187.12000000000052
381,0.0,0.0,0.0,0.0,0.0,0.0,0.0,0.0,0.0,2014-08-15,-187.12000000000052
382,0.0,0.0,0.0,0.0,0.0,0.0,0.0,0.0,0.0,2014-08-18,-187.12000000000052
383,0.0,0.0,0.0,0.0,0.0,0.0,0.0,0.0,0.0,2014-08-19,-187.12000000000052
384,0.0,0.0,0.0,0.0,0.0,0.0,0.0,0.0,0.0,2014-08-20,-187.12000000000052
385,0.0,0.0,0.0,0.0,0.0,0.0,0.0,0.0,0.0,2014-08-21,-187.12000000000052
386,0.0,0.0,0.0,0.0,0.0,0.0,0.0,0.0,0.0,2014-08-22,-187.12000000000052
387,0.0,0.0,0.0,0.0,0.0,0.0,0.0,0.0,0.0,2014-08-25,-187.12000000000052
388,0.0,0.0,0.0,0.0,0.0,0.0,0.0,0.0,0.0,2014-08-26,-187.12000000000052
389,0.0,0.0,0.0,0.0,0.0,0.0,0.0,0.0,0.0,2014-08-27,-187.12000000000052
390,0.0,0.0,0.0,0.0,0.0,0.0,0.0,0.0,0.0,2014-08-28,-187.12000000000052
391,0.0,0.0,0.0,0.0,0.0,0.0,0.0,0.0,0.0,2014-08-29,-187.12000000000052
392,0.0,0.0,0.0,0.0,0.0,0.0,0.0,0.0,0.0,2014-09-02,-187.12000000000052
393,0.0,0.0,0.0,0.0,0.0,0.0,0.0,0.0,0.0,2014-09-03,-187.12000000000052
394,0.0,0.0,0.0,0.0,0.0,0.0,0.0,0.0,0.0,2014-09-04,-187.12000000000052
395,0.0,0.0,0.0,0.0,0.0,0.0,0.0,0.0,0.0,2014-09-05,-187.12000000000052
396,0.0,0.0,0.0,0.0,0.0,0.0,0.0,0.0,0.0,2014-09-08,-187.12000000000052
397,0.0,0.0,0.0,0.0,0.0,0.0,0.0,0.0,0.0,2014-09-09,-187.12000000000052
398,0.0,0.0,0.0,0.0,0.0,0.0,0.0,0.0,0.0,2014-09-10,-187.12000000000052
399,0.0,0.0,0.0,0.0,0.0,0.0,0.0,0.0,0.0,2014-09-11,-187.12000000000052
400,0.0,0.0,0.0,0.0,0.0,0.0,0.0,0.0,0.0,2014-09-12,-187.12000000000052
401,0.6299999999998747,0.0,-36.74999999999989,0.0,24.569999999999908,-12.0,0.0,27.36999999999999,-12.899999999999993,2014-09-15,-196.20000000000064
402,0.0,0.0,0.0,0.0,0.0,0.0,0.0,0.0,0.0,2014-09-16,-196.20000000000064
403,0.0,0.0,0.0,0.0,0.0,0.0,0.0,0.0,0.0,2014-09-17,-196.20000000000064
404,0.0,0.0,0.0,0.0,0.0,0.0,0.0,0.0,0.0,2014-09-18,-196.20000000000064
405,0.0,0.0,0.0,0.0,0.0,0.0,0.0,0.0,0.0,2014-09-19,-196.20000000000064
406,0.0,0.0,0.0,0.0,0.0,0.0,0.0,0.0,0.0,2014-09-22,-196.20000000000064
407,0.0,0.0,0.0,0.0,0.0,0.0,0.0,0.0,0.0,2014-09-23,-196.20000000000064
408,0.0,0.0,0.0,0.0,0.0,0.0,0.0,0.0,0.0,2014-09-24,-196.20000000000064
409,0.0,0.0,0.0,0.0,0.0,0.0,0.0,0.0,0.0,2014-09-25,-196.20000000000064
410,0.0,0.0,0.0,0.0,0.0,0.0,0.0,0.0,0.0,2014-09-26,-196.20000000000064
411,0.0,0.0,0.0,0.0,0.0,0.0,0.0,0.0,0.0,2014-09-29,-196.20000000000064
412,0.0,0.0,0.0,0.0,0.0,0.0,0.0,0.0,0.0,2014-09-30,-196.20000000000064
413,0.0,0.0,0.0,0.0,0.0,0.0,0.0,0.0,0.0,2014-10-01,-196.20000000000064
414,0.0,0.0,0.0,0.0,0.0,0.0,0.0,0.0,0.0,2014-10-02,-196.20000000000064
415,0.0,0.0,0.0,0.0,0.0,0.0,0.0,0.0,0.0,2014-10-03,-196.20000000000064
416,0.0,0.0,0.0,0.0,0.0,0.0,0.0,0.0,0.0,2014-10-06,-196.20000000000064
417,0.0,0.0,0.0,0.0,0.0,0.0,0.0,0.0,0.0,2014-10-07,-196.20000000000064
418,0.0,0.0,0.0,0.0,0.0,0.0,0.0,0.0,0.0,2014-10-08,-196.20000000000064
419,0.0,0.0,0.0,0.0,0.0,0.0,0.0,0.0,0.0,2014-10-09,-196.20000000000064
420,0.0,0.0,0.0,0.0,0.0,0.0,0.0,0.0,0.0,2014-10-10,-196.20000000000064
421,0.0,0.0,0.0,0.0,0.0,0.0,0.0,0.0,0.0,2014-10-13,-196.20000000000064
422,-90.09000000000013,0.0,0.0,75.61999999999995,-49.920000000000044,1.9200000000003,0.0,-27.19999999999993,64.05000000000004,2014-10-14,-221.82000000000045
423,0.0,0.0,0.0,0.0,0.0,0.0,0.0,0.0,0.0,2014-10-15,-221.82000000000045
424,0.0,0.0,0.0,0.0,0.0,0.0,0.0,0.0,0.0,2014-10-16,-221.82000000000045
425,0.0,0.0,0.0,0.0,0.0,0.0,0.0,0.0,0.0,2014-10-17,-221.82000000000045
426,0.0,0.0,0.0,0.0,0.0,0.0,0.0,0.0,0.0,2014-10-20,-221.82000000000045
427,0.0,0.0,0.0,0.0,0.0,0.0,0.0,0.0,0.0,2014-10-21,-221.82000000000045
428,0.0,0.0,0.0,0.0,0.0,0.0,0.0,0.0,0.0,2014-10-22,-221.82000000000045
429,0.0,0.0,0.0,0.0,0.0,0.0,0.0,0.0,0.0,2014-10-23,-221.82000000000045
430,0.0,0.0,0.0,0.0,0.0,0.0,0.0,0.0,0.0,2014-10-24,-221.82000000000045
431,0.0,0.0,0.0,0.0,0.0,0.0,0.0,0.0,0.0,2014-10-27,-221.82000000000045
432,0.0,0.0,0.0,0.0,0.0,0.0,0.0,0.0,0.0,2014-10-28,-221.82000000000045
433,0.0,0.0,0.0,0.0,0.0,0.0,0.0,0.0,0.0,2014-10-29,-221.82000000000045
434,0.0,0.0,0.0,0.0,0.0,0.0,0.0,0.0,0.0,2014-10-30,-221.82000000000045
435,0.0,0.0,0.0,0.0,0.0,0.0,0.0,0.0,0.0,2014-10-31,-221.82000000000045
436,0.0,0.0,0.0,0.0,0.0,0.0,0.0,0.0,0.0,2014-11-03,-221.82000000000045
437,0.0,0.0,0.0,0.0,0.0,0.0,0.0,0.0,0.0,2014-11-04,-221.82000000000045
438,0.0,0.0,0.0,0.0,0.0,0.0,0.0,0.0,0.0,2014-11-05,-221.82000000000045
439,0.0,0.0,0.0,0.0,0.0,0.0,0.0,0.0,0.0,2014-11-06,-221.82000000000045
440,0.0,0.0,0.0,0.0,0.0,0.0,0.0,0.0,0.0,2014-11-07,-221.82000000000045
441,0.0,0.0,0.0,0.0,0.0,0.0,0.0,0.0,0.0,2014-11-10,-221.82000000000045
442,0.0,0.0,0.0,0.0,0.0,0.0,0.0,0.0,0.0,2014-11-11,-221.82000000000045
443,-104.42,-101.39999999999996,0.0,0.0,103.32000000000014,0.0,80.25000000000003,125.2900000000002,-83.84000000000015,2014-11-12,-202.62000000000018
444,0.0,0.0,0.0,0.0,0.0,0.0,0.0,0.0,0.0,2014-11-13,-202.62000000000018
445,0.0,0.0,0.0,0.0,0.0,0.0,0.0,0.0,0.0,2014-11-14,-202.62000000000018
446,0.0,0.0,0.0,0.0,0.0,0.0,0.0,0.0,0.0,2014-11-17,-202.62000000000018
447,0.0,0.0,0.0,0.0,0.0,0.0,0.0,0.0,0.0,2014-11-18,-202.62000000000018
448,0.0,0.0,0.0,0.0,0.0,0.0,0.0,0.0,0.0,2014-11-19,-202.62000000000018
449,0.0,0.0,0.0,0.0,0.0,0.0,0.0,0.0,0.0,2014-11-20,-202.62000000000018
450,0.0,0.0,0.0,0.0,0.0,0.0,0.0,0.0,0.0,2014-11-21,-202.62000000000018
451,0.0,0.0,0.0,0.0,0.0,0.0,0.0,0.0,0.0,2014-11-24,-202.62000000000018
452,0.0,0.0,0.0,0.0,0.0,0.0,0.0,0.0,0.0,2014-11-25,-202.62000000000018
453,0.0,0.0,0.0,0.0,0.0,0.0,0.0,0.0,0.0,2014-11-26,-202.62000000000018
454,0.0,0.0,0.0,0.0,0.0,0.0,0.0,0.0,0.0,2014-11-28,-202.62000000000018
455,3.5700000000000363,79.68000000000019,0.0,0.0,29.749999999999947,0.0,8.399999999999864,21.000000000000085,-48.75,2014-12-01,-108.97000000000006
456,0.0,0.0,0.0,0.0,0.0,0.0,0.0,0.0,0.0,2014-12-02,-108.97000000000006
457,0.0,0.0,0.0,0.0,0.0,0.0,0.0,0.0,0.0,2014-12-03,-108.97000000000006
458,0.0,0.0,0.0,0.0,0.0,0.0,0.0,0.0,0.0,2014-12-04,-108.97000000000006
459,0.0,0.0,0.0,0.0,0.0,0.0,0.0,0.0,0.0,2014-12-05,-108.97000000000006
460,0.0,0.0,0.0,0.0,0.0,0.0,0.0,0.0,0.0,2014-12-08,-108.97000000000006
461,0.0,0.0,0.0,0.0,0.0,0.0,0.0,0.0,0.0,2014-12-09,-108.97000000000006
462,0.0,0.0,0.0,0.0,0.0,0.0,0.0,0.0,0.0,2014-12-10,-108.97000000000006
463,0.0,0.0,0.0,0.0,0.0,0.0,0.0,0.0,0.0,2014-12-11,-108.97000000000006
464,0.0,0.0,0.0,0.0,0.0,0.0,0.0,0.0,0.0,2014-12-12,-108.97000000000006
465,0.0,0.0,0.0,0.0,0.0,0.0,0.0,0.0,0.0,2014-12-15,-108.97000000000006
466,0.0,0.0,0.0,0.0,0.0,0.0,0.0,0.0,0.0,2014-12-16,-108.97000000000006
467,0.0,0.0,0.0,0.0,0.0,0.0,0.0,0.0,0.0,2014-12-17,-108.97000000000006
468,0.0,0.0,0.0,0.0,0.0,0.0,0.0,0.0,0.0,2014-12-18,-108.97000000000006
469,0.0,0.0,0.0,0.0,0.0,0.0,0.0,0.0,0.0,2014-12-19,-108.97000000000006
470,0.0,0.0,0.0,0.0,0.0,0.0,0.0,0.0,0.0,2014-12-22,-108.97000000000006
471,0.0,0.0,0.0,0.0,0.0,0.0,0.0,0.0,0.0,2014-12-23,-108.97000000000006
472,0.0,0.0,0.0,0.0,0.0,0.0,0.0,0.0,0.0,2014-12-24,-108.97000000000006
473,0.0,0.0,0.0,0.0,0.0,0.0,0.0,0.0,0.0,2014-12-26,-108.97000000000006
474,0.0,0.0,0.0,0.0,0.0,0.0,0.0,0.0,0.0,2014-12-29,-108.97000000000006
475,0.0,0.0,0.0,0.0,0.0,0.0,0.0,0.0,0.0,2014-12-30,-108.97000000000006
476,-10.920000000000067,3.119999999999933,0.0,-18.62000000000008,-0.9999999999999788,6.819999999999894,0.0,-6.3000000000000265,0.0,2014-12-31,-135.87000000000037
477,0.0,0.0,0.0,0.0,0.0,0.0,0.0,0.0,0.0,2015-01-02,-135.87000000000037
478,0.0,0.0,0.0,0.0,0.0,0.0,0.0,0.0,0.0,2015-01-05,-135.87000000000037
479,0.0,0.0,0.0,0.0,0.0,0.0,0.0,0.0,0.0,2015-01-06,-135.87000000000037
480,0.0,0.0,0.0,0.0,0.0,0.0,0.0,0.0,0.0,2015-01-07,-135.87000000000037
481,0.0,0.0,0.0,0.0,0.0,0.0,0.0,0.0,0.0,2015-01-08,-135.87000000000037
482,0.0,0.0,0.0,0.0,0.0,0.0,0.0,0.0,0.0,2015-01-09,-135.87000000000037
483,0.0,0.0,0.0,0.0,0.0,0.0,0.0,0.0,0.0,2015-01-12,-135.87000000000037
484,0.0,0.0,0.0,0.0,0.0,0.0,0.0,0.0,0.0,2015-01-13,-135.87000000000037
485,0.0,0.0,0.0,0.0,0.0,0.0,0.0,0.0,0.0,2015-01-14,-135.87000000000037
486,0.0,0.0,0.0,0.0,0.0,0.0,0.0,0.0,0.0,2015-01-15,-135.87000000000037
487,0.0,0.0,0.0,0.0,0.0,0.0,0.0,0.0,0.0,2015-01-16,-135.87000000000037
488,0.0,0.0,0.0,0.0,0.0,0.0,0.0,0.0,0.0,2015-01-20,-135.87000000000037
489,0.0,0.0,0.0,0.0,0.0,0.0,0.0,0.0,0.0,2015-01-21,-135.87000000000037
490,0.0,0.0,0.0,0.0,0.0,0.0,0.0,0.0,0.0,2015-01-22,-135.87000000000037
491,0.0,0.0,0.0,0.0,0.0,0.0,0.0,0.0,0.0,2015-01-23,-135.87000000000037
492,0.0,0.0,0.0,0.0,0.0,0.0,0.0,0.0,0.0,2015-01-26,-135.87000000000037
493,0.0,0.0,0.0,0.0,0.0,0.0,0.0,0.0,0.0,2015-01-27,-135.87000000000037
494,0.0,0.0,0.0,0.0,0.0,0.0,0.0,0.0,0.0,2015-01-28,-135.87000000000037
495,0.0,0.0,0.0,0.0,0.0,0.0,0.0,0.0,0.0,2015-01-29,-135.87000000000037
496,0.0,0.0,0.0,0.0,0.0,0.0,0.0,0.0,0.0,2015-01-30,-135.87000000000037
497,17.639999999999922,29.25,0.0,38.69999999999997,-39.25000000000001,0.0,14.720000000000011,10.35000000000018,0.0,2015-02-02,-64.46000000000029
498,0.0,0.0,0.0,0.0,0.0,0.0,0.0,0.0,0.0,2015-02-03,-64.46000000000029
499,0.0,0.0,0.0,0.0,0.0,0.0,0.0,0.0,0.0,2015-02-04,-64.46000000000029
500,0.0,0.0,0.0,0.0,0.0,0.0,0.0,0.0,0.0,2015-02-05,-64.46000000000029
501,0.0,0.0,0.0,0.0,0.0,0.0,0.0,0.0,0.0,2015-02-06,-64.46000000000029
502,-26.399999999999906,-19.599999999999877,-32.39999999999995,0.0,0.0,2.200000000000188,-43.55999999999977,-8.100000000000094,0.0,2015-02-09,-192.3199999999997
503,0.0,0.0,0.0,0.0,0.0,0.0,0.0,0.0,0.0,2015-02-10,-192.3199999999997
504,0.0,0.0,0.0,0.0,0.0,0.0,0.0,0.0,0.0,2015-02-11,-192.3199999999997
505,0.0,0.0,0.0,0.0,0.0,0.0,0.0,0.0,0.0,2015-02-12,-192.3199999999997
506,0.0,0.0,0.0,0.0,0.0,0.0,0.0,0.0,0.0,2015-02-13,-192.3199999999997
507,0.0,0.0,0.0,0.0,0.0,0.0,0.0,0.0,0.0,2015-02-17,-192.3199999999997
508,0.0,0.0,0.0,0.0,0.0,0.0,0.0,0.0,0.0,2015-02-18,-192.3199999999997
509,0.0,0.0,0.0,0.0,0.0,0.0,0.0,0.0,0.0,2015-02-19,-192.3199999999997
510,0.0,0.0,0.0,0.0,0.0,0.0,0.0,0.0,0.0,2015-02-20,-192.3199999999997
511,0.0,0.0,0.0,0.0,0.0,0.0,0.0,0.0,0.0,2015-02-23,-192.3199999999997
512,0.0,0.0,0.0,0.0,0.0,0.0,0.0,0.0,0.0,2015-02-24,-192.3199999999997
513,0.0,0.0,0.0,0.0,0.0,0.0,0.0,0.0,0.0,2015-02-25,-192.3199999999997
514,0.0,0.0,0.0,0.0,0.0,0.0,0.0,0.0,0.0,2015-02-26,-192.3199999999997
515,0.0,0.0,0.0,0.0,0.0,0.0,0.0,0.0,0.0,2015-02-27,-192.3199999999997
516,0.0,0.0,0.0,0.0,0.0,0.0,0.0,0.0,0.0,2015-03-02,-192.3199999999997
517,0.0,0.0,0.0,0.0,0.0,0.0,0.0,0.0,0.0,2015-03-03,-192.3199999999997
518,0.0,0.0,0.0,0.0,0.0,0.0,0.0,0.0,0.0,2015-03-04,-192.3199999999997
519,0.0,0.0,0.0,0.0,0.0,0.0,0.0,0.0,0.0,2015-03-05,-192.3199999999997
520,0.0,0.0,0.0,0.0,0.0,0.0,0.0,0.0,0.0,2015-03-06,-192.3199999999997
521,0.0,0.0,0.0,0.0,0.0,0.0,0.0,0.0,0.0,2015-03-09,-192.3199999999997
522,0.0,0.0,0.0,0.0,0.0,0.0,0.0,0.0,0.0,2015-03-10,-192.3199999999997
523,6.929999999999964,61.61999999999993,0.0,5.2199999999999855,0.0,-16.719999999999956,-68.87999999999977,28.650000000000162,0.0,2015-03-11,-175.49999999999937
524,0.0,0.0,0.0,0.0,0.0,0.0,0.0,0.0,0.0,2015-03-12,-175.49999999999937
525,0.0,0.0,0.0,0.0,0.0,0.0,0.0,0.0,0.0,2015-03-13,-175.49999999999937
526,0.0,0.0,0.0,0.0,0.0,0.0,0.0,0.0,0.0,2015-03-16,-175.49999999999937
527,0.0,0.0,0.0,0.0,0.0,0.0,0.0,0.0,0.0,2015-03-17,-175.49999999999937
528,0.0,0.0,0.0,0.0,0.0,0.0,0.0,0.0,0.0,2015-03-18,-175.49999999999937
529,0.0,0.0,0.0,0.0,0.0,0.0,0.0,0.0,0.0,2015-03-19,-175.49999999999937
530,0.0,0.0,0.0,0.0,0.0,0.0,0.0,0.0,0.0,2015-03-20,-175.49999999999937
531,0.0,0.0,0.0,0.0,0.0,0.0,0.0,0.0,0.0,2015-03-23,-175.49999999999937
532,0.0,0.0,0.0,0.0,0.0,0.0,0.0,0.0,0.0,2015-03-24,-175.49999999999937
533,0.0,0.0,0.0,0.0,0.0,0.0,0.0,0.0,0.0,2015-03-25,-175.49999999999937
534,0.0,0.0,0.0,0.0,0.0,0.0,0.0,0.0,0.0,2015-03-26,-175.49999999999937
535,0.0,0.0,0.0,0.0,0.0,0.0,0.0,0.0,0.0,2015-03-27,-175.49999999999937
536,0.0,0.0,0.0,0.0,0.0,0.0,0.0,0.0,0.0,2015-03-30,-175.49999999999937
537,0.0,0.0,0.0,0.0,0.0,0.0,0.0,0.0,0.0,2015-03-31,-175.49999999999937
538,0.0,0.0,0.0,0.0,0.0,0.0,0.0,0.0,0.0,2015-04-01,-175.49999999999937
539,0.0,0.0,0.0,0.0,0.0,0.0,0.0,0.0,0.0,2015-04-02,-175.49999999999937
540,0.0,0.0,0.0,0.0,0.0,0.0,0.0,0.0,0.0,2015-04-06,-175.49999999999937
541,0.0,0.0,0.0,0.0,0.0,0.0,0.0,0.0,0.0,2015-04-07,-175.49999999999937
542,0.0,0.0,0.0,0.0,0.0,0.0,0.0,0.0,0.0,2015-04-08,-175.49999999999937
543,0.0,0.0,0.0,0.0,0.0,0.0,0.0,0.0,0.0,2015-04-09,-175.49999999999937
544,2.940000000000012,-62.859999999999935,0.0,0.0,15.750000000000064,0.0,-27.250000000000085,30.23999999999995,27.579999999999984,2015-04-10,-189.0999999999994
545,0.0,0.0,0.0,0.0,0.0,0.0,0.0,0.0,0.0,2015-04-13,-189.0999999999994
546,0.0,0.0,0.0,0.0,0.0,0.0,0.0,0.0,0.0,2015-04-14,-189.0999999999994
547,0.0,0.0,0.0,0.0,0.0,0.0,0.0,0.0,0.0,2015-04-15,-189.0999999999994
548,0.0,0.0,0.0,0.0,0.0,0.0,0.0,0.0,0.0,2015-04-16,-189.0999999999994
549,0.0,0.0,0.0,0.0,0.0,0.0,0.0,0.0,0.0,2015-04-17,-189.0999999999994
550,0.0,0.0,0.0,0.0,0.0,0.0,0.0,0.0,0.0,2015-04-20,-189.0999999999994
551,0.0,0.0,0.0,0.0,0.0,0.0,0.0,0.0,0.0,2015-04-21,-189.0999999999994
552,0.0,0.0,0.0,0.0,0.0,0.0,0.0,0.0,0.0,2015-04-22,-189.0999999999994
553,0.0,0.0,0.0,0.0,0.0,0.0,0.0,0.0,0.0,2015-04-23,-189.0999999999994
554,0.0,0.0,0.0,0.0,0.0,0.0,0.0,0.0,0.0,2015-04-24,-189.0999999999994
555,0.0,0.0,0.0,0.0,0.0,0.0,0.0,0.0,0.0,2015-04-27,-189.0999999999994
556,0.0,0.0,0.0,0.0,0.0,0.0,0.0,0.0,0.0,2015-04-28,-189.0999999999994
557,0.0,0.0,0.0,0.0,0.0,0.0,0.0,0.0,0.0,2015-04-29,-189.0999999999994
558,0.0,0.0,0.0,0.0,0.0,0.0,0.0,0.0,0.0,2015-04-30,-189.0999999999994
559,0.0,0.0,0.0,0.0,0.0,0.0,0.0,0.0,0.0,2015-05-01,-189.0999999999994
560,0.0,0.0,0.0,0.0,0.0,0.0,0.0,0.0,0.0,2015-05-04,-189.0999999999994
561,0.0,0.0,0.0,0.0,0.0,0.0,0.0,0.0,0.0,2015-05-05,-189.0999999999994
562,0.0,0.0,0.0,0.0,0.0,0.0,0.0,0.0,0.0,2015-05-06,-189.0999999999994
563,0.0,0.0,0.0,0.0,0.0,0.0,0.0,0.0,0.0,2015-05-07,-189.0999999999994
564,0.0,0.0,0.0,0.0,0.0,0.0,0.0,0.0,0.0,2015-05-08,-189.0999999999994
565,-42.41999999999992,-17.55000000000011,-31.049999999999947,0.0,0.0,-9.239999999999805,0.0,-5.60000000000008,-0.7799999999998448,2015-05-11,-295.7399999999991
566,0.0,0.0,0.0,0.0,0.0,0.0,0.0,0.0,0.0,2015-05-12,-295.7399999999991
567,0.0,0.0,0.0,0.0,0.0,0.0,0.0,0.0,0.0,2015-05-13,-295.7399999999991
568,0.0,0.0,0.0,0.0,0.0,0.0,0.0,0.0,0.0,2015-05-14,-295.7399999999991
569,0.0,0.0,0.0,0.0,0.0,0.0,0.0,0.0,0.0,2015-05-15,-295.7399999999991
570,0.0,0.0,0.0,0.0,0.0,0.0,0.0,0.0,0.0,2015-05-18,-295.7399999999991
571,0.0,0.0,0.0,0.0,0.0,0.0,0.0,0.0,0.0,2015-05-19,-295.7399999999991
572,0.0,0.0,0.0,0.0,0.0,0.0,0.0,0.0,0.0,2015-05-20,-295.7399999999991
573,0.0,0.0,0.0,0.0,0.0,0.0,0.0,0.0,0.0,2015-05-21,-295.7399999999991
574,0.0,0.0,0.0,0.0,0.0,0.0,0.0,0.0,0.0,2015-05-22,-295.7399999999991
575,0.0,0.0,0.0,0.0,0.0,0.0,0.0,0.0,0.0,2015-05-26,-295.7399999999991
576,0.0,0.0,0.0,0.0,0.0,0.0,0.0,0.0,0.0,2015-05-27,-295.7399999999991
577,0.0,0.0,0.0,0.0,0.0,0.0,0.0,0.0,0.0,2015-05-28,-295.7399999999991
578,0.0,0.0,0.0,0.0,0.0,0.0,0.0,0.0,0.0,2015-05-29,-295.7399999999991
579,0.0,0.0,0.0,0.0,0.0,0.0,0.0,0.0,0.0,2015-06-01,-295.7399999999991
580,0.0,0.0,0.0,0.0,0.0,0.0,0.0,0.0,0.0,2015-06-02,-295.7399999999991
581,0.0,0.0,0.0,0.0,0.0,0.0,0.0,0.0,0.0,2015-06-03,-295.7399999999991
582,0.0,0.0,0.0,0.0,0.0,0.0,0.0,0.0,0.0,2015-06-04,-295.7399999999991
583,0.0,0.0,0.0,0.0,0.0,0.0,0.0,0.0,0.0,2015-06-05,-295.7399999999991
584,0.0,0.0,0.0,0.0,0.0,0.0,0.0,0.0,0.0,2015-06-08,-295.7399999999991
585,0.0,0.0,0.0,0.0,0.0,0.0,0.0,0.0,0.0,2015-06-09,-295.7399999999991
586,0.0,25.089999999999904,0.0,12.959999999999981,-2.6399999999999864,0.0,18.75,16.24000000000015,4.939999999999942,2015-06-10,-220.39999999999912
587,0.0,0.0,0.0,0.0,0.0,0.0,0.0,0.0,0.0,2015-06-11,-220.39999999999912
588,0.0,0.0,0.0,0.0,0.0,0.0,0.0,0.0,0.0,2015-06-12,-220.39999999999912
589,0.0,0.0,0.0,0.0,0.0,0.0,0.0,0.0,0.0,2015-06-15,-220.39999999999912
590,0.0,0.0,0.0,0.0,0.0,0.0,0.0,0.0,0.0,2015-06-16,-220.39999999999912
591,0.0,0.0,0.0,0.0,0.0,0.0,0.0,0.0,0.0,2015-06-17,-220.39999999999912
592,0.0,0.0,0.0,0.0,0.0,0.0,0.0,0.0,0.0,2015-06-18,-220.39999999999912
593,0.0,0.0,0.0,0.0,0.0,0.0,0.0,0.0,0.0,2015-06-19,-220.39999999999912
594,0.0,0.0,0.0,0.0,0.0,0.0,0.0,0.0,0.0,2015-06-22,-220.39999999999912
595,0.0,0.0,0.0,0.0,0.0,0.0,0.0,0.0,0.0,2015-06-23,-220.39999999999912
596,0.0,0.0,0.0,0.0,0.0,0.0,0.0,0.0,0.0,2015-06-24,-220.39999999999912
597,0.0,0.0,0.0,0.0,0.0,0.0,0.0,0.0,0.0,2015-06-25,-220.39999999999912
598,0.0,0.0,0.0,0.0,0.0,0.0,0.0,0.0,0.0,2015-06-26,-220.39999999999912
599,0.0,0.0,0.0,0.0,0.0,0.0,0.0,0.0,0.0,2015-06-29,-220.39999999999912
600,0.0,0.0,0.0,0.0,0.0,0.0,0.0,0.0,0.0,2015-06-30,-220.39999999999912
601,0.0,0.0,0.0,0.0,0.0,0.0,0.0,0.0,0.0,2015-07-01,-220.39999999999912
602,0.0,0.0,0.0,0.0,0.0,0.0,0.0,0.0,0.0,2015-07-02,-220.39999999999912
603,0.0,0.0,0.0,0.0,0.0,0.0,0.0,0.0,0.0,2015-07-06,-220.39999999999912
604,0.0,0.0,0.0,0.0,0.0,0.0,0.0,0.0,0.0,2015-07-07,-220.39999999999912
605,0.0,0.0,0.0,0.0,0.0,0.0,0.0,0.0,0.0,2015-07-08,-220.39999999999912
606,0.0,0.0,0.0,0.0,0.0,0.0,0.0,0.0,0.0,2015-07-09,-220.39999999999912
607,0.0,62.14000000000002,0.0,36.0,-44.87999999999993,0.0,4.250000000000043,-2.990000000000052,5.71999999999997,2015-07-10,-160.1599999999991
608,0.0,0.0,0.0,0.0,0.0,0.0,0.0,0.0,0.0,2015-07-13,-160.1599999999991
609,0.0,0.0,0.0,0.0,0.0,0.0,0.0,0.0,0.0,2015-07-14,-160.1599999999991
610,0.0,0.0,0.0,0.0,0.0,0.0,0.0,0.0,0.0,2015-07-15,-160.1599999999991
611,0.0,0.0,0.0,0.0,0.0,0.0,0.0,0.0,0.0,2015-07-16,-160.1599999999991
612,0.0,0.0,0.0,0.0,0.0,0.0,0.0,0.0,0.0,2015-07-17,-160.1599999999991
613,0.0,0.0,0.0,0.0,0.0,0.0,0.0,0.0,0.0,2015-07-20,-160.1599999999991
614,0.0,0.0,0.0,0.0,0.0,0.0,0.0,0.0,0.0,2015-07-21,-160.1599999999991
615,0.0,0.0,0.0,0.0,0.0,0.0,0.0,0.0,0.0,2015-07-22,-160.1599999999991
616,0.0,0.0,0.0,0.0,0.0,0.0,0.0,0.0,0.0,2015-07-23,-160.1599999999991
617,0.0,0.0,0.0,0.0,0.0,0.0,0.0,0.0,0.0,2015-07-24,-160.1599999999991
618,0.0,0.0,0.0,0.0,0.0,0.0,0.0,0.0,0.0,2015-07-27,-160.1599999999991
619,0.0,0.0,0.0,0.0,0.0,0.0,0.0,0.0,0.0,2015-07-28,-160.1599999999991
620,0.0,0.0,0.0,0.0,0.0,0.0,0.0,0.0,0.0,2015-07-29,-160.1599999999991
621,0.0,0.0,0.0,0.0,0.0,0.0,0.0,0.0,0.0,2015-07-30,-160.1599999999991
622,0.0,0.0,0.0,0.0,0.0,0.0,0.0,0.0,0.0,2015-07-31,-160.1599999999991
623,0.0,0.0,0.0,0.0,0.0,0.0,0.0,0.0,0.0,2015-08-03,-160.1599999999991
624,0.0,0.0,0.0,0.0,0.0,0.0,0.0,0.0,0.0,2015-08-04,-160.1599999999991
625,0.0,0.0,0.0,0.0,0.0,0.0,0.0,0.0,0.0,2015-08-05,-160.1599999999991
626,0.0,0.0,0.0,0.0,0.0,0.0,0.0,0.0,0.0,2015-08-06,-160.1599999999991
627,0.0,0.0,0.0,0.0,0.0,0.0,0.0,0.0,0.0,2015-08-07,-160.1599999999991
628,51.70000000000003,91.9799999999999,0.0,0.0,0.0,18.69000000000001,-32.74999999999988,-3.25,8.450000000000074,2015-08-10,-25.339999999998952
629,0.0,0.0,0.0,0.0,0.0,0.0,0.0,0.0,0.0,2015-08-11,-25.339999999998952
630,0.0,0.0,0.0,0.0,0.0,0.0,0.0,0.0,0.0,2015-08-12,-25.339999999998952
631,0.0,0.0,0.0,0.0,0.0,0.0,0.0,0.0,0.0,2015-08-13,-25.339999999998952
632,0.0,0.0,0.0,0.0,0.0,0.0,0.0,0.0,0.0,2015-08-14,-25.339999999998952
633,0.0,0.0,0.0,0.0,0.0,0.0,0.0,0.0,0.0,2015-08-17,-25.339999999998952
634,0.0,0.0,0.0,0.0,0.0,0.0,0.0,0.0,0.0,2015-08-18,-25.339999999998952
635,0.0,0.0,0.0,0.0,0.0,0.0,0.0,0.0,0.0,2015-08-19,-25.339999999998952
636,0.0,0.0,0.0,0.0,0.0,0.0,0.0,0.0,0.0,2015-08-20,-25.339999999998952
637,0.0,0.0,0.0,0.0,0.0,0.0,0.0,0.0,0.0,2015-08-21,-25.339999999998952
638,109.12000000000002,120.00000000000013,0.0,0.0,0.0,-97.0200000000001,5.280000000000143,-104.25999999999996,-108.42000000000004,2015-08-24,-100.63999999999876
639,0.0,0.0,0.0,0.0,0.0,0.0,0.0,0.0,0.0,2015-08-25,-100.63999999999876
640,0.0,0.0,0.0,0.0,0.0,0.0,0.0,0.0,0.0,2015-08-26,-100.63999999999876
641,0.0,0.0,0.0,0.0,0.0,0.0,0.0,0.0,0.0,2015-08-27,-100.63999999999876
642,0.0,22.78000000000005,11.100000000000158,-19.32000000000004,23.490000000000123,2.2999999999998693,16.999999999999993,0.0,0.0,2015-08-28,-43.28999999999861
643,0.0,0.0,0.0,0.0,0.0,0.0,0.0,0.0,0.0,2015-08-31,-43.28999999999861
644,0.0,0.0,0.0,0.0,0.0,0.0,0.0,0.0,0.0,2015-09-01,-43.28999999999861
645,0.0,0.0,0.0,0.0,0.0,0.0,0.0,0.0,0.0,2015-09-02,-43.28999999999861
646,0.0,0.0,0.0,0.0,0.0,0.0,0.0,0.0,0.0,2015-09-03,-43.28999999999861
647,0.0,0.0,0.0,0.0,0.0,0.0,0.0,0.0,0.0,2015-09-04,-43.28999999999861
648,0.0,0.0,0.0,0.0,0.0,0.0,0.0,0.0,0.0,2015-09-08,-43.28999999999861
649,0.0,0.0,0.0,0.0,0.0,0.0,0.0,0.0,0.0,2015-09-09,-43.28999999999861
650,0.0,0.0,0.0,0.0,0.0,0.0,0.0,0.0,0.0,2015-09-10,-43.28999999999861
651,0.0,0.0,0.0,0.0,0.0,0.0,0.0,0.0,0.0,2015-09-11,-43.28999999999861
652,0.0,0.0,0.0,0.0,0.0,0.0,0.0,0.0,0.0,2015-09-14,-43.28999999999861
653,0.0,0.0,0.0,0.0,0.0,0.0,0.0,0.0,0.0,2015-09-15,-43.28999999999861
654,0.0,0.0,0.0,0.0,0.0,0.0,0.0,0.0,0.0,2015-09-16,-43.28999999999861
655,0.0,0.0,0.0,0.0,0.0,0.0,0.0,0.0,0.0,2015-09-17,-43.28999999999861
656,0.0,0.0,0.0,0.0,0.0,0.0,0.0,0.0,0.0,2015-09-18,-43.28999999999861
657,0.0,0.0,0.0,0.0,0.0,0.0,0.0,0.0,0.0,2015-09-21,-43.28999999999861
658,0.0,0.0,0.0,0.0,0.0,0.0,0.0,0.0,0.0,2015-09-22,-43.28999999999861
659,0.0,0.0,0.0,0.0,0.0,0.0,0.0,0.0,0.0,2015-09-23,-43.28999999999861
660,0.0,0.0,0.0,0.0,0.0,0.0,0.0,0.0,0.0,2015-09-24,-43.28999999999861
661,0.0,0.0,0.0,0.0,0.0,0.0,0.0,0.0,0.0,2015-09-25,-43.28999999999861
662,82.07999999999987,56.48000000000002,0.0,37.19999999999999,0.0,-3.5200000000000813,0.0,-64.40000000000012,-13.390000000000017,2015-09-28,51.16000000000104
663,0.0,0.0,0.0,0.0,0.0,0.0,0.0,0.0,0.0,2015-09-29,51.16000000000104
664,11.43999999999994,2.8900000000000285,0.0,0.0,-5.200000000000075,-0.8800000000001376,-0.4999999999999005,22.080000000000158,0.0,2015-09-30,80.99000000000106
665,0.0,0.0,0.0,0.0,0.0,0.0,0.0,0.0,0.0,2015-10-01,80.99000000000106
666,0.0,0.0,0.0,0.0,0.0,0.0,0.0,0.0,0.0,2015-10-02,80.99000000000106
667,0.0,0.0,0.0,0.0,0.0,0.0,0.0,0.0,0.0,2015-10-05,80.99000000000106
668,0.0,0.0,0.0,0.0,0.0,0.0,0.0,0.0,0.0,2015-10-06,80.99000000000106
669,0.0,0.0,0.0,0.0,0.0,0.0,0.0,0.0,0.0,2015-10-07,80.99000000000106
670,0.0,0.0,0.0,0.0,0.0,0.0,0.0,0.0,0.0,2015-10-08,80.99000000000106
671,0.0,0.0,0.0,0.0,0.0,0.0,0.0,0.0,0.0,2015-10-09,80.99000000000106
672,0.0,0.0,0.0,0.0,0.0,0.0,0.0,0.0,0.0,2015-10-12,80.99000000000106
673,0.0,0.0,0.0,0.0,0.0,0.0,0.0,0.0,0.0,2015-10-13,80.99000000000106
674,0.0,0.0,0.0,0.0,0.0,0.0,0.0,0.0,0.0,2015-10-14,80.99000000000106
675,0.0,0.0,0.0,0.0,0.0,0.0,0.0,0.0,0.0,2015-10-15,80.99000000000106
676,0.0,0.0,0.0,0.0,0.0,0.0,0.0,0.0,0.0,2015-10-16,80.99000000000106
677,0.0,0.0,0.0,0.0,0.0,0.0,0.0,0.0,0.0,2015-10-19,80.99000000000106
678,0.0,0.0,0.0,0.0,0.0,0.0,0.0,0.0,0.0,2015-10-20,80.99000000000106
679,0.0,0.0,0.0,0.0,0.0,0.0,0.0,0.0,0.0,2015-10-21,80.99000000000106
680,0.0,0.0,0.0,0.0,0.0,0.0,0.0,0.0,0.0,2015-10-22,80.99000000000106
681,-129.74000000000007,-104.04000000000008,0.0,-104.16000000000004,0.0,83.16000000000003,47.03999999999985,0.0,78.52000000000008,2015-10-23,-48.22999999999914
682,0.0,0.0,0.0,0.0,0.0,0.0,0.0,0.0,0.0,2015-10-26,-48.22999999999914
683,0.0,0.0,0.0,0.0,0.0,0.0,0.0,0.0,0.0,2015-10-27,-48.22999999999914
684,0.0,0.0,0.0,0.0,0.0,0.0,0.0,0.0,0.0,2015-10-28,-48.22999999999914
685,0.0,0.0,0.0,0.0,0.0,0.0,0.0,0.0,0.0,2015-10-29,-48.22999999999914
686,-5.75,0.0,0.0,3.4199999999999946,-5.059999999999974,0.0,-26.159999999999908,39.90000000000012,15.599999999999964,2015-10-30,-26.279999999998935
687,0.0,0.0,0.0,0.0,0.0,0.0,0.0,0.0,0.0,2015-11-02,-26.279999999998935
688,0.0,0.0,0.0,0.0,0.0,0.0,0.0,0.0,0.0,2015-11-03,-26.279999999998935
689,0.0,0.0,0.0,0.0,0.0,0.0,0.0,0.0,0.0,2015-11-04,-26.279999999998935
690,0.0,0.0,0.0,0.0,0.0,0.0,0.0,0.0,0.0,2015-11-05,-26.279999999998935
691,0.0,0.0,0.0,0.0,0.0,0.0,0.0,0.0,0.0,2015-11-06,-26.279999999998935
692,5.290000000000092,-30.299999999999944,0.0,-5.890000000000177,11.040000000000093,-20.369999999999976,0.0,0.0,-2.6399999999999864,2015-11-09,-69.14999999999884
693,0.0,0.0,0.0,0.0,0.0,0.0,0.0,0.0,0.0,2015-11-10,-69.14999999999884
694,0.0,0.0,0.0,0.0,0.0,0.0,0.0,0.0,0.0,2015-11-11,-69.14999999999884
695,0.0,0.0,0.0,0.0,0.0,0.0,0.0,0.0,0.0,2015-11-12,-69.14999999999884
696,0.0,0.0,0.0,0.0,0.0,0.0,0.0,0.0,0.0,2015-11-13,-69.14999999999884
697,8.509999999999941,43.949999999999896,0.0,0.0,-31.27999999999999,-23.729999999999905,-5.999999999999872,0.0,-33.239999999999945,2015-11-16,-110.93999999999872
698,0.0,0.0,0.0,0.0,0.0,0.0,0.0,0.0,0.0,2015-11-17,-110.93999999999872
699,0.0,0.0,0.0,0.0,0.0,0.0,0.0,0.0,0.0,2015-11-18,-110.93999999999872
700,0.0,0.0,0.0,0.0,0.0,0.0,0.0,0.0,0.0,2015-11-19,-110.93999999999872
701,0.0,0.0,0.0,0.0,0.0,0.0,0.0,0.0,0.0,2015-11-20,-110.93999999999872
702,0.0,0.0,0.0,0.0,0.0,0.0,0.0,0.0,0.0,2015-11-23,-110.93999999999872
703,0.0,0.0,0.0,0.0,0.0,0.0,0.0,0.0,0.0,2015-11-24,-110.93999999999872
704,0.0,0.0,0.0,0.0,0.0,0.0,0.0,0.0,0.0,2015-11-25,-110.93999999999872
705,0.0,0.0,0.0,0.0,0.0,0.0,0.0,0.0,0.0,2015-11-27,-110.93999999999872
706,0.0,0.0,0.0,0.0,0.0,0.0,0.0,0.0,0.0,2015-11-30,-110.93999999999872
707,0.0,0.0,0.0,0.0,0.0,0.0,0.0,0.0,0.0,2015-12-01,-110.93999999999872
708,0.0,0.0,0.0,0.0,0.0,0.0,0.0,0.0,0.0,2015-12-02,-110.93999999999872
709,0.0,0.0,0.0,0.0,0.0,0.0,0.0,0.0,0.0,2015-12-03,-110.93999999999872
710,0.0,0.0,0.0,0.0,0.0,0.0,0.0,0.0,0.0,2015-12-04,-110.93999999999872
711,0.0,0.0,0.0,0.0,0.0,0.0,0.0,0.0,0.0,2015-12-07,-110.93999999999872
712,0.0,0.0,0.0,0.0,0.0,0.0,0.0,0.0,0.0,2015-12-08,-110.93999999999872
713,0.0,0.0,0.0,0.0,0.0,0.0,0.0,0.0,0.0,2015-12-09,-110.93999999999872
714,-3.4500000000001307,83.40000000000003,0.0,20.32999999999987,14.400000000000205,27.29999999999979,0.0,0.0,10.009999999999948,2015-12-10,41.050000000001006
715,0.0,0.0,0.0,0.0,0.0,0.0,0.0,0.0,0.0,2015-12-11,41.050000000001006
716,0.0,0.0,0.0,0.0,0.0,0.0,0.0,0.0,0.0,2015-12-14,41.050000000001006
717,0.0,0.0,0.0,0.0,0.0,0.0,0.0,0.0,0.0,2015-12-15,41.050000000001006
718,0.0,0.0,0.0,0.0,0.0,0.0,0.0,0.0,0.0,2015-12-16,41.050000000001006
719,0.0,0.0,0.0,0.0,0.0,0.0,0.0,0.0,0.0,2015-12-17,41.050000000001006
720,0.0,0.0,0.0,0.0,0.0,0.0,0.0,0.0,0.0,2015-12-18,41.050000000001006
721,0.0,0.0,0.0,0.0,0.0,0.0,0.0,0.0,0.0,2015-12-21,41.050000000001006
722,0.0,0.0,0.0,0.0,0.0,0.0,0.0,0.0,0.0,2015-12-22,41.050000000001006
723,0.0,0.0,0.0,0.0,0.0,0.0,0.0,0.0,0.0,2015-12-23,41.050000000001006
724,0.0,0.0,0.0,0.0,0.0,0.0,0.0,0.0,0.0,2015-12-24,41.050000000001006
725,0.0,0.0,0.0,0.0,0.0,0.0,0.0,0.0,0.0,2015-12-28,41.050000000001006
726,0.0,0.0,0.0,0.0,0.0,0.0,0.0,0.0,0.0,2015-12-29,41.050000000001006
727,0.0,0.0,0.0,0.0,0.0,0.0,0.0,0.0,0.0,2015-12-30,41.050000000001006
728,0.0,0.0,0.0,0.0,0.0,0.0,0.0,0.0,0.0,2015-12-31,41.050000000001006
729,0.0,0.0,0.0,0.0,0.0,0.0,0.0,0.0,0.0,2016-01-04,41.050000000001006
730,0.0,0.0,0.0,0.0,0.0,0.0,0.0,0.0,0.0,2016-01-05,41.050000000001006
731,0.0,0.0,0.0,0.0,0.0,0.0,0.0,0.0,0.0,2016-01-06,41.050000000001006
732,0.0,0.0,0.0,0.0,0.0,0.0,0.0,0.0,0.0,2016-01-07,41.050000000001006
733,0.0,0.0,0.0,0.0,0.0,0.0,0.0,0.0,0.0,2016-01-08,41.050000000001006
734,0.0,0.0,0.0,0.0,0.0,0.0,0.0,0.0,0.0,2016-01-11,41.050000000001006
735,92.22999999999996,102.50999999999979,0.0,56.61999999999993,-56.349999999999895,5.249999999999852,0.0,0.0,-49.44000000000007,2016-01-12,191.87000000000054
736,0.0,0.0,0.0,0.0,0.0,0.0,0.0,0.0,0.0,2016-01-13,191.87000000000054
737,0.0,0.0,0.0,0.0,0.0,0.0,0.0,0.0,0.0,2016-01-14,191.87000000000054
738,0.0,0.0,0.0,0.0,0.0,0.0,0.0,0.0,0.0,2016-01-15,191.87000000000054
739,0.0,0.0,0.0,0.0,0.0,0.0,0.0,0.0,0.0,2016-01-19,191.87000000000054
740,72.54000000000015,66.87999999999992,0.0,48.6,0.0,-30.869999999999976,13.19999999999993,0.0,-59.53999999999998,2016-01-20,302.6800000000006
741,0.0,0.0,0.0,0.0,0.0,0.0,0.0,0.0,0.0,2016-01-21,302.6800000000006
742,0.0,0.0,0.0,0.0,0.0,0.0,0.0,0.0,0.0,2016-01-22,302.6800000000006
743,0.0,0.0,0.0,0.0,0.0,0.0,0.0,0.0,0.0,2016-01-25,302.6800000000006
744,0.0,0.0,0.0,0.0,0.0,0.0,0.0,0.0,0.0,2016-01-26,302.6800000000006
745,0.0,0.0,0.0,0.0,0.0,0.0,0.0,0.0,0.0,2016-01-27,302.6800000000006
746,0.0,0.0,0.0,0.0,0.0,0.0,0.0,0.0,0.0,2016-01-28,302.6800000000006
747,0.0,0.0,0.0,0.0,0.0,0.0,0.0,0.0,0.0,2016-01-29,302.6800000000006
748,0.0,0.0,0.0,0.0,0.0,0.0,0.0,0.0,0.0,2016-02-01,302.6800000000006
749,0.0,0.0,0.0,0.0,0.0,0.0,0.0,0.0,0.0,2016-02-02,302.6800000000006
750,39.15000000000008,88.40000000000003,8.689999999999955,0.0,0.0,-45.359999999999935,-72.23999999999978,20.399999999999988,0.0,2016-02-03,341.72000000000094
751,0.0,0.0,0.0,0.0,0.0,0.0,0.0,0.0,0.0,2016-02-04,341.72000000000094
752,0.0,0.0,0.0,0.0,0.0,0.0,0.0,0.0,0.0,2016-02-05,341.72000000000094
753,0.0,0.0,0.0,0.0,0.0,0.0,0.0,0.0,0.0,2016-02-08,341.72000000000094
754,0.0,0.0,0.0,0.0,0.0,0.0,0.0,0.0,0.0,2016-02-09,341.72000000000094
755,0.0,0.0,0.0,0.0,0.0,0.0,0.0,0.0,0.0,2016-02-10,341.72000000000094
756,0.0,0.0,0.0,0.0,0.0,0.0,0.0,0.0,0.0,2016-02-11,341.72000000000094
757,0.0,0.0,0.0,0.0,0.0,0.0,0.0,0.0,0.0,2016-02-12,341.72000000000094
758,0.0,0.0,0.0,0.0,0.0,0.0,0.0,0.0,0.0,2016-02-16,341.72000000000094
759,-47.25,-7.3999999999998085,7.900000000000112,0.0,0.0,4.620000000000125,-5.0400000000000205,4.350000000000094,0.0,2016-02-17,298.90000000000146
760,0.0,0.0,0.0,0.0,0.0,0.0,0.0,0.0,0.0,2016-02-18,298.90000000000146
761,0.0,0.0,0.0,0.0,0.0,0.0,0.0,0.0,0.0,2016-02-19,298.90000000000146
762,0.0,0.0,0.0,0.0,0.0,0.0,0.0,0.0,0.0,2016-02-22,298.90000000000146
763,0.0,0.0,0.0,0.0,0.0,0.0,0.0,0.0,0.0,2016-02-23,298.90000000000146
764,0.0,0.0,0.0,0.0,0.0,0.0,0.0,0.0,0.0,2016-02-24,298.90000000000146
765,0.0,0.0,0.0,0.0,0.0,0.0,0.0,0.0,0.0,2016-02-25,298.90000000000146
766,0.0,0.0,0.0,0.0,0.0,0.0,0.0,0.0,0.0,2016-02-26,298.90000000000146
767,-18.250000000000103,12.420000000000089,-7.019999999999988,0.0,7.249999999999979,4.80000000000004,9.889999999999992,0.0,0.0,2016-02-29,307.9900000000015
768,0.0,0.0,0.0,0.0,0.0,0.0,0.0,0.0,0.0,2016-03-01,307.9900000000015
769,0.0,0.0,0.0,0.0,0.0,0.0,0.0,0.0,0.0,2016-03-02,307.9900000000015
770,-7.440000000000055,40.68000000000022,49.920000000000044,-15.580000000000005,0.0,0.0,0.0,14.850000000000136,-14.559999999999876,2016-03-03,375.86000000000195
771,0.0,0.0,0.0,0.0,0.0,0.0,0.0,0.0,0.0,2016-03-04,375.86000000000195
772,0.0,0.0,0.0,0.0,0.0,0.0,0.0,0.0,0.0,2016-03-07,375.86000000000195
773,0.0,0.0,0.0,0.0,0.0,0.0,0.0,0.0,0.0,2016-03-08,375.86000000000195
774,0.0,0.0,0.0,0.0,0.0,0.0,0.0,0.0,0.0,2016-03-09,375.86000000000195
775,0.0,0.0,0.0,0.0,0.0,0.0,0.0,0.0,0.0,2016-03-10,375.86000000000195
776,0.0,0.0,0.0,0.0,0.0,0.0,0.0,0.0,0.0,2016-03-11,375.86000000000195
777,0.0,0.0,0.0,0.0,0.0,0.0,0.0,0.0,0.0,2016-03-14,375.86000000000195
778,0.0,0.0,0.0,0.0,0.0,0.0,0.0,0.0,0.0,2016-03-15,375.86000000000195
779,0.0,0.0,0.0,0.0,0.0,0.0,0.0,0.0,0.0,2016-03-16,375.86000000000195
780,0.0,0.0,0.0,0.0,0.0,0.0,0.0,0.0,0.0,2016-03-17,375.86000000000195
781,-60.0,-52.19000000000001,-22.200000000000053,0.0,32.879999999999946,20.200000000000106,58.29999999999997,0.0,0.0,2016-03-18,352.8500000000019
782,0.0,0.0,0.0,0.0,0.0,0.0,0.0,0.0,0.0,2016-03-21,352.8500000000019
783,0.0,0.0,0.0,0.0,0.0,0.0,0.0,0.0,0.0,2016-03-22,352.8500000000019
784,0.0,0.0,0.0,0.0,0.0,0.0,0.0,0.0,0.0,2016-03-23,352.8500000000019
785,0.0,0.0,0.0,0.0,0.0,0.0,0.0,0.0,0.0,2016-03-24,352.8500000000019
786,0.0,0.0,0.0,0.0,0.0,0.0,0.0,0.0,0.0,2016-03-28,352.8500000000019
787,0.0,0.0,0.0,0.0,0.0,0.0,0.0,0.0,0.0,2016-03-29,352.8500000000019
788,0.0,0.0,0.0,0.0,0.0,0.0,0.0,0.0,0.0,2016-03-30,352.8500000000019
789,0.0,0.0,0.0,0.0,0.0,0.0,0.0,0.0,0.0,2016-03-31,352.8500000000019
790,0.0,0.0,0.0,0.0,0.0,0.0,0.0,0.0,0.0,2016-04-01,352.8500000000019
791,0.0,0.0,0.0,0.0,0.0,0.0,0.0,0.0,0.0,2016-04-04,352.8500000000019
792,0.0,0.0,0.0,0.0,0.0,0.0,0.0,0.0,0.0,2016-04-05,352.8500000000019
793,0.0,0.0,0.0,0.0,0.0,0.0,0.0,0.0,0.0,2016-04-06,352.8500000000019
794,0.0,0.0,0.0,0.0,0.0,0.0,0.0,0.0,0.0,2016-04-07,352.8500000000019
795,0.0,0.0,0.0,0.0,0.0,0.0,0.0,0.0,0.0,2016-04-08,352.8500000000019
796,0.0,0.0,0.0,0.0,0.0,0.0,0.0,0.0,0.0,2016-04-11,352.8500000000019
797,0.0,0.0,0.0,0.0,0.0,0.0,0.0,0.0,0.0,2016-04-12,352.8500000000019
798,0.0,0.0,0.0,0.0,0.0,0.0,0.0,0.0,0.0,2016-04-13,352.8500000000019
799,0.0,0.0,0.0,0.0,0.0,0.0,0.0,0.0,0.0,2016-04-14,352.8500000000019
800,0.0,0.0,0.0,0.0,0.0,0.0,0.0,0.0,0.0,2016-04-15,352.8500000000019
801,0.0,0.0,0.0,0.0,0.0,0.0,0.0,0.0,0.0,2016-04-18,352.8500000000019
802,0.0,-27.51999999999987,-28.080000000000037,0.0,25.75999999999994,10.639999999999908,13.65000000000012,-58.35000000000001,0.0,2016-04-19,288.950000000002
803,0.0,0.0,0.0,0.0,0.0,0.0,0.0,0.0,0.0,2016-04-20,288.950000000002
804,0.0,0.0,0.0,0.0,0.0,0.0,0.0,0.0,0.0,2016-04-21,288.950000000002
805,0.0,0.0,0.0,0.0,0.0,0.0,0.0,0.0,0.0,2016-04-22,288.950000000002
806,2.7300000000000537,-19.200000000000017,0.0,0.0,-23.0,-29.449999999999946,-43.0500000000001,-9.239999999999954,0.0,2016-04-25,167.74000000000203
807,0.0,0.0,0.0,0.0,0.0,0.0,0.0,0.0,0.0,2016-04-26,167.74000000000203
808,0.0,0.0,0.0,0.0,0.0,0.0,0.0,0.0,0.0,2016-04-27,167.74000000000203
809,0.0,0.0,0.0,0.0,0.0,0.0,0.0,0.0,0.0,2016-04-28,167.74000000000203
810,0.0,0.0,0.0,0.0,0.0,0.0,0.0,0.0,0.0,2016-04-29,167.74000000000203
811,0.0,0.0,0.0,0.0,0.0,0.0,0.0,0.0,0.0,2016-05-02,167.74000000000203
812,0.0,0.0,0.0,0.0,0.0,0.0,0.0,0.0,0.0,2016-05-03,167.74000000000203
813,0.0,0.0,0.0,0.0,0.0,0.0,0.0,0.0,0.0,2016-05-04,167.74000000000203
814,0.0,0.0,0.0,0.0,0.0,0.0,0.0,0.0,0.0,2016-05-05,167.74000000000203
815,0.0,0.0,0.0,0.0,0.0,0.0,0.0,0.0,0.0,2016-05-06,167.74000000000203
816,0.0,0.0,0.0,0.0,0.0,0.0,0.0,0.0,0.0,2016-05-09,167.74000000000203
817,0.0,0.0,0.0,0.0,0.0,0.0,0.0,0.0,0.0,2016-05-10,167.74000000000203
818,0.0,0.0,0.0,0.0,0.0,0.0,0.0,0.0,0.0,2016-05-11,167.74000000000203
819,0.0,0.0,0.0,0.0,0.0,0.0,0.0,0.0,0.0,2016-05-12,167.74000000000203
820,0.0,0.0,0.0,0.0,0.0,0.0,0.0,0.0,0.0,2016-05-13,167.74000000000203
821,0.0,0.0,0.0,0.0,0.0,0.0,0.0,0.0,0.0,2016-05-16,167.74000000000203
822,0.0,0.0,0.0,0.0,0.0,0.0,0.0,0.0,0.0,2016-05-17,167.74000000000203
823,0.0,0.0,0.0,0.0,0.0,0.0,0.0,0.0,0.0,2016-05-18,167.74000000000203
824,0.0,23.55000000000011,21.00000000000005,0.0,-26.449999999999967,-7.400000000000091,1.1000000000000938,34.86000000000013,0.0,2016-05-19,214.40000000000236
825,0.0,0.0,0.0,0.0,0.0,0.0,0.0,0.0,0.0,2016-05-20,214.40000000000236
826,0.0,3.000000000000042,0.710000000000111,-0.1799999999999642,0.0,6.0800000000000045,0.0,3.920000000000016,4.03000000000003,2016-05-23,231.9600000000026
827,0.0,0.0,0.0,0.0,0.0,0.0,0.0,0.0,0.0,2016-05-24,231.9600000000026
828,0.0,0.0,0.0,0.0,0.0,0.0,0.0,0.0,0.0,2016-05-25,231.9600000000026
829,0.0,0.0,0.0,0.0,0.0,0.0,0.0,0.0,0.0,2016-05-26,231.9600000000026
830,0.0,0.0,0.0,0.0,0.0,0.0,0.0,0.0,0.0,2016-05-27,231.9600000000026
831,0.0,0.0,0.0,0.0,0.0,0.0,0.0,0.0,0.0,2016-05-31,231.9600000000026
832,0.0,0.0,0.0,0.0,0.0,0.0,0.0,0.0,0.0,2016-06-01,231.9600000000026
833,0.0,0.0,0.0,0.0,0.0,0.0,0.0,0.0,0.0,2016-06-02,231.9600000000026
834,0.0,0.0,0.0,0.0,0.0,0.0,0.0,0.0,0.0,2016-06-03,231.9600000000026
835,0.0,0.0,0.0,0.0,0.0,0.0,0.0,0.0,0.0,2016-06-06,231.9600000000026
836,0.0,0.0,0.0,0.0,0.0,0.0,0.0,0.0,0.0,2016-06-07,231.9600000000026
837,0.0,0.0,0.0,0.0,0.0,0.0,0.0,0.0,0.0,2016-06-08,231.9600000000026
838,0.0,0.0,0.0,0.0,0.0,0.0,0.0,0.0,0.0,2016-06-09,231.9600000000026
839,0.0,0.0,0.0,0.0,0.0,0.0,0.0,0.0,0.0,2016-06-10,231.9600000000026
840,0.0,0.0,0.0,0.0,0.0,0.0,0.0,0.0,0.0,2016-06-13,231.9600000000026
841,0.0,0.0,0.0,0.0,0.0,0.0,0.0,0.0,0.0,2016-06-14,231.9600000000026
842,0.0,0.0,0.0,0.0,0.0,0.0,0.0,0.0,0.0,2016-06-15,231.9600000000026
843,0.0,0.0,0.0,0.0,0.0,0.0,0.0,0.0,0.0,2016-06-16,231.9600000000026
844,0.0,0.0,0.0,0.0,0.0,0.0,0.0,0.0,0.0,2016-06-17,231.9600000000026
845,0.0,0.0,0.0,0.0,0.0,0.0,0.0,0.0,0.0,2016-06-20,231.9600000000026
846,0.0,0.0,0.0,0.0,0.0,0.0,0.0,0.0,0.0,2016-06-21,231.9600000000026
847,0.0,-33.59999999999992,27.690000000000037,18.360000000000056,0.0,30.400000000000066,54.7800000000002,-7.0,0.0,2016-06-22,322.59000000000304
848,0.0,0.0,0.0,0.0,0.0,0.0,0.0,0.0,0.0,2016-06-23,322.59000000000304
849,0.0,0.0,0.0,0.0,0.0,0.0,0.0,0.0,0.0,2016-06-24,322.59000000000304
850,-45.98999999999995,0.0,78.80999999999995,0.0,0.0,-19.0,5.0,31.35999999999993,46.800000000000104,2016-06-27,419.57000000000306
851,0.0,0.0,0.0,0.0,0.0,0.0,0.0,0.0,0.0,2016-06-28,419.57000000000306
852,0.0,0.0,0.0,0.0,0.0,0.0,0.0,0.0,0.0,2016-06-29,419.57000000000306
853,20.930000000000085,-24.960000000000036,44.83999999999999,20.899999999999885,0.0,-10.830000000000005,-10.800000000000123,0.0,0.0,2016-06-30,459.6500000000029
854,0.0,0.0,0.0,0.0,0.0,0.0,0.0,0.0,0.0,2016-07-01,459.6500000000029
855,0.0,0.0,0.0,0.0,0.0,0.0,0.0,0.0,0.0,2016-07-05,459.6500000000029
856,0.0,0.0,0.0,0.0,0.0,0.0,0.0,0.0,0.0,2016-07-06,459.6500000000029
857,0.0,0.0,0.0,0.0,0.0,0.0,0.0,0.0,0.0,2016-07-07,459.6500000000029
858,0.0,0.0,0.0,0.0,0.0,0.0,0.0,0.0,0.0,2016-07-08,459.6500000000029
859,0.0,0.0,0.0,0.0,0.0,0.0,0.0,0.0,0.0,2016-07-11,459.6500000000029
860,0.0,0.0,0.0,0.0,0.0,0.0,0.0,0.0,0.0,2016-07-12,459.6500000000029
861,0.0,0.0,0.0,0.0,0.0,0.0,0.0,0.0,0.0,2016-07-13,459.6500000000029
862,0.0,0.0,0.0,0.0,0.0,0.0,0.0,0.0,0.0,2016-07-14,459.6500000000029
863,0.0,0.0,0.0,0.0,0.0,0.0,0.0,0.0,0.0,2016-07-15,459.6500000000029
864,0.0,0.0,0.0,0.0,0.0,0.0,0.0,0.0,0.0,2016-07-18,459.6500000000029
865,0.0,0.0,0.0,0.0,0.0,0.0,0.0,0.0,0.0,2016-07-19,459.6500000000029
866,0.0,0.0,0.0,0.0,0.0,0.0,0.0,0.0,0.0,2016-07-20,459.6500000000029
867,0.0,0.0,0.0,0.0,0.0,0.0,0.0,0.0,0.0,2016-07-21,459.6500000000029
868,0.0,0.0,0.0,0.0,0.0,0.0,0.0,0.0,0.0,2016-07-22,459.6500000000029
869,0.0,0.0,0.0,0.0,0.0,0.0,0.0,0.0,0.0,2016-07-25,459.6500000000029
870,0.0,0.0,0.0,0.0,0.0,0.0,0.0,0.0,0.0,2016-07-26,459.6500000000029
871,0.0,0.0,0.0,0.0,0.0,0.0,0.0,0.0,0.0,2016-07-27,459.6500000000029
872,0.0,0.0,0.0,0.0,0.0,0.0,0.0,0.0,0.0,2016-07-28,459.6500000000029
873,0.0,0.0,0.0,0.0,0.0,0.0,0.0,0.0,0.0,2016-07-29,459.6500000000029
874,0.0,0.0,-51.83000000000003,34.19999999999997,0.0,-10.620000000000061,-15.400000000000064,-47.59999999999989,-45.240000000000045,2016-08-01,323.16000000000275
875,0.0,0.0,0.0,0.0,0.0,0.0,0.0,0.0,0.0,2016-08-02,323.16000000000275
876,0.0,0.0,0.0,0.0,0.0,0.0,0.0,0.0,0.0,2016-08-03,323.16000000000275
877,0.0,0.0,0.0,0.0,0.0,0.0,0.0,0.0,0.0,2016-08-04,323.16000000000275
878,0.0,0.0,0.0,0.0,0.0,0.0,0.0,0.0,0.0,2016-08-05,323.16000000000275
879,0.0,0.0,0.0,0.0,0.0,0.0,0.0,0.0,0.0,2016-08-08,323.16000000000275
880,0.0,0.0,0.0,0.0,0.0,0.0,0.0,0.0,0.0,2016-08-09,323.16000000000275
881,0.0,0.0,0.0,0.0,0.0,0.0,0.0,0.0,0.0,2016-08-10,323.16000000000275
882,0.0,0.0,0.0,0.0,0.0,0.0,0.0,0.0,0.0,2016-08-11,323.16000000000275
883,0.0,0.0,0.0,0.0,0.0,0.0,0.0,0.0,0.0,2016-08-12,323.16000000000275
884,0.0,0.0,0.0,0.0,0.0,0.0,0.0,0.0,0.0,2016-08-15,323.16000000000275
885,0.0,0.0,0.0,0.0,0.0,0.0,0.0,0.0,0.0,2016-08-16,323.16000000000275
886,0.0,0.0,0.0,0.0,0.0,0.0,0.0,0.0,0.0,2016-08-17,323.16000000000275
887,0.0,0.0,0.0,0.0,0.0,0.0,0.0,0.0,0.0,2016-08-18,323.16000000000275
888,0.0,0.0,0.0,0.0,0.0,0.0,0.0,0.0,0.0,2016-08-19,323.16000000000275
889,0.0,0.0,0.0,0.0,0.0,0.0,0.0,0.0,0.0,2016-08-22,323.16000000000275
890,0.0,0.0,0.0,0.0,0.0,0.0,0.0,0.0,0.0,2016-08-23,323.16000000000275
891,0.0,0.0,0.0,0.0,0.0,0.0,0.0,0.0,0.0,2016-08-24,323.16000000000275
892,0.0,0.0,0.0,0.0,0.0,0.0,0.0,0.0,0.0,2016-08-25,323.16000000000275
893,0.0,0.0,0.0,0.0,0.0,0.0,0.0,0.0,0.0,2016-08-26,323.16000000000275
894,0.0,0.0,0.0,0.0,0.0,0.0,0.0,0.0,0.0,2016-08-29,323.16000000000275
895,16.169999999999913,-70.24000000000001,-46.91999999999998,20.399999999999928,0.0,0.0,-47.400000000000226,0.0,8.040000000000019,2016-08-30,203.2100000000024
896,0.0,0.0,0.0,0.0,0.0,0.0,0.0,0.0,0.0,2016-08-31,203.2100000000024
897,0.0,0.0,0.0,0.0,0.0,0.0,0.0,0.0,0.0,2016-09-01,203.2100000000024
898,0.0,0.0,0.0,0.0,0.0,0.0,0.0,0.0,0.0,2016-09-02,203.2100000000024
899,0.0,0.0,0.0,0.0,0.0,0.0,0.0,0.0,0.0,2016-09-06,203.2100000000024
900,0.0,0.0,0.0,0.0,0.0,0.0,0.0,0.0,0.0,2016-09-07,203.2100000000024
901,0.0,0.0,0.0,0.0,0.0,0.0,0.0,0.0,0.0,2016-09-08,203.2100000000024
902,0.0,0.0,0.0,0.0,0.0,0.0,0.0,0.0,0.0,2016-09-09,203.2100000000024
903,0.0,0.0,0.0,0.0,0.0,0.0,0.0,0.0,0.0,2016-09-12,203.2100000000024
904,0.0,0.0,0.0,0.0,0.0,0.0,0.0,0.0,0.0,2016-09-13,203.2100000000024
905,0.0,0.0,0.0,0.0,0.0,0.0,0.0,0.0,0.0,2016-09-14,203.2100000000024
906,0.0,0.0,0.0,0.0,0.0,0.0,0.0,0.0,0.0,2016-09-15,203.2100000000024
907,0.0,0.0,0.0,0.0,0.0,0.0,0.0,0.0,0.0,2016-09-16,203.2100000000024
908,0.0,0.0,0.0,0.0,0.0,0.0,0.0,0.0,0.0,2016-09-19,203.2100000000024
909,-34.019999999999946,0.0,32.34000000000013,-27.37000000000011,0.0,0.0,20.370000000000125,10.079999999999984,23.279999999999966,2016-09-20,227.89000000000254
910,0.0,0.0,0.0,0.0,0.0,0.0,0.0,0.0,0.0,2016-09-21,227.89000000000254
911,0.0,0.0,0.0,0.0,0.0,0.0,0.0,0.0,0.0,2016-09-22,227.89000000000254
912,0.0,0.0,0.0,0.0,0.0,0.0,0.0,0.0,0.0,2016-09-23,227.89000000000254
913,0.0,0.0,0.0,0.0,0.0,0.0,0.0,0.0,0.0,2016-09-26,227.89000000000254
914,0.0,0.0,0.0,0.0,0.0,0.0,0.0,0.0,0.0,2016-09-27,227.89000000000254
915,0.0,0.0,0.0,0.0,0.0,0.0,0.0,0.0,0.0,2016-09-28,227.89000000000254
916,0.0,0.0,0.0,0.0,0.0,0.0,0.0,0.0,0.0,2016-09-29,227.89000000000254
917,0.0,0.0,0.0,0.0,0.0,0.0,0.0,0.0,0.0,2016-09-30,227.89000000000254
918,0.0,0.0,0.0,0.0,0.0,0.0,0.0,0.0,0.0,2016-10-03,227.89000000000254
919,0.0,0.0,0.0,0.0,0.0,0.0,0.0,0.0,0.0,2016-10-04,227.89000000000254
920,0.0,0.0,0.0,0.0,0.0,0.0,0.0,0.0,0.0,2016-10-05,227.89000000000254
921,0.0,0.0,0.0,0.0,0.0,0.0,0.0,0.0,0.0,2016-10-06,227.89000000000254
922,0.0,0.0,0.0,0.0,0.0,0.0,0.0,0.0,0.0,2016-10-07,227.89000000000254
923,0.0,0.0,0.0,0.0,0.0,0.0,0.0,0.0,0.0,2016-10-10,227.89000000000254
924,0.0,0.0,0.0,0.0,0.0,0.0,0.0,0.0,0.0,2016-10-11,227.89000000000254
925,0.0,0.0,0.0,0.0,0.0,0.0,0.0,0.0,0.0,2016-10-12,227.89000000000254
926,0.0,0.0,0.0,0.0,0.0,0.0,0.0,0.0,0.0,2016-10-13,227.89000000000254
927,0.0,0.0,0.0,0.0,0.0,0.0,0.0,0.0,0.0,2016-10-14,227.89000000000254
928,0.0,0.0,0.0,0.0,0.0,0.0,0.0,0.0,0.0,2016-10-17,227.89000000000254
929,0.0,0.0,0.0,0.0,0.0,0.0,0.0,0.0,0.0,2016-10-18,227.89000000000254
930,0.0,0.0,7.28000000000003,0.0,4.8299999999999335,12.349999999999973,-28.55999999999999,28.0,-3.1200000000000614,2016-10-19,248.67000000000243
931,0.0,0.0,0.0,0.0,0.0,0.0,0.0,0.0,0.0,2016-10-20,248.67000000000243
932,0.0,0.0,0.0,0.0,0.0,0.0,0.0,0.0,0.0,2016-10-21,248.67000000000243
933,0.0,0.0,0.0,0.0,0.0,0.0,0.0,0.0,0.0,2016-10-24,248.67000000000243
934,0.0,0.0,0.0,0.0,0.0,0.0,0.0,0.0,0.0,2016-10-25,248.67000000000243
935,0.0,0.0,0.0,0.0,0.0,0.0,0.0,0.0,0.0,2016-10-26,248.67000000000243
936,0.0,0.0,0.0,0.0,0.0,0.0,0.0,0.0,0.0,2016-10-27,248.67000000000243
937,0.0,0.0,0.0,0.0,0.0,0.0,0.0,0.0,0.0,2016-10-28,248.67000000000243
938,0.0,0.0,0.0,0.0,0.0,0.0,0.0,0.0,0.0,2016-10-31,248.67000000000243
939,0.0,0.0,0.0,0.0,0.0,0.0,0.0,0.0,0.0,2016-11-01,248.67000000000243
940,0.0,0.0,0.0,0.0,0.0,0.0,0.0,0.0,0.0,2016-11-02,248.67000000000243
941,0.0,0.0,0.0,0.0,0.0,0.0,0.0,0.0,0.0,2016-11-03,248.67000000000243
942,0.0,0.0,0.0,0.0,0.0,0.0,0.0,0.0,0.0,2016-11-04,248.67000000000243
943,0.0,0.0,0.0,0.0,0.0,0.0,0.0,0.0,0.0,2016-11-07,248.67000000000243
944,0.0,0.0,0.0,0.0,0.0,0.0,0.0,0.0,0.0,2016-11-08,248.67000000000243
945,0.0,0.0,0.0,0.0,0.0,0.0,0.0,0.0,0.0,2016-11-09,248.67000000000243
946,0.0,1.2600000000000475,77.51999999999998,0.0,2.5199999999999463,-0.9499999999999459,0.0,-26.460000000000008,-4.319999999999993,2016-11-10,298.24000000000245
947,0.0,0.0,0.0,0.0,0.0,0.0,0.0,0.0,0.0,2016-11-11,298.24000000000245
948,0.0,0.0,0.0,0.0,0.0,0.0,0.0,0.0,0.0,2016-11-14,298.24000000000245
949,0.0,0.0,0.0,0.0,0.0,0.0,0.0,0.0,0.0,2016-11-15,298.24000000000245
950,7.9999999999999725,0.0,-23.970000000000077,-9.91999999999996,4.8300000000000844,6.400000000000006,16.060000000000088,0.0,0.0,2016-11-16,299.64000000000254
951,0.0,0.0,0.0,0.0,0.0,0.0,0.0,0.0,0.0,2016-11-17,299.64000000000254
952,0.0,0.0,0.0,0.0,0.0,0.0,0.0,0.0,0.0,2016-11-18,299.64000000000254
953,0.0,0.0,0.0,0.0,0.0,0.0,0.0,0.0,0.0,2016-11-21,299.64000000000254
954,0.0,0.0,0.0,0.0,0.0,0.0,0.0,0.0,0.0,2016-11-22,299.64000000000254
955,0.0,0.0,0.0,0.0,0.0,0.0,0.0,0.0,0.0,2016-11-23,299.64000000000254
956,0.0,0.0,0.0,0.0,0.0,0.0,0.0,0.0,0.0,2016-11-25,299.64000000000254
957,0.0,0.0,0.0,0.0,0.0,0.0,0.0,0.0,0.0,2016-11-28,299.64000000000254
958,0.0,0.0,0.0,0.0,0.0,0.0,0.0,0.0,0.0,2016-11-29,299.64000000000254
959,0.0,0.0,0.0,0.0,0.0,0.0,0.0,0.0,0.0,2016-11-30,299.64000000000254
960,0.0,54.46000000000001,35.41999999999997,22.24000000000001,0.0,6.799999999999926,-3.519999999999925,19.039999999999992,0.0,2016-12-01,434.08000000000254
961,0.0,0.0,0.0,0.0,0.0,0.0,0.0,0.0,0.0,2016-12-02,434.08000000000254
962,0.0,-12.220000000000155,-0.4400000000000688,-2.559999999999945,0.0,3.9999999999999143,-1.0999999999999377,4.4799999999999045,0.0,2016-12-05,426.2400000000023
963,0.0,0.0,0.0,0.0,0.0,0.0,0.0,0.0,0.0,2016-12-06,426.2400000000023
964,0.0,0.0,0.0,0.0,0.0,0.0,0.0,0.0,0.0,2016-12-07,426.2400000000023
965,0.0,0.0,0.0,0.0,0.0,0.0,0.0,0.0,0.0,2016-12-08,426.2400000000023
966,0.0,0.0,0.0,0.0,0.0,0.0,0.0,0.0,0.0,2016-12-09,426.2400000000023
967,0.0,0.0,0.0,0.0,0.0,0.0,0.0,0.0,0.0,2016-12-12,426.2400000000023
968,0.0,0.0,0.0,0.0,0.0,0.0,0.0,0.0,0.0,2016-12-13,426.2400000000023
969,0.0,0.0,0.0,0.0,0.0,0.0,0.0,0.0,0.0,2016-12-14,426.2400000000023
970,0.0,0.0,0.0,0.0,0.0,0.0,0.0,0.0,0.0,2016-12-15,426.2400000000023
971,0.0,0.0,0.0,0.0,0.0,0.0,0.0,0.0,0.0,2016-12-16,426.2400000000023
972,0.0,0.0,0.0,0.0,0.0,0.0,0.0,0.0,0.0,2016-12-19,426.2400000000023
973,0.0,0.0,0.0,0.0,0.0,0.0,0.0,0.0,0.0,2016-12-20,426.2400000000023
974,0.0,0.0,0.0,0.0,0.0,0.0,0.0,0.0,0.0,2016-12-21,426.2400000000023
975,0.0,0.0,0.0,0.0,0.0,0.0,0.0,0.0,0.0,2016-12-22,426.2400000000023
976,0.0,0.0,0.0,0.0,0.0,0.0,0.0,0.0,0.0,2016-12-23,426.2400000000023
977,0.0,0.0,0.0,0.0,0.0,0.0,0.0,0.0,0.0,2016-12-27,426.2400000000023
978,0.0,0.0,0.0,0.0,0.0,0.0,0.0,0.0,0.0,2016-12-28,426.2400000000023
979,0.0,0.0,0.0,0.0,0.0,0.0,0.0,0.0,0.0,2016-12-29,426.2400000000023
980,0.0,0.0,0.0,0.0,0.0,0.0,0.0,0.0,0.0,2016-12-30,426.2400000000023
981,0.0,0.0,0.0,0.0,0.0,0.0,0.0,0.0,0.0,2017-01-03,426.2400000000023
982,0.0,0.0,0.0,0.0,0.0,0.0,0.0,0.0,0.0,2017-01-04,426.2400000000023
983,0.0,13.390000000000017,24.639999999999947,3.039999999999964,0.0,-25.600000000000023,-41.79999999999997,-25.76000000000005,0.0,2017-01-05,374.15000000000214
984,0.0,0.0,0.0,0.0,0.0,0.0,0.0,0.0,0.0,2017-01-06,374.15000000000214
985,0.0,0.0,0.0,0.0,0.0,0.0,0.0,0.0,0.0,2017-01-09,374.15000000000214
986,0.0,0.0,0.0,0.0,0.0,0.0,0.0,0.0,0.0,2017-01-10,374.15000000000214
987,0.0,0.0,0.0,0.0,0.0,0.0,0.0,0.0,0.0,2017-01-11,374.15000000000214
988,0.0,0.0,0.0,0.0,0.0,0.0,0.0,0.0,0.0,2017-01-12,374.15000000000214
989,0.0,0.0,0.0,0.0,0.0,0.0,0.0,0.0,0.0,2017-01-13,374.15000000000214
990,0.0,0.0,0.0,0.0,0.0,0.0,0.0,0.0,0.0,2017-01-17,374.15000000000214
991,0.0,-21.18999999999994,-20.64000000000002,-2.3999999999999773,0.0,-4.3700000000000765,-9.660000000000018,0.9799999999999044,0.0,2017-01-18,316.870000000002
992,0.0,0.0,0.0,0.0,0.0,0.0,0.0,0.0,0.0,2017-01-19,316.870000000002
993,0.0,0.0,0.0,0.0,0.0,0.0,0.0,0.0,0.0,2017-01-20,316.870000000002
994,0.0,0.0,0.0,0.0,0.0,0.0,0.0,0.0,0.0,2017-01-23,316.870000000002
995,0.0,0.0,0.0,0.0,0.0,0.0,0.0,0.0,0.0,2017-01-24,316.870000000002
996,0.0,0.0,0.0,0.0,0.0,0.0,0.0,0.0,0.0,2017-01-25,316.870000000002
997,0.0,0.0,0.0,0.0,0.0,0.0,0.0,0.0,0.0,2017-01-26,316.870000000002
998,0.0,0.0,0.0,0.0,0.0,0.0,0.0,0.0,0.0,2017-01-27,316.870000000002
999,0.0,0.0,0.0,0.0,0.0,0.0,0.0,0.0,0.0,2017-01-30,316.870000000002
1000,0.0,0.0,0.0,0.0,0.0,0.0,0.0,0.0,0.0,2017-01-31,316.870000000002
1001,0.0,0.0,0.0,0.0,0.0,0.0,0.0,0.0,0.0,2017-02-01,316.870000000002
1002,0.0,0.0,0.0,0.0,0.0,0.0,0.0,0.0,0.0,2017-02-02,316.870000000002
1003,0.0,0.0,0.0,0.0,0.0,0.0,0.0,0.0,0.0,2017-02-03,316.870000000002
1004,0.0,0.0,0.0,0.0,0.0,0.0,0.0,0.0,0.0,2017-02-06,316.870000000002
1005,0.0,0.0,0.0,0.0,0.0,0.0,0.0,0.0,0.0,2017-02-07,316.870000000002
1006,0.0,0.0,0.0,0.0,0.0,0.0,0.0,0.0,0.0,2017-02-08,316.870000000002
1007,0.0,0.0,0.0,0.0,0.0,0.0,0.0,0.0,0.0,2017-02-09,316.870000000002
1008,0.0,0.0,0.0,0.0,0.0,0.0,0.0,0.0,0.0,2017-02-10,316.870000000002
1009,0.0,0.0,0.0,0.0,0.0,0.0,0.0,0.0,0.0,2017-02-13,316.870000000002
1010,0.0,0.0,0.0,0.0,0.0,0.0,0.0,0.0,0.0,2017-02-14,316.870000000002
1011,0.0,0.0,0.0,0.0,0.0,0.0,0.0,0.0,0.0,2017-02-15,316.870000000002
1012,0.0,-15.990000000000052,55.899999999999885,0.0,47.19999999999999,-32.11000000000009,-7.559999999999987,-45.22000000000007,0.0,2017-02-16,319.0900000000017
1013,0.0,0.0,0.0,0.0,0.0,0.0,0.0,0.0,0.0,2017-02-17,319.0900000000017
1014,0.0,0.0,0.0,0.0,0.0,0.0,0.0,0.0,0.0,2017-02-21,319.0900000000017
1015,0.0,0.0,0.0,0.0,0.0,0.0,0.0,0.0,0.0,2017-02-22,319.0900000000017
1016,0.0,0.0,0.0,0.0,0.0,0.0,0.0,0.0,0.0,2017-02-23,319.0900000000017
1017,0.0,0.0,0.0,0.0,0.0,0.0,0.0,0.0,0.0,2017-02-24,319.0900000000017
1018,0.0,0.0,0.0,0.0,0.0,0.0,0.0,0.0,0.0,2017-02-27,319.0900000000017
1019,0.0,0.0,0.0,0.0,0.0,0.0,0.0,0.0,0.0,2017-02-28,319.0900000000017
1020,0.0,0.0,0.0,0.0,0.0,0.0,0.0,0.0,0.0,2017-03-01,319.0900000000017
1021,0.0,0.0,0.0,0.0,0.0,0.0,0.0,0.0,0.0,2017-03-02,319.0900000000017
1022,0.0,0.0,0.0,0.0,0.0,0.0,0.0,0.0,0.0,2017-03-03,319.0900000000017
1023,0.0,0.0,0.0,0.0,0.0,0.0,0.0,0.0,0.0,2017-03-06,319.0900000000017
1024,0.0,0.0,0.0,0.0,0.0,0.0,0.0,0.0,0.0,2017-03-07,319.0900000000017
1025,0.0,0.0,0.0,0.0,0.0,0.0,0.0,0.0,0.0,2017-03-08,319.0900000000017
1026,0.0,0.0,0.0,0.0,0.0,0.0,0.0,0.0,0.0,2017-03-09,319.0900000000017
1027,0.0,0.0,0.0,0.0,0.0,0.0,0.0,0.0,0.0,2017-03-10,319.0900000000017
1028,0.0,0.0,0.0,0.0,0.0,0.0,0.0,0.0,0.0,2017-03-13,319.0900000000017
1029,0.0,0.0,0.0,0.0,0.0,0.0,0.0,0.0,0.0,2017-03-14,319.0900000000017
1030,0.0,0.0,0.0,0.0,0.0,0.0,0.0,0.0,0.0,2017-03-15,319.0900000000017
1031,0.0,0.0,0.0,0.0,0.0,0.0,0.0,0.0,0.0,2017-03-16,319.0900000000017
1032,0.0,0.0,0.0,0.0,0.0,0.0,0.0,0.0,0.0,2017-03-17,319.0900000000017
1033,0.0,0.0,4.919999999999894,1.949999999999932,26.599999999999966,-18.0,-33.599999999999994,-24.700000000000077,0.0,2017-03-20,276.2600000000014
1034,0.0,0.0,0.0,0.0,0.0,0.0,0.0,0.0,0.0,2017-03-21,276.2600000000014
1035,0.0,14.420000000000016,-39.360000000000035,-17.39999999999995,-16.38000000000007,-0.1799999999999642,-17.999999999999968,0.0,0.0,2017-03-22,199.36000000000143
1036,0.0,0.0,0.0,0.0,0.0,0.0,0.0,0.0,0.0,2017-03-23,199.36000000000143
1037,0.0,0.0,0.0,0.0,0.0,0.0,0.0,0.0,0.0,2017-03-24,199.36000000000143
1038,0.0,0.0,0.0,0.0,0.0,0.0,0.0,0.0,0.0,2017-03-27,199.36000000000143
1039,0.0,0.0,0.0,0.0,0.0,0.0,0.0,0.0,0.0,2017-03-28,199.36000000000143
1040,0.0,0.0,0.0,0.0,0.0,0.0,0.0,0.0,0.0,2017-03-29,199.36000000000143
1041,0.0,0.0,0.0,0.0,0.0,0.0,0.0,0.0,0.0,2017-03-30,199.36000000000143
1042,0.0,0.0,0.0,0.0,0.0,0.0,0.0,0.0,0.0,2017-03-31,199.36000000000143
1043,0.0,0.0,0.0,0.0,0.0,0.0,0.0,0.0,0.0,2017-04-03,199.36000000000143
1044,0.0,0.0,0.0,0.0,0.0,0.0,0.0,0.0,0.0,2017-04-04,199.36000000000143
1045,0.0,0.0,0.0,0.0,0.0,0.0,0.0,0.0,0.0,2017-04-05,199.36000000000143
1046,0.0,0.0,0.0,0.0,0.0,0.0,0.0,0.0,0.0,2017-04-06,199.36000000000143
1047,0.0,0.0,0.0,0.0,0.0,0.0,0.0,0.0,0.0,2017-04-07,199.36000000000143
1048,0.0,0.0,0.0,0.0,0.0,0.0,0.0,0.0,0.0,2017-04-10,199.36000000000143
1049,0.0,0.0,0.0,0.0,0.0,0.0,0.0,0.0,0.0,2017-04-11,199.36000000000143
1050,0.0,0.0,0.0,0.0,0.0,0.0,0.0,0.0,0.0,2017-04-12,199.36000000000143
1051,0.0,0.0,0.0,0.0,0.0,0.0,0.0,0.0,0.0,2017-04-13,199.36000000000143
1052,0.0,0.0,0.0,0.0,0.0,0.0,0.0,0.0,0.0,2017-04-17,199.36000000000143
1053,0.0,0.0,0.0,0.0,0.0,0.0,0.0,0.0,0.0,2017-04-18,199.36000000000143
1054,0.0,0.0,0.0,0.0,0.0,0.0,0.0,0.0,0.0,2017-04-19,199.36000000000143
1055,0.0,0.0,0.0,0.0,0.0,0.0,0.0,0.0,0.0,2017-04-20,199.36000000000143
1056,0.0,14.979999999999905,-6.449999999999938,7.650000000000078,8.359999999999957,-4.5,0.0,5.200000000000075,0.0,2017-04-21,224.6000000000015
1057,0.0,0.0,0.0,0.0,0.0,0.0,0.0,0.0,0.0,2017-04-24,224.6000000000015
1058,0.0,0.0,0.0,0.0,0.0,0.0,0.0,0.0,0.0,2017-04-25,224.6000000000015
1059,0.0,0.0,0.0,0.0,0.0,0.0,0.0,0.0,0.0,2017-04-26,224.6000000000015
1060,0.0,0.0,0.0,0.0,0.0,0.0,0.0,0.0,0.0,2017-04-27,224.6000000000015
1061,0.0,0.0,0.0,0.0,0.0,0.0,0.0,0.0,0.0,2017-04-28,224.6000000000015
1062,0.0,0.0,0.0,0.0,0.0,0.0,0.0,0.0,0.0,2017-05-01,224.6000000000015
1063,0.0,0.0,0.0,0.0,0.0,0.0,0.0,0.0,0.0,2017-05-02,224.6000000000015
1064,0.0,0.0,0.0,0.0,0.0,0.0,0.0,0.0,0.0,2017-05-03,224.6000000000015
1065,0.0,0.0,0.0,0.0,0.0,0.0,0.0,0.0,0.0,2017-05-04,224.6000000000015
1066,0.0,0.0,0.0,0.0,0.0,0.0,0.0,0.0,0.0,2017-05-05,224.6000000000015
1067,0.0,0.0,0.0,0.0,0.0,0.0,0.0,0.0,0.0,2017-05-08,224.6000000000015
1068,0.0,0.0,0.0,0.0,0.0,0.0,0.0,0.0,0.0,2017-05-09,224.6000000000015
1069,0.0,0.0,0.0,0.0,0.0,0.0,0.0,0.0,0.0,2017-05-10,224.6000000000015
1070,0.0,0.0,0.0,0.0,0.0,0.0,0.0,0.0,0.0,2017-05-11,224.6000000000015
1071,0.0,0.0,0.0,0.0,0.0,0.0,0.0,0.0,0.0,2017-05-12,224.6000000000015
1072,0.0,0.0,0.0,0.0,0.0,0.0,0.0,0.0,0.0,2017-05-15,224.6000000000015
1073,0.0,0.0,0.0,0.0,0.0,0.0,0.0,0.0,0.0,2017-05-16,224.6000000000015
1074,0.0,0.0,0.0,0.0,0.0,0.0,0.0,0.0,0.0,2017-05-17,224.6000000000015
1075,0.0,0.0,0.0,0.0,0.0,0.0,0.0,0.0,0.0,2017-05-18,224.6000000000015
1076,0.0,0.0,0.0,0.0,0.0,0.0,0.0,0.0,0.0,2017-05-19,224.6000000000015
1077,0.0,-2.249999999999872,-9.030000000000037,5.249999999999915,30.779999999999948,-3.600000000000051,0.0,-7.40999999999991,0.0,2017-05-22,238.34000000000148
1078,0.0,0.0,0.0,0.0,0.0,0.0,0.0,0.0,0.0,2017-05-23,238.34000000000148
1079,0.0,0.0,0.0,0.0,0.0,0.0,0.0,0.0,0.0,2017-05-24,238.34000000000148
1080,0.0,0.0,0.0,0.0,0.0,0.0,0.0,0.0,0.0,2017-05-25,238.34000000000148
1081,0.0,0.0,0.0,0.0,0.0,0.0,0.0,0.0,0.0,2017-05-26,238.34000000000148
1082,0.0,0.0,0.0,0.0,0.0,0.0,0.0,0.0,0.0,2017-05-30,238.34000000000148
1083,0.0,0.0,0.0,0.0,0.0,0.0,0.0,0.0,0.0,2017-05-31,238.34000000000148
1084,0.0,0.0,0.0,0.0,0.0,0.0,0.0,0.0,0.0,2017-06-01,238.34000000000148
1085,0.0,0.0,0.0,0.0,0.0,0.0,0.0,0.0,0.0,2017-06-02,238.34000000000148
1086,0.0,0.0,0.0,0.0,0.0,0.0,0.0,0.0,0.0,2017-06-05,238.34000000000148
1087,0.0,0.0,0.0,0.0,0.0,0.0,0.0,0.0,0.0,2017-06-06,238.34000000000148
1088,0.0,0.0,0.0,0.0,0.0,0.0,0.0,0.0,0.0,2017-06-07,238.34000000000148
1089,0.0,0.0,0.0,0.0,0.0,0.0,0.0,0.0,0.0,2017-06-08,238.34000000000148
1090,0.0,46.49999999999992,24.07999999999995,14.099999999999964,28.980000000000118,-17.280000000000015,0.0,-23.00999999999995,0.0,2017-06-09,311.71000000000146
1091,0.0,0.0,0.0,0.0,0.0,0.0,0.0,0.0,0.0,2017-06-12,311.71000000000146
1092,3.0600000000000307,1.1999999999999744,-5.329999999999959,0.0,9.360000000000058,0.0,4.3700000000000765,0.0,4.950000000000031,2017-06-13,329.32000000000164
1093,0.0,0.0,0.0,0.0,0.0,0.0,0.0,0.0,0.0,2017-06-14,329.32000000000164
1094,0.0,0.0,0.0,0.0,0.0,0.0,0.0,0.0,0.0,2017-06-15,329.32000000000164
1095,0.0,0.0,0.0,0.0,0.0,0.0,0.0,0.0,0.0,2017-06-16,329.32000000000164
1096,0.0,0.0,0.0,0.0,0.0,0.0,0.0,0.0,0.0,2017-06-19,329.32000000000164
1097,0.0,0.0,0.0,0.0,0.0,0.0,0.0,0.0,0.0,2017-06-20,329.32000000000164
1098,0.0,0.0,0.0,0.0,0.0,0.0,0.0,0.0,0.0,2017-06-21,329.32000000000164
1099,0.0,0.0,0.0,0.0,0.0,0.0,0.0,0.0,0.0,2017-06-22,329.32000000000164
1100,0.0,0.0,0.0,0.0,0.0,0.0,0.0,0.0,0.0,2017-06-23,329.32000000000164
1101,0.0,0.0,0.0,0.0,0.0,0.0,0.0,0.0,0.0,2017-06-26,329.32000000000164
1102,0.0,0.0,0.0,0.0,0.0,0.0,0.0,0.0,0.0,2017-06-27,329.32000000000164
1103,0.0,0.0,0.0,0.0,0.0,0.0,0.0,0.0,0.0,2017-06-28,329.32000000000164
1104,0.0,0.0,0.0,0.0,0.0,0.0,0.0,0.0,0.0,2017-06-29,329.32000000000164
1105,0.0,0.0,0.0,0.0,0.0,0.0,0.0,0.0,0.0,2017-06-30,329.32000000000164
1106,0.0,0.0,0.0,0.0,0.0,0.0,0.0,0.0,0.0,2017-07-03,329.32000000000164
1107,0.0,0.0,0.0,0.0,0.0,0.0,0.0,0.0,0.0,2017-07-05,329.32000000000164
1108,0.0,0.0,0.0,0.0,0.0,0.0,0.0,0.0,0.0,2017-07-06,329.32000000000164
1109,0.0,0.0,0.0,0.0,0.0,0.0,0.0,0.0,0.0,2017-07-07,329.32000000000164
1110,0.0,0.0,0.0,0.0,0.0,0.0,0.0,0.0,0.0,2017-07-10,329.32000000000164
1111,0.0,0.0,0.0,0.0,0.0,0.0,0.0,0.0,0.0,2017-07-11,329.32000000000164
1112,0.0,0.0,0.0,0.0,0.0,0.0,0.0,0.0,0.0,2017-07-12,329.32000000000164
1113,0.0,36.14999999999995,25.41999999999989,9.10000000000008,0.3599999999999284,47.33999999999979,0.0,-24.44000000000013,0.0,2017-07-13,423.25000000000114
1114,0.0,0.0,0.0,0.0,0.0,0.0,0.0,0.0,0.0,2017-07-14,423.25000000000114
1115,0.0,0.0,0.0,0.0,0.0,0.0,0.0,0.0,0.0,2017-07-17,423.25000000000114
1116,0.0,0.0,0.0,0.0,0.0,0.0,0.0,0.0,0.0,2017-07-18,423.25000000000114
1117,0.0,0.0,0.0,0.0,0.0,0.0,0.0,0.0,0.0,2017-07-19,423.25000000000114
1118,0.0,0.0,0.0,0.0,0.0,0.0,0.0,0.0,0.0,2017-07-20,423.25000000000114
1119,0.0,0.0,0.0,0.0,0.0,0.0,0.0,0.0,0.0,2017-07-21,423.25000000000114
1120,0.0,0.0,0.0,0.0,0.0,0.0,0.0,0.0,0.0,2017-07-24,423.25000000000114
1121,0.0,0.0,0.0,0.0,0.0,0.0,0.0,0.0,0.0,2017-07-25,423.25000000000114
1122,0.0,0.0,0.0,0.0,0.0,0.0,0.0,0.0,0.0,2017-07-26,423.25000000000114
1123,0.0,0.0,0.0,0.0,0.0,0.0,0.0,0.0,0.0,2017-07-27,423.25000000000114
1124,0.0,0.0,0.0,0.0,0.0,0.0,0.0,0.0,0.0,2017-07-28,423.25000000000114
1125,0.0,0.0,0.0,0.0,0.0,0.0,0.0,0.0,0.0,2017-07-31,423.25000000000114
1126,0.0,0.0,0.0,0.0,0.0,0.0,0.0,0.0,0.0,2017-08-01,423.25000000000114
1127,0.0,0.0,0.0,0.0,0.0,0.0,0.0,0.0,0.0,2017-08-02,423.25000000000114
1128,0.0,0.0,0.0,0.0,0.0,0.0,0.0,0.0,0.0,2017-08-03,423.25000000000114
1129,0.0,0.0,0.0,0.0,0.0,0.0,0.0,0.0,0.0,2017-08-04,423.25000000000114
1130,0.0,0.0,0.0,0.0,0.0,0.0,0.0,0.0,0.0,2017-08-07,423.25000000000114
1131,0.0,0.0,0.0,0.0,0.0,0.0,0.0,0.0,0.0,2017-08-08,423.25000000000114
1132,0.0,0.0,0.0,0.0,0.0,0.0,0.0,0.0,0.0,2017-08-09,423.25000000000114
1133,0.0,0.0,0.0,0.0,0.0,0.0,0.0,0.0,0.0,2017-08-10,423.25000000000114
1134,0.0,13.350000000000007,4.399999999999976,-19.460000000000008,3.3999999999999275,-7.919999999999959,-36.4799999999999,0.0,0.0,2017-08-11,380.5400000000012
1135,0.0,0.0,0.0,0.0,0.0,0.0,0.0,0.0,0.0,2017-08-14,380.5400000000012
1136,0.0,0.0,0.0,0.0,0.0,0.0,0.0,0.0,0.0,2017-08-15,380.5400000000012
1137,0.0,0.0,0.0,0.0,0.0,0.0,0.0,0.0,0.0,2017-08-16,380.5400000000012
1138,0.0,0.0,0.0,0.0,0.0,0.0,0.0,0.0,0.0,2017-08-17,380.5400000000012
1139,0.0,0.0,0.0,0.0,0.0,0.0,0.0,0.0,0.0,2017-08-18,380.5400000000012
1140,0.0,0.0,0.0,0.0,0.0,0.0,0.0,0.0,0.0,2017-08-21,380.5400000000012
1141,0.0,0.0,0.0,0.0,0.0,0.0,0.0,0.0,0.0,2017-08-22,380.5400000000012
1142,0.0,0.0,0.0,0.0,0.0,0.0,0.0,0.0,0.0,2017-08-23,380.5400000000012
1143,0.0,0.0,0.0,0.0,0.0,0.0,0.0,0.0,0.0,2017-08-24,380.5400000000012
1144,0.0,0.0,0.0,0.0,0.0,0.0,0.0,0.0,0.0,2017-08-25,380.5400000000012
1145,0.0,0.0,0.0,0.0,0.0,0.0,0.0,0.0,0.0,2017-08-28,380.5400000000012
1146,0.0,0.0,0.0,0.0,0.0,0.0,0.0,0.0,0.0,2017-08-29,380.5400000000012
1147,0.0,0.0,0.0,0.0,0.0,0.0,0.0,0.0,0.0,2017-08-30,380.5400000000012
1148,0.0,0.0,0.0,0.0,0.0,0.0,0.0,0.0,0.0,2017-08-31,380.5400000000012
1149,0.0,0.0,0.0,0.0,0.0,0.0,0.0,0.0,0.0,2017-09-01,380.5400000000012
1150,0.0,0.0,0.0,0.0,0.0,0.0,0.0,0.0,0.0,2017-09-05,380.5400000000012
1151,0.0,0.0,0.0,0.0,0.0,0.0,0.0,0.0,0.0,2017-09-06,380.5400000000012
1152,0.0,0.0,0.0,0.0,0.0,0.0,0.0,0.0,0.0,2017-09-07,380.5400000000012
1153,0.0,0.0,0.0,0.0,0.0,0.0,0.0,0.0,0.0,2017-09-08,380.5400000000012
1154,0.0,0.0,0.0,0.0,0.0,0.0,0.0,0.0,0.0,2017-09-11,380.5400000000012
1155,-39.95999999999998,-17.10000000000001,-12.800000000000011,0.0,23.800000000000097,-3.419999999999959,36.71999999999999,0.0,0.0,2017-09-12,367.78000000000134
1156,0.0,0.0,0.0,0.0,0.0,0.0,0.0,0.0,0.0,2017-09-13,367.78000000000134
1157,0.0,0.0,0.0,0.0,0.0,0.0,0.0,0.0,0.0,2017-09-14,367.78000000000134
1158,0.0,0.0,0.0,0.0,0.0,0.0,0.0,0.0,0.0,2017-09-15,367.78000000000134
1159,0.0,0.0,0.0,0.0,0.0,0.0,0.0,0.0,0.0,2017-09-18,367.78000000000134
1160,0.0,0.0,0.0,0.0,0.0,0.0,0.0,0.0,0.0,2017-09-19,367.78000000000134
1161,0.0,0.0,0.0,0.0,0.0,0.0,0.0,0.0,0.0,2017-09-20,367.78000000000134
1162,0.0,0.0,0.0,0.0,0.0,0.0,0.0,0.0,0.0,2017-09-21,367.78000000000134
1163,0.0,0.0,0.0,0.0,0.0,0.0,0.0,0.0,0.0,2017-09-22,367.78000000000134
1164,0.0,0.0,0.0,0.0,0.0,0.0,0.0,0.0,0.0,2017-09-25,367.78000000000134
1165,0.0,0.0,0.0,0.0,0.0,0.0,0.0,0.0,0.0,2017-09-26,367.78000000000134
1166,0.0,0.0,0.0,0.0,0.0,0.0,0.0,0.0,0.0,2017-09-27,367.78000000000134
1167,0.0,0.0,0.0,0.0,0.0,0.0,0.0,0.0,0.0,2017-09-28,367.78000000000134
1168,0.0,0.0,0.0,0.0,0.0,0.0,0.0,0.0,0.0,2017-09-29,367.78000000000134
1169,0.0,0.0,0.0,0.0,0.0,0.0,0.0,0.0,0.0,2017-10-02,367.78000000000134
1170,0.0,0.0,0.0,0.0,0.0,0.0,0.0,0.0,0.0,2017-10-03,367.78000000000134
1171,0.0,0.0,0.0,0.0,0.0,0.0,0.0,0.0,0.0,2017-10-04,367.78000000000134
1172,0.0,0.0,0.0,0.0,0.0,0.0,0.0,0.0,0.0,2017-10-05,367.78000000000134
1173,0.0,0.0,0.0,0.0,0.0,0.0,0.0,0.0,0.0,2017-10-06,367.78000000000134
1174,0.0,0.0,0.0,0.0,0.0,0.0,0.0,0.0,0.0,2017-10-09,367.78000000000134
1175,0.0,0.0,0.0,0.0,0.0,0.0,0.0,0.0,0.0,2017-10-10,367.78000000000134
1176,28.72999999999996,-39.60000000000001,0.0,0.0,19.719999999999946,25.199999999999967,0.0,-9.0,-15.400000000000064,2017-10-11,377.43000000000114
1177,0.0,0.0,0.0,0.0,0.0,0.0,0.0,0.0,0.0,2017-10-12,377.43000000000114
1178,0.0,0.0,0.0,0.0,0.0,0.0,0.0,0.0,0.0,2017-10-13,377.43000000000114
1179,0.0,0.0,0.0,0.0,0.0,0.0,0.0,0.0,0.0,2017-10-16,377.43000000000114
1180,0.0,0.0,0.0,0.0,0.0,0.0,0.0,0.0,0.0,2017-10-17,377.43000000000114
1181,0.0,0.0,0.0,0.0,0.0,0.0,0.0,0.0,0.0,2017-10-18,377.43000000000114
1182,0.0,0.0,0.0,0.0,0.0,0.0,0.0,0.0,0.0,2017-10-19,377.43000000000114
1183,0.0,0.0,0.0,0.0,0.0,0.0,0.0,0.0,0.0,2017-10-20,377.43000000000114
1184,0.0,0.0,0.0,0.0,0.0,0.0,0.0,0.0,0.0,2017-10-23,377.43000000000114
1185,0.0,0.0,0.0,0.0,0.0,0.0,0.0,0.0,0.0,2017-10-24,377.43000000000114
1186,0.0,0.0,0.0,0.0,0.0,0.0,0.0,0.0,0.0,2017-10-25,377.43000000000114
1187,0.0,0.0,0.0,0.0,0.0,0.0,0.0,0.0,0.0,2017-10-26,377.43000000000114
1188,0.0,0.0,0.0,0.0,0.0,0.0,0.0,0.0,0.0,2017-10-27,377.43000000000114
1189,26.179999999999986,14.559999999999885,0.0,0.0,26.560000000000056,14.040000000000019,0.0,-9.839999999999918,-5.600000000000024,2017-10-30,443.3300000000012
1190,0.0,0.0,0.0,0.0,0.0,0.0,0.0,0.0,0.0,2017-10-31,443.3300000000012
1191,0.0,0.0,0.0,0.0,0.0,0.0,0.0,0.0,0.0,2017-11-01,443.3300000000012
1192,0.0,0.0,0.0,0.0,0.0,0.0,0.0,0.0,0.0,2017-11-02,443.3300000000012
1193,0.0,0.0,0.0,0.0,0.0,0.0,0.0,0.0,0.0,2017-11-03,443.3300000000012
1194,0.0,0.0,0.0,0.0,0.0,0.0,0.0,0.0,0.0,2017-11-06,443.3300000000012
1195,0.0,0.0,0.0,0.0,0.0,0.0,0.0,0.0,0.0,2017-11-07,443.3300000000012
1196,0.0,0.0,0.0,0.0,0.0,0.0,0.0,0.0,0.0,2017-11-08,443.3300000000012
1197,0.0,0.0,0.0,0.0,0.0,0.0,0.0,0.0,0.0,2017-11-09,443.3300000000012
1198,0.0,0.0,0.0,0.0,0.0,0.0,0.0,0.0,0.0,2017-11-10,443.3300000000012
1199,0.0,0.0,0.0,0.0,0.0,0.0,0.0,0.0,0.0,2017-11-13,443.3300000000012
1200,0.0,0.0,0.0,0.0,0.0,0.0,0.0,0.0,0.0,2017-11-14,443.3300000000012
1201,0.0,0.0,0.0,0.0,0.0,0.0,0.0,0.0,0.0,2017-11-15,443.3300000000012
1202,0.0,0.0,0.0,0.0,0.0,0.0,0.0,0.0,0.0,2017-11-16,443.3300000000012
1203,0.0,0.0,0.0,0.0,0.0,0.0,0.0,0.0,0.0,2017-11-17,443.3300000000012
1204,0.0,0.0,0.0,0.0,0.0,0.0,0.0,0.0,0.0,2017-11-20,443.3300000000012
1205,0.0,0.0,0.0,0.0,0.0,0.0,0.0,0.0,0.0,2017-11-21,443.3300000000012
1206,0.0,0.0,0.0,0.0,0.0,0.0,0.0,0.0,0.0,2017-11-22,443.3300000000012
1207,0.0,0.0,0.0,0.0,0.0,0.0,0.0,0.0,0.0,2017-11-24,443.3300000000012
1208,0.0,0.0,0.0,0.0,0.0,0.0,0.0,0.0,0.0,2017-11-27,443.3300000000012
1209,0.0,0.0,0.0,0.0,0.0,0.0,0.0,0.0,0.0,2017-11-28,443.3300000000012
1210,5.1000000000000725,0.5599999999998886,17.389999999999958,0.0,26.87999999999988,-43.700000000000074,0.0,0.0,-37.5,2017-11-29,412.0600000000009
1211,0.0,0.0,0.0,0.0,0.0,0.0,0.0,0.0,0.0,2017-11-30,412.0600000000009
1212,0.0,0.0,0.0,0.0,0.0,0.0,0.0,0.0,0.0,2017-12-01,412.0600000000009
1213,0.0,0.0,0.0,0.0,0.0,0.0,0.0,0.0,0.0,2017-12-04,412.0600000000009
1214,5.440000000000055,-19.740000000000148,19.440000000000094,0.0,-17.700000000000102,-17.45999999999998,0.0,0.0,-13.800000000000095,2017-12-05,368.24000000000075
1215,0.0,0.0,0.0,0.0,0.0,0.0,0.0,0.0,0.0,2017-12-06,368.24000000000075
1216,0.0,0.0,0.0,0.0,0.0,0.0,0.0,0.0,0.0,2017-12-07,368.24000000000075
1217,0.0,0.0,0.0,0.0,0.0,0.0,0.0,0.0,0.0,2017-12-08,368.24000000000075
1218,0.0,0.0,0.0,0.0,0.0,0.0,0.0,0.0,0.0,2017-12-11,368.24000000000075
1219,0.0,0.0,0.0,0.0,0.0,0.0,0.0,0.0,0.0,2017-12-12,368.24000000000075
1220,0.0,0.0,0.0,0.0,0.0,0.0,0.0,0.0,0.0,2017-12-13,368.24000000000075
1221,0.0,0.0,0.0,0.0,0.0,0.0,0.0,0.0,0.0,2017-12-14,368.24000000000075
1222,0.0,0.0,0.0,0.0,0.0,0.0,0.0,0.0,0.0,2017-12-15,368.24000000000075
1223,0.0,0.0,0.0,0.0,0.0,0.0,0.0,0.0,0.0,2017-12-18,368.24000000000075
1224,0.0,0.0,0.0,0.0,0.0,0.0,0.0,0.0,0.0,2017-12-19,368.24000000000075
1225,0.0,0.0,0.0,0.0,0.0,0.0,0.0,0.0,0.0,2017-12-20,368.24000000000075
1226,0.0,0.0,0.0,0.0,0.0,0.0,0.0,0.0,0.0,2017-12-21,368.24000000000075
1227,0.0,0.0,0.0,0.0,0.0,0.0,0.0,0.0,0.0,2017-12-22,368.24000000000075
1228,0.0,0.0,0.0,0.0,0.0,0.0,0.0,0.0,0.0,2017-12-26,368.24000000000075
1229,0.0,0.0,0.0,0.0,0.0,0.0,0.0,0.0,0.0,2017-12-27,368.24000000000075
1230,0.0,0.0,0.0,0.0,0.0,0.0,0.0,0.0,0.0,2017-12-28,368.24000000000075
1231,0.0,0.0,0.0,0.0,0.0,0.0,0.0,0.0,0.0,2017-12-29,368.24000000000075
1232,0.0,0.0,0.0,0.0,0.0,0.0,0.0,0.0,0.0,2018-01-02,368.24000000000075
1233,0.0,0.0,0.0,0.0,0.0,0.0,0.0,0.0,0.0,2018-01-03,368.24000000000075
1234,0.0,0.0,0.0,0.0,0.0,0.0,0.0,0.0,0.0,2018-01-04,368.24000000000075
1235,0.0,-80.5,26.28000000000001,52.259999999999955,59.04000000000008,-2.5500000000000966,70.91999999999996,0.0,0.0,2018-01-05,493.6900000000006
1236,0.0,0.0,0.0,0.0,0.0,0.0,0.0,0.0,0.0,2018-01-08,493.6900000000006
1237,0.0,0.0,0.0,0.0,0.0,0.0,0.0,0.0,0.0,2018-01-09,493.6900000000006
1238,0.0,0.0,0.0,0.0,0.0,0.0,0.0,0.0,0.0,2018-01-10,493.6900000000006
1239,0.0,0.0,0.0,0.0,0.0,0.0,0.0,0.0,0.0,2018-01-11,493.6900000000006
1240,0.0,0.0,0.0,0.0,0.0,0.0,0.0,0.0,0.0,2018-01-12,493.6900000000006
1241,0.0,0.0,0.0,0.0,0.0,0.0,0.0,0.0,0.0,2018-01-16,493.6900000000006
1242,0.0,0.0,0.0,0.0,0.0,0.0,0.0,0.0,0.0,2018-01-17,493.6900000000006
1243,0.0,0.0,0.0,0.0,0.0,0.0,0.0,0.0,0.0,2018-01-18,493.6900000000006
1244,0.0,0.0,0.0,0.0,0.0,0.0,0.0,0.0,0.0,2018-01-19,493.6900000000006
1245,0.0,0.0,0.0,0.0,0.0,0.0,0.0,0.0,0.0,2018-01-22,493.6900000000006
1246,0.0,0.0,0.0,0.0,0.0,0.0,0.0,0.0,0.0,2018-01-23,493.6900000000006
1247,0.0,0.0,0.0,0.0,0.0,0.0,0.0,0.0,0.0,2018-01-24,493.6900000000006
1248,0.0,0.0,0.0,0.0,0.0,0.0,0.0,0.0,0.0,2018-01-25,493.6900000000006
1249,0.0,0.0,0.0,0.0,0.0,0.0,0.0,0.0,0.0,2018-01-26,493.6900000000006
1250,0.0,0.0,0.0,0.0,0.0,0.0,0.0,0.0,0.0,2018-01-29,493.6900000000006
1251,0.0,0.0,0.0,0.0,0.0,0.0,0.0,0.0,0.0,2018-01-30,493.6900000000006
1252,0.0,0.0,0.0,0.0,0.0,0.0,0.0,0.0,0.0,2018-01-31,493.6900000000006
1253,0.0,0.0,0.0,0.0,0.0,0.0,0.0,0.0,0.0,2018-02-01,493.6900000000006
1254,-17.550000000000026,9.22999999999992,0.0,16.919999999999963,22.049999999999986,-7.4799999999999605,27.169999999999995,0.0,0.0,2018-02-02,544.0300000000005
1255,0.0,0.0,0.0,0.0,0.0,0.0,0.0,0.0,0.0,2018-02-05,544.0300000000005
1256,0.0,0.0,0.0,0.0,0.0,0.0,0.0,0.0,0.0,2018-02-06,544.0300000000005
1257,0.0,0.0,0.0,0.0,0.0,0.0,0.0,0.0,0.0,2018-02-07,544.0300000000005
1258,-9.759999999999991,-34.059999999999874,9.179999999999987,0.0,0.0,-22.440000000000005,0.0,28.81999999999989,2.25,2018-02-08,518.0200000000006
1259,0.0,0.0,0.0,0.0,0.0,0.0,0.0,0.0,0.0,2018-02-09,518.0200000000006
