,XLB,XLE,XLF,XLI,XLK,XLP,XLU,XLV,XLY,datetime,cumulative_pnl_12m
0,0.0,0.0,0.0,0.0,0.0,0.0,0.0,0.0,0.0,2013-02-11,0.0
1,0.0,0.0,0.0,0.0,0.0,0.0,0.0,0.0,0.0,2013-02-12,0.0
2,0.0,0.0,0.0,0.0,0.0,0.0,0.0,0.0,0.0,2013-02-13,0.0
3,0.0,0.0,0.0,0.0,0.0,0.0,0.0,0.0,0.0,2013-02-14,0.0
4,0.0,0.0,0.0,0.0,0.0,0.0,0.0,0.0,0.0,2013-02-15,0.0
5,0.0,0.0,0.0,0.0,0.0,0.0,0.0,0.0,0.0,2013-02-19,0.0
6,0.0,0.0,0.0,0.0,0.0,0.0,0.0,0.0,0.0,2013-02-20,0.0
7,0.0,0.0,0.0,0.0,0.0,0.0,0.0,0.0,0.0,2013-02-21,0.0
8,0.0,0.0,0.0,0.0,0.0,0.0,0.0,0.0,0.0,2013-02-22,0.0
9,0.0,0.0,0.0,0.0,0.0,0.0,0.0,0.0,0.0,2013-02-25,0.0
10,0.0,0.0,0.0,0.0,0.0,0.0,0.0,0.0,0.0,2013-02-26,0.0
11,0.0,0.0,0.0,0.0,0.0,0.0,0.0,0.0,0.0,2013-02-27,0.0
12,0.0,0.0,0.0,0.0,0.0,0.0,0.0,0.0,0.0,2013-02-28,0.0
13,0.0,0.0,0.0,0.0,0.0,0.0,0.0,0.0,0.0,2013-03-01,0.0
14,0.0,0.0,0.0,0.0,0.0,0.0,0.0,0.0,0.0,2013-03-04,0.0
15,0.0,0.0,0.0,0.0,0.0,0.0,0.0,0.0,0.0,2013-03-05,0.0
16,0.0,0.0,0.0,0.0,0.0,0.0,0.0,0.0,0.0,2013-03-06,0.0
17,0.0,0.0,0.0,0.0,0.0,0.0,0.0,0.0,0.0,2013-03-07,0.0
18,0.0,0.0,0.0,0.0,0.0,0.0,0.0,0.0,0.0,2013-03-08,0.0
19,0.0,0.0,0.0,0.0,0.0,0.0,0.0,0.0,0.0,2013-03-11,0.0
20,0.0,0.0,0.0,0.0,0.0,0.0,0.0,0.0,0.0,2013-03-12,0.0
21,0.0,0.0,0.0,0.0,0.0,0.0,0.0,0.0,0.0,2013-03-13,0.0
22,0.0,0.0,0.0,0.0,0.0,0.0,0.0,0.0,0.0,2013-03-14,0.0
23,0.0,0.0,0.0,0.0,0.0,0.0,0.0,0.0,0.0,2013-03-15,0.0
24,0.0,0.0,0.0,0.0,0.0,0.0,0.0,0.0,0.0,2013-03-18,0.0
25,0.0,0.0,0.0,0.0,0.0,0.0,0.0,0.0,0.0,2013-03-19,0.0
26,0.0,0.0,0.0,0.0,0.0,0.0,0.0,0.0,0.0,2013-03-20,0.0
27,0.0,0.0,0.0,0.0,0.0,0.0,0.0,0.0,0.0,2013-03-21,0.0
28,0.0,0.0,0.0,0.0,0.0,0.0,0.0,0.0,0.0,2013-03-22,0.0
29,0.0,0.0,0.0,0.0,0.0,0.0,0.0,0.0,0.0,2013-03-25,0.0
30,0.0,0.0,0.0,0.0,0.0,0.0,0.0,0.0,0.0,2013-03-26,0.0
31,0.0,0.0,0.0,0.0,0.0,0.0,0.0,0.0,0.0,2013-03-27,0.0
32,0.0,0.0,0.0,0.0,0.0,0.0,0.0,0.0,0.0,2013-03-28,0.0
33,0.0,0.0,0.0,0.0,0.0,0.0,0.0,0.0,0.0,2013-04-01,0.0
34,0.0,0.0,0.0,0.0,0.0,0.0,0.0,0.0,0.0,2013-04-02,0.0
35,0.0,0.0,0.0,0.0,0.0,0.0,0.0,0.0,0.0,2013-04-03,0.0
36,0.0,0.0,0.0,0.0,0.0,0.0,0.0,0.0,0.0,2013-04-04,0.0
37,0.0,0.0,0.0,0.0,0.0,0.0,0.0,0.0,0.0,2013-04-05,0.0
38,0.0,0.0,0.0,0.0,0.0,0.0,0.0,0.0,0.0,2013-04-08,0.0
39,0.0,0.0,0.0,0.0,0.0,0.0,0.0,0.0,0.0,2013-04-09,0.0
40,0.0,0.0,0.0,0.0,0.0,0.0,0.0,0.0,0.0,2013-04-10,0.0
41,0.0,0.0,0.0,0.0,0.0,0.0,0.0,0.0,0.0,2013-04-11,0.0
42,0.0,0.0,0.0,0.0,0.0,0.0,0.0,0.0,0.0,2013-04-12,0.0
43,0.0,0.0,0.0,0.0,0.0,0.0,0.0,0.0,0.0,2013-04-15,0.0
44,0.0,0.0,0.0,0.0,0.0,0.0,0.0,0.0,0.0,2013-04-16,0.0
45,0.0,0.0,0.0,0.0,0.0,0.0,0.0,0.0,0.0,2013-04-17,0.0
46,0.0,0.0,0.0,0.0,0.0,0.0,0.0,0.0,0.0,2013-04-18,0.0
47,0.0,0.0,0.0,0.0,0.0,0.0,0.0,0.0,0.0,2013-04-19,0.0
48,0.0,0.0,0.0,0.0,0.0,0.0,0.0,0.0,0.0,2013-04-22,0.0
49,0.0,0.0,0.0,0.0,0.0,0.0,0.0,0.0,0.0,2013-04-23,0.0
50,0.0,0.0,0.0,0.0,0.0,0.0,0.0,0.0,0.0,2013-04-24,0.0
51,0.0,0.0,0.0,0.0,0.0,0.0,0.0,0.0,0.0,2013-04-25,0.0
52,0.0,0.0,0.0,0.0,0.0,0.0,0.0,0.0,0.0,2013-04-26,0.0
53,0.0,0.0,0.0,0.0,0.0,0.0,0.0,0.0,0.0,2013-04-29,0.0
54,0.0,0.0,0.0,0.0,0.0,0.0,0.0,0.0,0.0,2013-04-30,0.0
55,0.0,0.0,0.0,0.0,0.0,0.0,0.0,0.0,0.0,2013-05-01,0.0
56,0.0,0.0,0.0,0.0,0.0,0.0,0.0,0.0,0.0,2013-05-02,0.0
57,0.0,0.0,0.0,0.0,0.0,0.0,0.0,0.0,0.0,2013-05-03,0.0
58,0.0,0.0,0.0,0.0,0.0,0.0,0.0,0.0,0.0,2013-05-06,0.0
59,0.0,0.0,0.0,0.0,0.0,0.0,0.0,0.0,0.0,2013-05-07,0.0
60,0.0,0.0,0.0,0.0,0.0,0.0,0.0,0.0,0.0,2013-05-08,0.0
61,0.0,0.0,0.0,0.0,0.0,0.0,0.0,0.0,0.0,2013-05-09,0.0
62,0.0,0.0,0.0,0.0,0.0,0.0,0.0,0.0,0.0,2013-05-10,0.0
63,0.0,0.0,0.0,0.0,0.0,0.0,0.0,0.0,0.0,2013-05-13,0.0
64,0.0,0.0,0.0,0.0,0.0,0.0,0.0,0.0,0.0,2013-05-14,0.0
65,0.0,0.0,0.0,0.0,0.0,0.0,0.0,0.0,0.0,2013-05-15,0.0
66,0.0,0.0,0.0,0.0,0.0,0.0,0.0,0.0,0.0,2013-05-16,0.0
67,0.0,0.0,0.0,0.0,0.0,0.0,0.0,0.0,0.0,2013-05-17,0.0
68,0.0,0.0,0.0,0.0,0.0,0.0,0.0,0.0,0.0,2013-05-20,0.0
69,0.0,0.0,0.0,0.0,0.0,0.0,0.0,0.0,0.0,2013-05-21,0.0
70,0.0,0.0,0.0,0.0,0.0,0.0,0.0,0.0,0.0,2013-05-22,0.0
71,0.0,0.0,0.0,0.0,0.0,0.0,0.0,0.0,0.0,2013-05-23,0.0
72,0.0,0.0,0.0,0.0,0.0,0.0,0.0,0.0,0.0,2013-05-24,0.0
73,0.0,0.0,0.0,0.0,0.0,0.0,0.0,0.0,0.0,2013-05-28,0.0
74,0.0,0.0,0.0,0.0,0.0,0.0,0.0,0.0,0.0,2013-05-29,0.0
75,0.0,0.0,0.0,0.0,0.0,0.0,0.0,0.0,0.0,2013-05-30,0.0
76,0.0,0.0,0.0,0.0,0.0,0.0,0.0,0.0,0.0,2013-05-31,0.0
77,0.0,0.0,0.0,0.0,0.0,0.0,0.0,0.0,0.0,2013-06-03,0.0
78,0.0,0.0,0.0,0.0,0.0,0.0,0.0,0.0,0.0,2013-06-04,0.0
79,0.0,0.0,0.0,0.0,0.0,0.0,0.0,0.0,0.0,2013-06-05,0.0
80,0.0,0.0,0.0,0.0,0.0,0.0,0.0,0.0,0.0,2013-06-06,0.0
81,0.0,0.0,0.0,0.0,0.0,0.0,0.0,0.0,0.0,2013-06-07,0.0
82,0.0,0.0,0.0,0.0,0.0,0.0,0.0,0.0,0.0,2013-06-10,0.0
83,0.0,0.0,0.0,0.0,0.0,0.0,0.0,0.0,0.0,2013-06-11,0.0
84,0.0,0.0,0.0,0.0,0.0,0.0,0.0,0.0,0.0,2013-06-12,0.0
85,0.0,0.0,0.0,0.0,0.0,0.0,0.0,0.0,0.0,2013-06-13,0.0
86,0.0,0.0,0.0,0.0,0.0,0.0,0.0,0.0,0.0,2013-06-14,0.0
87,0.0,0.0,0.0,0.0,0.0,0.0,0.0,0.0,0.0,2013-06-17,0.0
88,0.0,0.0,0.0,0.0,0.0,0.0,0.0,0.0,0.0,2013-06-18,0.0
89,0.0,0.0,0.0,0.0,0.0,0.0,0.0,0.0,0.0,2013-06-19,0.0
90,0.0,0.0,0.0,0.0,0.0,0.0,0.0,0.0,0.0,2013-06-20,0.0
91,0.0,0.0,0.0,0.0,0.0,0.0,0.0,0.0,0.0,2013-06-21,0.0
92,0.0,0.0,0.0,0.0,0.0,0.0,0.0,0.0,0.0,2013-06-24,0.0
93,0.0,0.0,0.0,0.0,0.0,0.0,0.0,0.0,0.0,2013-06-25,0.0
94,0.0,0.0,0.0,0.0,0.0,0.0,0.0,0.0,0.0,2013-06-26,0.0
95,0.0,0.0,0.0,0.0,0.0,0.0,0.0,0.0,0.0,2013-06-27,0.0
96,0.0,0.0,0.0,0.0,0.0,0.0,0.0,0.0,0.0,2013-06-28,0.0
97,0.0,0.0,0.0,0.0,0.0,0.0,0.0,0.0,0.0,2013-07-01,0.0
98,0.0,0.0,0.0,0.0,0.0,0.0,0.0,0.0,0.0,2013-07-02,0.0
99,0.0,0.0,0.0,0.0,0.0,0.0,0.0,0.0,0.0,2013-07-03,0.0
100,0.0,0.0,0.0,0.0,0.0,0.0,0.0,0.0,0.0,2013-07-05,0.0
101,0.0,0.0,0.0,0.0,0.0,0.0,0.0,0.0,0.0,2013-07-08,0.0
102,0.0,0.0,0.0,0.0,0.0,0.0,0.0,0.0,0.0,2013-07-09,0.0
103,0.0,0.0,0.0,0.0,0.0,0.0,0.0,0.0,0.0,2013-07-10,0.0
104,0.0,0.0,0.0,0.0,0.0,0.0,0.0,0.0,0.0,2013-07-11,0.0
105,0.0,0.0,0.0,0.0,0.0,0.0,0.0,0.0,0.0,2013-07-12,0.0
106,0.0,0.0,0.0,0.0,0.0,0.0,0.0,0.0,0.0,2013-07-15,0.0
107,0.0,0.0,0.0,0.0,0.0,0.0,0.0,0.0,0.0,2013-07-16,0.0
108,0.0,0.0,0.0,0.0,0.0,0.0,0.0,0.0,0.0,2013-07-17,0.0
109,0.0,0.0,0.0,0.0,0.0,0.0,0.0,0.0,0.0,2013-07-18,0.0
110,0.0,0.0,0.0,0.0,0.0,0.0,0.0,0.0,0.0,2013-07-19,0.0
111,0.0,0.0,0.0,0.0,0.0,0.0,0.0,0.0,0.0,2013-07-22,0.0
112,0.0,0.0,0.0,0.0,0.0,0.0,0.0,0.0,0.0,2013-07-23,0.0
113,0.0,0.0,0.0,0.0,0.0,0.0,0.0,0.0,0.0,2013-07-24,0.0
114,0.0,0.0,0.0,0.0,0.0,0.0,0.0,0.0,0.0,2013-07-25,0.0
115,0.0,0.0,0.0,0.0,0.0,0.0,0.0,0.0,0.0,2013-07-26,0.0
116,0.0,0.0,0.0,0.0,0.0,0.0,0.0,0.0,0.0,2013-07-29,0.0
117,0.0,0.0,0.0,0.0,0.0,0.0,0.0,0.0,0.0,2013-07-30,0.0
118,0.0,0.0,0.0,0.0,0.0,0.0,0.0,0.0,0.0,2013-07-31,0.0
119,0.0,0.0,0.0,0.0,0.0,0.0,0.0,0.0,0.0,2013-08-01,0.0
120,0.0,0.0,0.0,0.0,0.0,0.0,0.0,0.0,0.0,2013-08-02,0.0
121,0.0,0.0,0.0,0.0,0.0,0.0,0.0,0.0,0.0,2013-08-05,0.0
122,0.0,0.0,0.0,0.0,0.0,0.0,0.0,0.0,0.0,2013-08-06,0.0
123,0.0,0.0,0.0,0.0,0.0,0.0,0.0,0.0,0.0,2013-08-07,0.0
124,0.0,0.0,0.0,0.0,0.0,0.0,0.0,0.0,0.0,2013-08-08,0.0
125,0.0,0.0,0.0,0.0,0.0,0.0,0.0,0.0,0.0,2013-08-09,0.0
126,0.0,0.0,0.0,0.0,0.0,0.0,0.0,0.0,0.0,2013-08-12,0.0
127,0.0,0.0,0.0,0.0,0.0,0.0,0.0,0.0,0.0,2013-08-13,0.0
128,0.0,0.0,0.0,0.0,0.0,0.0,0.0,0.0,0.0,2013-08-14,0.0
129,0.0,0.0,0.0,0.0,0.0,0.0,0.0,0.0,0.0,2013-08-15,0.0
130,0.0,0.0,0.0,0.0,0.0,0.0,0.0,0.0,0.0,2013-08-16,0.0
131,0.0,0.0,0.0,0.0,0.0,0.0,0.0,0.0,0.0,2013-08-19,0.0
132,0.0,0.0,0.0,0.0,0.0,0.0,0.0,0.0,0.0,2013-08-20,0.0
133,0.0,0.0,0.0,0.0,0.0,0.0,0.0,0.0,0.0,2013-08-21,0.0
134,0.0,0.0,0.0,0.0,0.0,0.0,0.0,0.0,0.0,2013-08-22,0.0
135,0.0,0.0,0.0,0.0,0.0,0.0,0.0,0.0,0.0,2013-08-23,0.0
136,0.0,0.0,0.0,0.0,0.0,0.0,0.0,0.0,0.0,2013-08-26,0.0
137,0.0,0.0,0.0,0.0,0.0,0.0,0.0,0.0,0.0,2013-08-27,0.0
138,0.0,0.0,0.0,0.0,0.0,0.0,0.0,0.0,0.0,2013-08-28,0.0
139,0.0,0.0,0.0,0.0,0.0,0.0,0.0,0.0,0.0,2013-08-29,0.0
140,0.0,0.0,0.0,0.0,0.0,0.0,0.0,0.0,0.0,2013-08-30,0.0
141,0.0,0.0,0.0,0.0,0.0,0.0,0.0,0.0,0.0,2013-09-03,0.0
142,0.0,0.0,0.0,0.0,0.0,0.0,0.0,0.0,0.0,2013-09-04,0.0
143,0.0,0.0,0.0,0.0,0.0,0.0,0.0,0.0,0.0,2013-09-05,0.0
144,0.0,0.0,0.0,0.0,0.0,0.0,0.0,0.0,0.0,2013-09-06,0.0
145,0.0,0.0,0.0,0.0,0.0,0.0,0.0,0.0,0.0,2013-09-09,0.0
146,0.0,0.0,0.0,0.0,0.0,0.0,0.0,0.0,0.0,2013-09-10,0.0
147,0.0,0.0,0.0,0.0,0.0,0.0,0.0,0.0,0.0,2013-09-11,0.0
148,0.0,0.0,0.0,0.0,0.0,0.0,0.0,0.0,0.0,2013-09-12,0.0
149,0.0,0.0,0.0,0.0,0.0,0.0,0.0,0.0,0.0,2013-09-13,0.0
150,0.0,0.0,0.0,0.0,0.0,0.0,0.0,0.0,0.0,2013-09-16,0.0
151,0.0,0.0,0.0,0.0,0.0,0.0,0.0,0.0,0.0,2013-09-17,0.0
152,0.0,0.0,0.0,0.0,0.0,0.0,0.0,0.0,0.0,2013-09-18,0.0
153,0.0,0.0,0.0,0.0,0.0,0.0,0.0,0.0,0.0,2013-09-19,0.0
154,0.0,0.0,0.0,0.0,0.0,0.0,0.0,0.0,0.0,2013-09-20,0.0
155,0.0,0.0,0.0,0.0,0.0,0.0,0.0,0.0,0.0,2013-09-23,0.0
156,0.0,0.0,0.0,0.0,0.0,0.0,0.0,0.0,0.0,2013-09-24,0.0
157,0.0,0.0,0.0,0.0,0.0,0.0,0.0,0.0,0.0,2013-09-25,0.0
158,0.0,0.0,0.0,0.0,0.0,0.0,0.0,0.0,0.0,2013-09-26,0.0
159,0.0,0.0,0.0,0.0,0.0,0.0,0.0,0.0,0.0,2013-09-27,0.0
160,0.0,0.0,0.0,0.0,0.0,0.0,0.0,0.0,0.0,2013-09-30,0.0
161,0.0,0.0,0.0,0.0,0.0,0.0,0.0,0.0,0.0,2013-10-01,0.0
162,0.0,0.0,0.0,0.0,0.0,0.0,0.0,0.0,0.0,2013-10-02,0.0
163,0.0,0.0,0.0,0.0,0.0,0.0,0.0,0.0,0.0,2013-10-03,0.0
164,0.0,0.0,0.0,0.0,0.0,0.0,0.0,0.0,0.0,2013-10-04,0.0
165,0.0,0.0,0.0,0.0,0.0,0.0,0.0,0.0,0.0,2013-10-07,0.0
166,0.0,0.0,0.0,0.0,0.0,0.0,0.0,0.0,0.0,2013-10-08,0.0
167,0.0,0.0,0.0,0.0,0.0,0.0,0.0,0.0,0.0,2013-10-09,0.0
168,0.0,0.0,0.0,0.0,0.0,0.0,0.0,0.0,0.0,2013-10-10,0.0
169,0.0,0.0,0.0,0.0,0.0,0.0,0.0,0.0,0.0,2013-10-11,0.0
170,0.0,0.0,0.0,0.0,0.0,0.0,0.0,0.0,0.0,2013-10-14,0.0
171,0.0,0.0,0.0,0.0,0.0,0.0,0.0,0.0,0.0,2013-10-15,0.0
172,0.0,0.0,0.0,0.0,0.0,0.0,0.0,0.0,0.0,2013-10-16,0.0
173,0.0,0.0,0.0,0.0,0.0,0.0,0.0,0.0,0.0,2013-10-17,0.0
174,0.0,0.0,0.0,0.0,0.0,0.0,0.0,0.0,0.0,2013-10-18,0.0
175,0.0,0.0,0.0,0.0,0.0,0.0,0.0,0.0,0.0,2013-10-21,0.0
176,0.0,0.0,0.0,0.0,0.0,0.0,0.0,0.0,0.0,2013-10-22,0.0
177,0.0,0.0,0.0,0.0,0.0,0.0,0.0,0.0,0.0,2013-10-23,0.0
178,0.0,0.0,0.0,0.0,0.0,0.0,0.0,0.0,0.0,2013-10-24,0.0
179,0.0,0.0,0.0,0.0,0.0,0.0,0.0,0.0,0.0,2013-10-25,0.0
180,0.0,0.0,0.0,0.0,0.0,0.0,0.0,0.0,0.0,2013-10-28,0.0
181,0.0,0.0,0.0,0.0,0.0,0.0,0.0,0.0,0.0,2013-10-29,0.0
182,0.0,0.0,0.0,0.0,0.0,0.0,0.0,0.0,0.0,2013-10-30,0.0
183,0.0,0.0,0.0,0.0,0.0,0.0,0.0,0.0,0.0,2013-10-31,0.0
184,0.0,0.0,0.0,0.0,0.0,0.0,0.0,0.0,0.0,2013-11-01,0.0
185,0.0,0.0,0.0,0.0,0.0,0.0,0.0,0.0,0.0,2013-11-04,0.0
186,0.0,0.0,0.0,0.0,0.0,0.0,0.0,0.0,0.0,2013-11-05,0.0
187,0.0,0.0,0.0,0.0,0.0,0.0,0.0,0.0,0.0,2013-11-06,0.0
188,0.0,0.0,0.0,0.0,0.0,0.0,0.0,0.0,0.0,2013-11-07,0.0
189,0.0,0.0,0.0,0.0,0.0,0.0,0.0,0.0,0.0,2013-11-08,0.0
190,0.0,0.0,0.0,0.0,0.0,0.0,0.0,0.0,0.0,2013-11-11,0.0
191,0.0,0.0,0.0,0.0,0.0,0.0,0.0,0.0,0.0,2013-11-12,0.0
192,0.0,0.0,0.0,0.0,0.0,0.0,0.0,0.0,0.0,2013-11-13,0.0
193,0.0,0.0,0.0,0.0,0.0,0.0,0.0,0.0,0.0,2013-11-14,0.0
194,0.0,0.0,0.0,0.0,0.0,0.0,0.0,0.0,0.0,2013-11-15,0.0
195,0.0,0.0,0.0,0.0,0.0,0.0,0.0,0.0,0.0,2013-11-18,0.0
196,0.0,0.0,0.0,0.0,0.0,0.0,0.0,0.0,0.0,2013-11-19,0.0
197,0.0,0.0,0.0,0.0,0.0,0.0,0.0,0.0,0.0,2013-11-20,0.0
198,0.0,0.0,0.0,0.0,0.0,0.0,0.0,0.0,0.0,2013-11-21,0.0
199,0.0,0.0,0.0,0.0,0.0,0.0,0.0,0.0,0.0,2013-11-22,0.0
200,0.0,0.0,0.0,0.0,0.0,0.0,0.0,0.0,0.0,2013-11-25,0.0
201,0.0,0.0,0.0,0.0,0.0,0.0,0.0,0.0,0.0,2013-11-26,0.0
202,0.0,0.0,0.0,0.0,0.0,0.0,0.0,0.0,0.0,2013-11-27,0.0
203,0.0,0.0,0.0,0.0,0.0,0.0,0.0,0.0,0.0,2013-11-29,0.0
204,0.0,0.0,0.0,0.0,0.0,0.0,0.0,0.0,0.0,2013-12-02,0.0
205,0.0,0.0,0.0,0.0,0.0,0.0,0.0,0.0,0.0,2013-12-03,0.0
206,0.0,0.0,0.0,0.0,0.0,0.0,0.0,0.0,0.0,2013-12-04,0.0
207,0.0,0.0,0.0,0.0,0.0,0.0,0.0,0.0,0.0,2013-12-05,0.0
208,0.0,0.0,0.0,0.0,0.0,0.0,0.0,0.0,0.0,2013-12-06,0.0
209,0.0,0.0,0.0,0.0,0.0,0.0,0.0,0.0,0.0,2013-12-09,0.0
210,0.0,0.0,0.0,0.0,0.0,0.0,0.0,0.0,0.0,2013-12-10,0.0
211,0.0,0.0,0.0,0.0,0.0,0.0,0.0,0.0,0.0,2013-12-11,0.0
212,0.0,0.0,0.0,0.0,0.0,0.0,0.0,0.0,0.0,2013-12-12,0.0
213,0.0,0.0,0.0,0.0,0.0,0.0,0.0,0.0,0.0,2013-12-13,0.0
214,0.0,0.0,0.0,0.0,0.0,0.0,0.0,0.0,0.0,2013-12-16,0.0
215,0.0,0.0,0.0,0.0,0.0,0.0,0.0,0.0,0.0,2013-12-17,0.0
216,0.0,0.0,0.0,0.0,0.0,0.0,0.0,0.0,0.0,2013-12-18,0.0
217,0.0,0.0,0.0,0.0,0.0,0.0,0.0,0.0,0.0,2013-12-19,0.0
218,0.0,0.0,0.0,0.0,0.0,0.0,0.0,0.0,0.0,2013-12-20,0.0
219,0.0,0.0,0.0,0.0,0.0,0.0,0.0,0.0,0.0,2013-12-23,0.0
220,0.0,0.0,0.0,0.0,0.0,0.0,0.0,0.0,0.0,2013-12-24,0.0
221,0.0,0.0,0.0,0.0,0.0,0.0,0.0,0.0,0.0,2013-12-26,0.0
222,0.0,0.0,0.0,0.0,0.0,0.0,0.0,0.0,0.0,2013-12-27,0.0
223,0.0,0.0,0.0,0.0,0.0,0.0,0.0,0.0,0.0,2013-12-30,0.0
224,0.0,0.0,0.0,0.0,0.0,0.0,0.0,0.0,0.0,2013-12-31,0.0
225,0.0,0.0,0.0,0.0,0.0,0.0,0.0,0.0,0.0,2014-01-02,0.0
226,0.0,0.0,0.0,0.0,0.0,0.0,0.0,0.0,0.0,2014-01-03,0.0
227,0.0,0.0,0.0,0.0,0.0,0.0,0.0,0.0,0.0,2014-01-06,0.0
228,0.0,0.0,0.0,0.0,0.0,0.0,0.0,0.0,0.0,2014-01-07,0.0
229,0.0,0.0,0.0,0.0,0.0,0.0,0.0,0.0,0.0,2014-01-08,0.0
230,0.0,0.0,0.0,0.0,0.0,0.0,0.0,0.0,0.0,2014-01-09,0.0
231,0.0,0.0,0.0,0.0,0.0,0.0,0.0,0.0,0.0,2014-01-10,0.0
232,0.0,0.0,0.0,0.0,0.0,0.0,0.0,0.0,0.0,2014-01-13,0.0
233,0.0,0.0,0.0,0.0,0.0,0.0,0.0,0.0,0.0,2014-01-14,0.0
234,0.0,0.0,0.0,0.0,0.0,0.0,0.0,0.0,0.0,2014-01-15,0.0
235,0.0,0.0,0.0,0.0,0.0,0.0,0.0,0.0,0.0,2014-01-16,0.0
236,0.0,0.0,0.0,0.0,0.0,0.0,0.0,0.0,0.0,2014-01-17,0.0
237,0.0,0.0,0.0,0.0,0.0,0.0,0.0,0.0,0.0,2014-01-21,0.0
238,0.0,0.0,0.0,0.0,0.0,0.0,0.0,0.0,0.0,2014-01-22,0.0
239,0.0,0.0,0.0,0.0,0.0,0.0,0.0,0.0,0.0,2014-01-23,0.0
240,0.0,0.0,0.0,0.0,0.0,0.0,0.0,0.0,0.0,2014-01-24,0.0
241,0.0,0.0,0.0,0.0,0.0,0.0,0.0,0.0,0.0,2014-01-27,0.0
242,0.0,0.0,0.0,0.0,0.0,0.0,0.0,0.0,0.0,2014-01-28,0.0
243,0.0,0.0,0.0,0.0,0.0,0.0,0.0,0.0,0.0,2014-01-29,0.0
244,0.0,0.0,0.0,0.0,0.0,0.0,0.0,0.0,0.0,2014-01-30,0.0
245,0.0,0.0,0.0,0.0,0.0,0.0,0.0,0.0,0.0,2014-01-31,0.0
246,0.0,0.0,0.0,0.0,0.0,0.0,0.0,0.0,0.0,2014-02-03,0.0
247,0.0,0.0,0.0,0.0,0.0,0.0,0.0,0.0,0.0,2014-02-04,0.0
248,0.0,0.0,0.0,0.0,0.0,0.0,0.0,0.0,0.0,2014-02-05,0.0
249,0.0,0.0,0.0,0.0,0.0,0.0,0.0,0.0,0.0,2014-02-06,0.0
250,0.0,0.0,0.0,0.0,0.0,0.0,0.0,0.0,0.0,2014-02-07,0.0
251,0.0,0.0,0.0,0.0,0.0,0.0,0.0,0.0,0.0,2014-02-10,0.0
252,0.0,0.0,0.0,0.0,0.0,0.0,0.0,0.0,0.0,2014-02-11,0.0
253,0.0,0.0,0.0,0.0,0.0,0.0,0.0,0.0,0.0,2014-02-12,0.0
254,0.0,0.0,0.0,0.0,0.0,0.0,0.0,0.0,0.0,2014-02-13,0.0
255,0.0,0.0,0.0,0.0,0.0,0.0,0.0,0.0,0.0,2014-02-14,0.0
256,0.0,0.0,0.0,0.0,0.0,0.0,0.0,0.0,0.0,2014-02-18,0.0
257,0.0,0.0,0.0,0.0,0.0,0.0,0.0,0.0,0.0,2014-02-19,0.0
258,0.0,0.0,0.0,0.0,0.0,0.0,0.0,0.0,0.0,2014-02-20,0.0
259,0.0,0.0,0.0,0.0,0.0,0.0,0.0,0.0,0.0,2014-02-21,0.0
260,0.0,0.0,0.0,0.0,0.0,0.0,0.0,0.0,0.0,2014-02-24,0.0
261,0.0,0.0,0.0,0.0,0.0,0.0,0.0,0.0,0.0,2014-02-25,0.0
262,0.0,0.0,0.0,0.0,0.0,0.0,0.0,0.0,0.0,2014-02-26,0.0
263,0.0,0.0,0.0,0.0,0.0,0.0,0.0,0.0,0.0,2014-02-27,0.0
264,0.0,0.0,0.0,0.0,0.0,0.0,0.0,0.0,0.0,2014-02-28,0.0
265,0.0,0.0,0.0,0.0,0.0,0.0,0.0,0.0,0.0,2014-03-03,0.0
266,0.0,0.0,0.0,0.0,0.0,0.0,0.0,0.0,0.0,2014-03-04,0.0
267,0.0,0.0,0.0,0.0,0.0,0.0,0.0,0.0,0.0,2014-03-05,0.0
268,0.0,0.0,0.0,0.0,0.0,0.0,0.0,0.0,0.0,2014-03-06,0.0
269,0.0,0.0,0.0,0.0,0.0,0.0,0.0,0.0,0.0,2014-03-07,0.0
270,0.0,0.0,0.0,0.0,0.0,0.0,0.0,0.0,0.0,2014-03-10,0.0
271,0.0,0.0,0.0,0.0,0.0,0.0,0.0,0.0,0.0,2014-03-11,0.0
272,0.0,0.0,0.0,0.0,0.0,0.0,0.0,0.0,0.0,2014-03-12,0.0
273,0.0,0.0,0.0,0.0,0.0,0.0,0.0,0.0,0.0,2014-03-13,0.0
274,0.0,0.0,0.0,0.0,0.0,0.0,0.0,0.0,0.0,2014-03-14,0.0
275,0.0,-22.49000000000005,0.0,12.180000000000115,0.0,-31.460000000000022,-29.399999999999924,15.299999999999768,22.24000000000001,2014-03-17,-33.63000000000011
276,0.0,0.0,0.0,0.0,0.0,0.0,0.0,0.0,0.0,2014-03-18,-33.63000000000011
277,0.0,0.0,0.0,0.0,0.0,0.0,0.0,0.0,0.0,2014-03-19,-33.63000000000011
278,0.0,0.0,0.0,0.0,0.0,0.0,0.0,0.0,0.0,2014-03-20,-33.63000000000011
279,0.0,0.0,0.0,0.0,0.0,0.0,0.0,0.0,0.0,2014-03-21,-33.63000000000011
280,0.0,0.0,0.0,0.0,0.0,0.0,0.0,0.0,0.0,2014-03-24,-33.63000000000011
281,0.0,0.0,0.0,0.0,0.0,0.0,0.0,0.0,0.0,2014-03-25,-33.63000000000011
282,0.0,0.0,0.0,0.0,0.0,0.0,0.0,0.0,0.0,2014-03-26,-33.63000000000011
283,0.0,0.0,0.0,0.0,0.0,0.0,0.0,0.0,0.0,2014-03-27,-33.63000000000011
284,0.0,0.0,0.0,0.0,0.0,0.0,0.0,0.0,0.0,2014-03-28,-33.63000000000011
285,0.0,0.0,0.0,0.0,0.0,0.0,0.0,0.0,0.0,2014-03-31,-33.63000000000011
286,0.0,0.0,0.0,0.0,0.0,0.0,0.0,0.0,0.0,2014-04-01,-33.63000000000011
287,0.0,0.0,0.0,0.0,0.0,0.0,0.0,0.0,0.0,2014-04-02,-33.63000000000011
288,0.0,0.0,0.0,0.0,0.0,0.0,0.0,0.0,0.0,2014-04-03,-33.63000000000011
289,0.0,0.0,0.0,0.0,0.0,0.0,0.0,0.0,0.0,2014-04-04,-33.63000000000011
290,0.0,0.0,0.0,0.0,0.0,0.0,0.0,0.0,0.0,2014-04-07,-33.63000000000011
291,0.0,0.0,0.0,0.0,0.0,0.0,0.0,0.0,0.0,2014-04-08,-33.63000000000011
292,0.0,0.0,0.0,0.0,0.0,0.0,0.0,0.0,0.0,2014-04-09,-33.63000000000011
293,0.0,0.0,0.0,0.0,0.0,0.0,0.0,0.0,0.0,2014-04-10,-33.63000000000011
294,0.0,0.0,0.0,0.0,0.0,0.0,0.0,0.0,0.0,2014-04-11,-33.63000000000011
295,0.0,0.0,0.0,0.0,0.0,0.0,0.0,0.0,0.0,2014-04-14,-33.63000000000011
296,0.0,-29.2799999999998,0.0,-15.800000000000123,0.0,-8.500000000000085,-20.519999999999946,-49.13000000000001,-52.5,2014-04-15,-209.36000000000007
297,0.0,0.0,0.0,0.0,0.0,0.0,0.0,0.0,0.0,2014-04-16,-209.36000000000007
298,0.0,0.0,0.0,0.0,0.0,0.0,0.0,0.0,0.0,2014-04-17,-209.36000000000007
299,0.0,0.0,0.0,0.0,0.0,0.0,0.0,0.0,0.0,2014-04-21,-209.36000000000007
300,0.0,0.0,0.0,0.0,0.0,0.0,0.0,0.0,0.0,2014-04-22,-209.36000000000007
301,0.0,0.0,0.0,0.0,0.0,0.0,0.0,0.0,0.0,2014-04-23,-209.36000000000007
302,0.0,0.0,0.0,0.0,0.0,0.0,0.0,0.0,0.0,2014-04-24,-209.36000000000007
303,0.0,0.0,0.0,0.0,0.0,0.0,0.0,0.0,0.0,2014-04-25,-209.36000000000007
304,0.0,0.0,0.0,0.0,0.0,0.0,0.0,0.0,0.0,2014-04-28,-209.36000000000007
305,0.0,0.0,0.0,0.0,0.0,0.0,0.0,0.0,0.0,2014-04-29,-209.36000000000007
306,0.0,0.0,0.0,0.0,0.0,0.0,0.0,0.0,0.0,2014-04-30,-209.36000000000007
307,0.0,0.0,0.0,0.0,0.0,0.0,0.0,0.0,0.0,2014-05-01,-209.36000000000007
308,0.0,0.0,0.0,0.0,0.0,0.0,0.0,0.0,0.0,2014-05-02,-209.36000000000007
309,0.0,0.0,0.0,0.0,0.0,0.0,0.0,0.0,0.0,2014-05-05,-209.36000000000007
310,0.0,0.0,0.0,0.0,0.0,0.0,0.0,0.0,0.0,2014-05-06,-209.36000000000007
311,0.0,0.0,0.0,0.0,0.0,0.0,0.0,0.0,0.0,2014-05-07,-209.36000000000007
312,0.0,0.0,0.0,0.0,0.0,0.0,0.0,0.0,0.0,2014-05-08,-209.36000000000007
313,0.0,0.0,0.0,0.0,0.0,0.0,0.0,0.0,0.0,2014-05-09,-209.36000000000007
314,0.0,0.0,0.0,0.0,0.0,0.0,0.0,0.0,0.0,2014-05-12,-209.36000000000007
315,0.0,0.0,0.0,0.0,0.0,0.0,0.0,0.0,0.0,2014-05-13,-209.36000000000007
316,0.0,0.0,0.0,0.0,0.0,0.0,0.0,0.0,0.0,2014-05-14,-209.36000000000007
317,31.049999999999873,37.68000000000001,0.0,30.999999999999947,0.0,-20.750000000000135,8.32000000000001,0.0,1.7599999999999911,2014-05-15,-120.3000000000004
318,0.0,0.0,0.0,0.0,0.0,0.0,0.0,0.0,0.0,2014-05-16,-120.3000000000004
319,0.0,0.0,0.0,0.0,0.0,0.0,0.0,0.0,0.0,2014-05-19,-120.3000000000004
320,0.0,0.0,0.0,0.0,0.0,0.0,0.0,0.0,0.0,2014-05-20,-120.3000000000004
321,0.0,0.0,0.0,0.0,0.0,0.0,0.0,0.0,0.0,2014-05-21,-120.3000000000004
322,0.0,0.0,0.0,0.0,0.0,0.0,0.0,0.0,0.0,2014-05-22,-120.3000000000004
323,0.0,0.0,0.0,0.0,0.0,0.0,0.0,0.0,0.0,2014-05-23,-120.3000000000004
324,0.0,0.0,0.0,0.0,0.0,0.0,0.0,0.0,0.0,2014-05-27,-120.3000000000004
325,0.0,0.0,0.0,0.0,0.0,0.0,0.0,0.0,0.0,2014-05-28,-120.3000000000004
326,0.0,0.0,0.0,0.0,0.0,0.0,0.0,0.0,0.0,2014-05-29,-120.3000000000004
327,0.0,0.0,0.0,0.0,0.0,0.0,0.0,0.0,0.0,2014-05-30,-120.3000000000004
328,0.0,0.0,0.0,0.0,0.0,0.0,0.0,0.0,0.0,2014-06-02,-120.3000000000004
329,0.0,0.0,0.0,0.0,0.0,0.0,0.0,0.0,0.0,2014-06-03,-120.3000000000004
330,0.0,0.0,0.0,0.0,0.0,0.0,0.0,0.0,0.0,2014-06-04,-120.3000000000004
331,0.0,0.0,0.0,0.0,0.0,0.0,0.0,0.0,0.0,2014-06-05,-120.3000000000004
332,0.0,0.0,0.0,0.0,0.0,0.0,0.0,0.0,0.0,2014-06-06,-120.3000000000004
333,0.0,0.0,0.0,0.0,0.0,0.0,0.0,0.0,0.0,2014-06-09,-120.3000000000004
334,0.0,0.0,0.0,0.0,0.0,0.0,0.0,0.0,0.0,2014-06-10,-120.3000000000004
335,0.0,0.0,0.0,0.0,0.0,0.0,0.0,0.0,0.0,2014-06-11,-120.3000000000004
336,0.0,0.0,0.0,0.0,0.0,0.0,0.0,0.0,0.0,2014-06-12,-120.3000000000004
337,0.0,0.0,0.0,0.0,0.0,0.0,0.0,0.0,0.0,2014-06-13,-120.3000000000004
338,27.720000000000116,0.0,0.0,29.599999999999934,0.0,-15.750000000000064,-14.580000000000167,33.83999999999979,-36.480000000000025,2014-06-16,-95.95000000000081
339,0.0,0.0,0.0,0.0,0.0,0.0,0.0,0.0,0.0,2014-06-17,-95.95000000000081
340,0.0,0.0,0.0,0.0,0.0,0.0,0.0,0.0,0.0,2014-06-18,-95.95000000000081
341,0.0,0.0,0.0,0.0,0.0,0.0,0.0,0.0,0.0,2014-06-19,-95.95000000000081
342,0.0,0.0,0.0,0.0,0.0,0.0,0.0,0.0,0.0,2014-06-20,-95.95000000000081
343,0.0,0.0,0.0,0.0,0.0,0.0,0.0,0.0,0.0,2014-06-23,-95.95000000000081
344,0.0,0.0,0.0,0.0,0.0,0.0,0.0,0.0,0.0,2014-06-24,-95.95000000000081
345,0.0,0.0,0.0,0.0,0.0,0.0,0.0,0.0,0.0,2014-06-25,-95.95000000000081
346,0.0,0.0,0.0,0.0,0.0,0.0,0.0,0.0,0.0,2014-06-26,-95.95000000000081
347,0.0,0.0,0.0,0.0,0.0,0.0,0.0,0.0,0.0,2014-06-27,-95.95000000000081
348,0.0,0.0,0.0,0.0,0.0,0.0,0.0,0.0,0.0,2014-06-30,-95.95000000000081
349,0.0,0.0,0.0,0.0,0.0,0.0,0.0,0.0,0.0,2014-07-01,-95.95000000000081
350,0.0,0.0,0.0,0.0,0.0,0.0,0.0,0.0,0.0,2014-07-02,-95.95000000000081
351,0.0,0.0,0.0,0.0,0.0,0.0,0.0,0.0,0.0,2014-07-03,-95.95000000000081
352,0.0,0.0,0.0,0.0,0.0,0.0,0.0,0.0,0.0,2014-07-07,-95.95000000000081
353,0.0,0.0,0.0,0.0,0.0,0.0,0.0,0.0,0.0,2014-07-08,-95.95000000000081
354,0.0,0.0,0.0,0.0,0.0,0.0,0.0,0.0,0.0,2014-07-09,-95.95000000000081
355,0.0,0.0,0.0,0.0,0.0,0.0,0.0,0.0,0.0,2014-07-10,-95.95000000000081
356,0.0,0.0,0.0,0.0,0.0,0.0,0.0,0.0,0.0,2014-07-11,-95.95000000000081
357,0.0,0.0,0.0,0.0,0.0,0.0,0.0,0.0,0.0,2014-07-14,-95.95000000000081
358,0.0,0.0,0.0,0.0,0.0,0.0,0.0,0.0,0.0,2014-07-15,-95.95000000000081
359,19.739999999999952,4.620000000000019,-33.4400000000001,3.0400000000000698,0.0,-5.9999999999998295,1.299999999999926,0.0,0.0,2014-07-16,-106.69000000000077
360,0.0,0.0,0.0,0.0,0.0,0.0,0.0,0.0,0.0,2014-07-17,-106.69000000000077
361,0.0,0.0,0.0,0.0,0.0,0.0,0.0,0.0,0.0,2014-07-18,-106.69000000000077
362,0.0,0.0,0.0,0.0,0.0,0.0,0.0,0.0,0.0,2014-07-21,-106.69000000000077
363,0.0,0.0,0.0,0.0,0.0,0.0,0.0,0.0,0.0,2014-07-22,-106.69000000000077
364,0.0,0.0,0.0,0.0,0.0,0.0,0.0,0.0,0.0,2014-07-23,-106.69000000000077
365,0.0,0.0,0.0,0.0,0.0,0.0,0.0,0.0,0.0,2014-07-24,-106.69000000000077
366,0.0,0.0,0.0,0.0,0.0,0.0,0.0,0.0,0.0,2014-07-25,-106.69000000000077
367,0.0,0.0,0.0,0.0,0.0,0.0,0.0,0.0,0.0,2014-07-28,-106.69000000000077
368,0.0,0.0,0.0,0.0,0.0,0.0,0.0,0.0,0.0,2014-07-29,-106.69000000000077
369,0.0,0.0,0.0,0.0,0.0,0.0,0.0,0.0,0.0,2014-07-30,-106.69000000000077
370,0.0,0.0,0.0,0.0,0.0,0.0,0.0,0.0,0.0,2014-07-31,-106.69000000000077
371,0.0,0.0,0.0,0.0,0.0,0.0,0.0,0.0,0.0,2014-08-01,-106.69000000000077
372,0.0,0.0,0.0,0.0,0.0,0.0,0.0,0.0,0.0,2014-08-04,-106.69000000000077
373,0.0,0.0,0.0,0.0,0.0,0.0,0.0,0.0,0.0,2014-08-05,-106.69000000000077
374,0.0,0.0,0.0,0.0,0.0,0.0,0.0,0.0,0.0,2014-08-06,-106.69000000000077
375,0.0,0.0,0.0,0.0,0.0,0.0,0.0,0.0,0.0,2014-08-07,-106.69000000000077
376,0.0,0.0,0.0,0.0,0.0,0.0,0.0,0.0,0.0,2014-08-08,-106.69000000000077
377,0.0,0.0,0.0,0.0,0.0,0.0,0.0,0.0,0.0,2014-08-11,-106.69000000000077
378,0.0,0.0,0.0,0.0,0.0,0.0,0.0,0.0,0.0,2014-08-12,-106.69000000000077
379,0.0,0.0,0.0,0.0,0.0,0.0,0.0,0.0,0.0,2014-08-13,-106.69000000000077
380,-0.20999999999995825,-42.790000000000006,15.540000000000065,0.0,-5.200000000000075,14.639999999999983,38.479999999999926,0.0,0.0,2014-08-14,-86.23000000000083
381,0.0,0.0,0.0,0.0,0.0,0.0,0.0,0.0,0.0,2014-08-15,-86.23000000000083
382,0.0,0.0,0.0,0.0,0.0,0.0,0.0,0.0,0.0,2014-08-18,-86.23000000000083
383,0.0,0.0,0.0,0.0,0.0,0.0,0.0,0.0,0.0,2014-08-19,-86.23000000000083
384,0.0,0.0,0.0,0.0,0.0,0.0,0.0,0.0,0.0,2014-08-20,-86.23000000000083
385,0.0,0.0,0.0,0.0,0.0,0.0,0.0,0.0,0.0,2014-08-21,-86.23000000000083
386,0.0,0.0,0.0,0.0,0.0,0.0,0.0,0.0,0.0,2014-08-22,-86.23000000000083
387,0.0,0.0,0.0,0.0,0.0,0.0,0.0,0.0,0.0,2014-08-25,-86.23000000000083
388,0.0,0.0,0.0,0.0,0.0,0.0,0.0,0.0,0.0,2014-08-26,-86.23000000000083
389,0.0,0.0,0.0,0.0,0.0,0.0,0.0,0.0,0.0,2014-08-27,-86.23000000000083
390,0.0,0.0,0.0,0.0,0.0,0.0,0.0,0.0,0.0,2014-08-28,-86.23000000000083
391,0.0,0.0,0.0,0.0,0.0,0.0,0.0,0.0,0.0,2014-08-29,-86.23000000000083
392,0.0,0.0,0.0,0.0,0.0,0.0,0.0,0.0,0.0,2014-09-02,-86.23000000000083
393,0.0,0.0,0.0,0.0,0.0,0.0,0.0,0.0,0.0,2014-09-03,-86.23000000000083
394,0.0,0.0,0.0,0.0,0.0,0.0,0.0,0.0,0.0,2014-09-04,-86.23000000000083
395,0.0,0.0,0.0,0.0,0.0,0.0,0.0,0.0,0.0,2014-09-05,-86.23000000000083
396,0.0,0.0,0.0,0.0,0.0,0.0,0.0,0.0,0.0,2014-09-08,-86.23000000000083
397,0.0,0.0,0.0,0.0,0.0,0.0,0.0,0.0,0.0,2014-09-09,-86.23000000000083
398,0.0,0.0,0.0,0.0,0.0,0.0,0.0,0.0,0.0,2014-09-10,-86.23000000000083
399,0.0,0.0,0.0,0.0,0.0,0.0,0.0,0.0,0.0,2014-09-11,-86.23000000000083
400,0.0,0.0,0.0,0.0,0.0,0.0,0.0,0.0,0.0,2014-09-12,-86.23000000000083
401,0.6299999999998747,0.0,-36.74999999999989,0.0,24.569999999999908,-12.0,-15.599999999999852,27.36999999999999,0.0,2014-09-15,-98.0100000000008
402,0.0,0.0,0.0,0.0,0.0,0.0,0.0,0.0,0.0,2014-09-16,-98.0100000000008
403,0.0,0.0,0.0,0.0,0.0,0.0,0.0,0.0,0.0,2014-09-17,-98.0100000000008
404,0.0,0.0,0.0,0.0,0.0,0.0,0.0,0.0,0.0,2014-09-18,-98.0100000000008
405,0.0,0.0,0.0,0.0,0.0,0.0,0.0,0.0,0.0,2014-09-19,-98.0100000000008
406,0.0,0.0,0.0,0.0,0.0,0.0,0.0,0.0,0.0,2014-09-22,-98.0100000000008
407,0.0,0.0,0.0,0.0,0.0,0.0,0.0,0.0,0.0,2014-09-23,-98.0100000000008
408,0.0,0.0,0.0,0.0,0.0,0.0,0.0,0.0,0.0,2014-09-24,-98.0100000000008
409,0.0,0.0,0.0,0.0,0.0,0.0,0.0,0.0,0.0,2014-09-25,-98.0100000000008
410,0.0,0.0,0.0,0.0,0.0,0.0,0.0,0.0,0.0,2014-09-26,-98.0100000000008
411,0.0,0.0,0.0,0.0,0.0,0.0,0.0,0.0,0.0,2014-09-29,-98.0100000000008
412,0.0,0.0,0.0,0.0,0.0,0.0,0.0,0.0,0.0,2014-09-30,-98.0100000000008
413,0.0,0.0,0.0,0.0,0.0,0.0,0.0,0.0,0.0,2014-10-01,-98.0100000000008
414,0.0,0.0,0.0,0.0,0.0,0.0,0.0,0.0,0.0,2014-10-02,-98.0100000000008
415,0.0,0.0,0.0,0.0,0.0,0.0,0.0,0.0,0.0,2014-10-03,-98.0100000000008
416,0.0,0.0,0.0,0.0,0.0,0.0,0.0,0.0,0.0,2014-10-06,-98.0100000000008
417,0.0,0.0,0.0,0.0,0.0,0.0,0.0,0.0,0.0,2014-10-07,-98.0100000000008
418,0.0,0.0,0.0,0.0,0.0,0.0,0.0,0.0,0.0,2014-10-08,-98.0100000000008
419,0.0,0.0,0.0,0.0,0.0,0.0,0.0,0.0,0.0,2014-10-09,-98.0100000000008
420,0.0,0.0,0.0,0.0,0.0,0.0,0.0,0.0,0.0,2014-10-10,-98.0100000000008
421,0.0,0.0,0.0,0.0,0.0,0.0,0.0,0.0,0.0,2014-10-13,-98.0100000000008
422,-90.09000000000013,136.83999999999997,0.0,0.0,-49.920000000000044,1.9200000000003,0.0,-27.19999999999993,64.05000000000004,2014-10-14,-62.41000000000059
423,0.0,0.0,0.0,0.0,0.0,0.0,0.0,0.0,0.0,2014-10-15,-62.41000000000059
424,0.0,0.0,0.0,0.0,0.0,0.0,0.0,0.0,0.0,2014-10-16,-62.41000000000059
425,0.0,0.0,0.0,0.0,0.0,0.0,0.0,0.0,0.0,2014-10-17,-62.41000000000059
426,0.0,0.0,0.0,0.0,0.0,0.0,0.0,0.0,0.0,2014-10-20,-62.41000000000059
427,0.0,0.0,0.0,0.0,0.0,0.0,0.0,0.0,0.0,2014-10-21,-62.41000000000059
428,0.0,0.0,0.0,0.0,0.0,0.0,0.0,0.0,0.0,2014-10-22,-62.41000000000059
429,0.0,0.0,0.0,0.0,0.0,0.0,0.0,0.0,0.0,2014-10-23,-62.41000000000059
430,0.0,0.0,0.0,0.0,0.0,0.0,0.0,0.0,0.0,2014-10-24,-62.41000000000059
431,0.0,0.0,0.0,0.0,0.0,0.0,0.0,0.0,0.0,2014-10-27,-62.41000000000059
432,0.0,0.0,0.0,0.0,0.0,0.0,0.0,0.0,0.0,2014-10-28,-62.41000000000059
433,0.0,0.0,0.0,0.0,0.0,0.0,0.0,0.0,0.0,2014-10-29,-62.41000000000059
434,0.0,0.0,0.0,0.0,0.0,0.0,0.0,0.0,0.0,2014-10-30,-62.41000000000059
435,0.0,0.0,0.0,0.0,0.0,0.0,0.0,0.0,0.0,2014-10-31,-62.41000000000059
436,0.0,0.0,0.0,0.0,0.0,0.0,0.0,0.0,0.0,2014-11-03,-62.41000000000059
437,0.0,0.0,0.0,0.0,0.0,0.0,0.0,0.0,0.0,2014-11-04,-62.41000000000059
438,0.0,0.0,0.0,0.0,0.0,0.0,0.0,0.0,0.0,2014-11-05,-62.41000000000059
439,0.0,0.0,0.0,0.0,0.0,0.0,0.0,0.0,0.0,2014-11-06,-62.41000000000059
440,0.0,0.0,0.0,0.0,0.0,0.0,0.0,0.0,0.0,2014-11-07,-62.41000000000059
441,0.0,0.0,0.0,0.0,0.0,0.0,0.0,0.0,0.0,2014-11-10,-62.41000000000059
442,0.0,0.0,0.0,0.0,0.0,0.0,0.0,0.0,0.0,2014-11-11,-62.41000000000059
443,-104.42,-101.39999999999996,0.0,0.0,103.32000000000014,0.0,80.25000000000003,125.2900000000002,-83.84000000000015,2014-11-12,-43.210000000000335
444,0.0,0.0,0.0,0.0,0.0,0.0,0.0,0.0,0.0,2014-11-13,-43.210000000000335
445,0.0,0.0,0.0,0.0,0.0,0.0,0.0,0.0,0.0,2014-11-14,-43.210000000000335
446,0.0,0.0,0.0,0.0,0.0,0.0,0.0,0.0,0.0,2014-11-17,-43.210000000000335
447,0.0,0.0,0.0,0.0,0.0,0.0,0.0,0.0,0.0,2014-11-18,-43.210000000000335
448,0.0,0.0,0.0,0.0,0.0,0.0,0.0,0.0,0.0,2014-11-19,-43.210000000000335
449,0.0,0.0,0.0,0.0,0.0,0.0,0.0,0.0,0.0,2014-11-20,-43.210000000000335
450,0.0,0.0,0.0,0.0,0.0,0.0,0.0,0.0,0.0,2014-11-21,-43.210000000000335
451,0.0,0.0,0.0,0.0,0.0,0.0,0.0,0.0,0.0,2014-11-24,-43.210000000000335
452,0.0,0.0,0.0,0.0,0.0,0.0,0.0,0.0,0.0,2014-11-25,-43.210000000000335
453,0.0,0.0,0.0,0.0,0.0,0.0,0.0,0.0,0.0,2014-11-26,-43.210000000000335
454,0.0,0.0,0.0,0.0,0.0,0.0,0.0,0.0,0.0,2014-11-28,-43.210000000000335
455,3.5700000000000363,79.68000000000019,0.0,0.0,29.749999999999947,0.0,8.399999999999864,21.000000000000085,-48.75,2014-12-01,50.439999999999785
456,0.0,0.0,0.0,0.0,0.0,0.0,0.0,0.0,0.0,2014-12-02,50.439999999999785
457,0.0,0.0,0.0,0.0,0.0,0.0,0.0,0.0,0.0,2014-12-03,50.439999999999785
458,0.0,0.0,0.0,0.0,0.0,0.0,0.0,0.0,0.0,2014-12-04,50.439999999999785
459,0.0,0.0,0.0,0.0,0.0,0.0,0.0,0.0,0.0,2014-12-05,50.439999999999785
460,0.0,0.0,0.0,0.0,0.0,0.0,0.0,0.0,0.0,2014-12-08,50.439999999999785
461,0.0,0.0,0.0,0.0,0.0,0.0,0.0,0.0,0.0,2014-12-09,50.439999999999785
462,0.0,0.0,0.0,0.0,0.0,0.0,0.0,0.0,0.0,2014-12-10,50.439999999999785
463,0.0,0.0,0.0,0.0,0.0,0.0,0.0,0.0,0.0,2014-12-11,50.439999999999785
464,0.0,0.0,0.0,0.0,0.0,0.0,0.0,0.0,0.0,2014-12-12,50.439999999999785
465,0.0,0.0,0.0,0.0,0.0,0.0,0.0,0.0,0.0,2014-12-15,50.439999999999785
466,0.0,0.0,0.0,0.0,0.0,0.0,0.0,0.0,0.0,2014-12-16,50.439999999999785
467,0.0,0.0,0.0,0.0,0.0,0.0,0.0,0.0,0.0,2014-12-17,50.439999999999785
468,0.0,0.0,0.0,0.0,0.0,0.0,0.0,0.0,0.0,2014-12-18,50.439999999999785
469,0.0,0.0,0.0,0.0,0.0,0.0,0.0,0.0,0.0,2014-12-19,50.439999999999785
470,0.0,0.0,0.0,0.0,0.0,0.0,0.0,0.0,0.0,2014-12-22,50.439999999999785
471,0.0,0.0,0.0,0.0,0.0,0.0,0.0,0.0,0.0,2014-12-23,50.439999999999785
472,0.0,0.0,0.0,0.0,0.0,0.0,0.0,0.0,0.0,2014-12-24,50.439999999999785
473,0.0,0.0,0.0,0.0,0.0,0.0,0.0,0.0,0.0,2014-12-26,50.439999999999785
474,0.0,0.0,0.0,0.0,0.0,0.0,0.0,0.0,0.0,2014-12-29,50.439999999999785
475,0.0,0.0,0.0,0.0,0.0,0.0,0.0,0.0,0.0,2014-12-30,50.439999999999785
476,-10.920000000000067,3.119999999999933,0.0,0.0,-0.9999999999999788,0.0,52.80000000000007,-6.3000000000000265,-21.69999999999996,2014-12-31,66.43999999999976
477,0.0,0.0,0.0,0.0,0.0,0.0,0.0,0.0,0.0,2015-01-02,66.43999999999976
478,0.0,0.0,0.0,0.0,0.0,0.0,0.0,0.0,0.0,2015-01-05,66.43999999999976
479,0.0,0.0,0.0,0.0,0.0,0.0,0.0,0.0,0.0,2015-01-06,66.43999999999976
480,0.0,0.0,0.0,0.0,0.0,0.0,0.0,0.0,0.0,2015-01-07,66.43999999999976
481,0.0,0.0,0.0,0.0,0.0,0.0,0.0,0.0,0.0,2015-01-08,66.43999999999976
482,0.0,0.0,0.0,0.0,0.0,0.0,0.0,0.0,0.0,2015-01-09,66.43999999999976
483,0.0,0.0,0.0,0.0,0.0,0.0,0.0,0.0,0.0,2015-01-12,66.43999999999976
484,0.0,0.0,0.0,0.0,0.0,0.0,0.0,0.0,0.0,2015-01-13,66.43999999999976
485,0.0,0.0,0.0,0.0,0.0,0.0,0.0,0.0,0.0,2015-01-14,66.43999999999976
486,0.0,0.0,0.0,0.0,0.0,0.0,0.0,0.0,0.0,2015-01-15,66.43999999999976
487,0.0,0.0,0.0,0.0,0.0,0.0,0.0,0.0,0.0,2015-01-16,66.43999999999976
488,0.0,0.0,0.0,0.0,0.0,0.0,0.0,0.0,0.0,2015-01-20,66.43999999999976
489,0.0,0.0,0.0,0.0,0.0,0.0,0.0,0.0,0.0,2015-01-21,66.43999999999976
490,0.0,0.0,0.0,0.0,0.0,0.0,0.0,0.0,0.0,2015-01-22,66.43999999999976
491,0.0,0.0,0.0,0.0,0.0,0.0,0.0,0.0,0.0,2015-01-23,66.43999999999976
492,0.0,0.0,0.0,0.0,0.0,0.0,0.0,0.0,0.0,2015-01-26,66.43999999999976
493,0.0,0.0,0.0,0.0,0.0,0.0,0.0,0.0,0.0,2015-01-27,66.43999999999976
494,0.0,0.0,0.0,0.0,0.0,0.0,0.0,0.0,0.0,2015-01-28,66.43999999999976
495,0.0,0.0,0.0,0.0,0.0,0.0,0.0,0.0,0.0,2015-01-29,66.43999999999976
496,0.0,0.0,0.0,0.0,0.0,0.0,0.0,0.0,0.0,2015-01-30,66.43999999999976
497,17.639999999999922,29.25,0.0,0.0,-39.25000000000001,0.0,14.720000000000011,10.35000000000018,33.03999999999999,2015-02-02,132.18999999999986
498,0.0,0.0,0.0,0.0,0.0,0.0,0.0,0.0,0.0,2015-02-03,132.18999999999986
499,0.0,0.0,0.0,0.0,0.0,0.0,0.0,0.0,0.0,2015-02-04,132.18999999999986
500,0.0,0.0,0.0,0.0,0.0,0.0,0.0,0.0,0.0,2015-02-05,132.18999999999986
501,0.0,0.0,0.0,0.0,0.0,0.0,0.0,0.0,0.0,2015-02-06,132.18999999999986
502,-26.399999999999906,-19.599999999999877,0.0,-2.660000000000011,0.0,2.200000000000188,-43.55999999999977,-8.100000000000094,0.0,2015-02-09,34.07000000000038
503,0.0,0.0,0.0,0.0,0.0,0.0,0.0,0.0,0.0,2015-02-10,34.07000000000038
504,0.0,0.0,0.0,0.0,0.0,0.0,0.0,0.0,0.0,2015-02-11,34.07000000000038
505,0.0,0.0,0.0,0.0,0.0,0.0,0.0,0.0,0.0,2015-02-12,34.07000000000038
506,0.0,0.0,0.0,0.0,0.0,0.0,0.0,0.0,0.0,2015-02-13,34.07000000000038
507,0.0,0.0,0.0,0.0,0.0,0.0,0.0,0.0,0.0,2015-02-17,34.07000000000038
508,0.0,0.0,0.0,0.0,0.0,0.0,0.0,0.0,0.0,2015-02-18,34.07000000000038
509,0.0,0.0,0.0,0.0,0.0,0.0,0.0,0.0,0.0,2015-02-19,34.07000000000038
510,0.0,0.0,0.0,0.0,0.0,0.0,0.0,0.0,0.0,2015-02-20,34.07000000000038
511,0.0,0.0,0.0,0.0,0.0,0.0,0.0,0.0,0.0,2015-02-23,34.07000000000038
512,0.0,0.0,0.0,0.0,0.0,0.0,0.0,0.0,0.0,2015-02-24,34.07000000000038
513,0.0,0.0,0.0,0.0,0.0,0.0,0.0,0.0,0.0,2015-02-25,34.07000000000038
514,0.0,0.0,0.0,0.0,0.0,0.0,0.0,0.0,0.0,2015-02-26,34.07000000000038
515,0.0,0.0,0.0,0.0,0.0,0.0,0.0,0.0,0.0,2015-02-27,34.07000000000038
516,0.0,0.0,0.0,0.0,0.0,0.0,0.0,0.0,0.0,2015-03-02,34.07000000000038
517,0.0,0.0,0.0,0.0,0.0,0.0,0.0,0.0,0.0,2015-03-03,34.07000000000038
518,0.0,0.0,0.0,0.0,0.0,0.0,0.0,0.0,0.0,2015-03-04,34.07000000000038
519,0.0,0.0,0.0,0.0,0.0,0.0,0.0,0.0,0.0,2015-03-05,34.07000000000038
520,0.0,0.0,0.0,0.0,0.0,0.0,0.0,0.0,0.0,2015-03-06,34.07000000000038
521,0.0,0.0,0.0,0.0,0.0,0.0,0.0,0.0,0.0,2015-03-09,34.07000000000038
522,0.0,0.0,0.0,0.0,0.0,0.0,0.0,0.0,0.0,2015-03-10,34.07000000000038
523,6.929999999999964,61.61999999999993,0.0,5.2199999999999855,0.0,-16.719999999999956,-68.87999999999977,28.650000000000162,0.0,2015-03-11,50.8900000000007
524,0.0,0.0,0.0,0.0,0.0,0.0,0.0,0.0,0.0,2015-03-12,50.8900000000007
525,0.0,0.0,0.0,0.0,0.0,0.0,0.0,0.0,0.0,2015-03-13,50.8900000000007
526,0.0,0.0,0.0,0.0,0.0,0.0,0.0,0.0,0.0,2015-03-16,50.8900000000007
527,0.0,0.0,0.0,0.0,0.0,0.0,0.0,0.0,0.0,2015-03-17,50.8900000000007
528,0.0,0.0,0.0,0.0,0.0,0.0,0.0,0.0,0.0,2015-03-18,50.8900000000007
529,0.0,0.0,0.0,0.0,0.0,0.0,0.0,0.0,0.0,2015-03-19,50.8900000000007
530,0.0,0.0,0.0,0.0,0.0,0.0,0.0,0.0,0.0,2015-03-20,50.8900000000007
531,0.0,0.0,0.0,0.0,0.0,0.0,0.0,0.0,0.0,2015-03-23,50.8900000000007
532,0.0,0.0,0.0,0.0,0.0,0.0,0.0,0.0,0.0,2015-03-24,50.8900000000007
533,0.0,0.0,0.0,0.0,0.0,0.0,0.0,0.0,0.0,2015-03-25,50.8900000000007
534,0.0,0.0,0.0,0.0,0.0,0.0,0.0,0.0,0.0,2015-03-26,50.8900000000007
535,0.0,0.0,0.0,0.0,0.0,0.0,0.0,0.0,0.0,2015-03-27,50.8900000000007
536,0.0,0.0,0.0,0.0,0.0,0.0,0.0,0.0,0.0,2015-03-30,50.8900000000007
537,0.0,0.0,0.0,0.0,0.0,0.0,0.0,0.0,0.0,2015-03-31,50.8900000000007
538,0.0,0.0,0.0,0.0,0.0,0.0,0.0,0.0,0.0,2015-04-01,50.8900000000007
539,0.0,0.0,0.0,0.0,0.0,0.0,0.0,0.0,0.0,2015-04-02,50.8900000000007
540,0.0,0.0,0.0,0.0,0.0,0.0,0.0,0.0,0.0,2015-04-06,50.8900000000007
541,0.0,0.0,0.0,0.0,0.0,0.0,0.0,0.0,0.0,2015-04-07,50.8900000000007
542,0.0,0.0,0.0,0.0,0.0,0.0,0.0,0.0,0.0,2015-04-08,50.8900000000007
543,0.0,0.0,0.0,0.0,0.0,0.0,0.0,0.0,0.0,2015-04-09,50.8900000000007
544,2.940000000000012,-62.859999999999935,0.0,-12.160000000000146,15.750000000000064,32.12000000000002,0.0,30.23999999999995,0.0,2015-04-10,56.920000000000655
545,0.0,0.0,0.0,0.0,0.0,0.0,0.0,0.0,0.0,2015-04-13,56.920000000000655
546,0.0,0.0,0.0,0.0,0.0,0.0,0.0,0.0,0.0,2015-04-14,56.920000000000655
547,0.0,0.0,0.0,0.0,0.0,0.0,0.0,0.0,0.0,2015-04-15,56.920000000000655
548,0.0,0.0,0.0,0.0,0.0,0.0,0.0,0.0,0.0,2015-04-16,56.920000000000655
549,0.0,0.0,0.0,0.0,0.0,0.0,0.0,0.0,0.0,2015-04-17,56.920000000000655
550,0.0,0.0,0.0,0.0,0.0,0.0,0.0,0.0,0.0,2015-04-20,56.920000000000655
551,0.0,0.0,0.0,0.0,0.0,0.0,0.0,0.0,0.0,2015-04-21,56.920000000000655
552,0.0,0.0,0.0,0.0,0.0,0.0,0.0,0.0,0.0,2015-04-22,56.920000000000655
553,0.0,0.0,0.0,0.0,0.0,0.0,0.0,0.0,0.0,2015-04-23,56.920000000000655
554,0.0,0.0,0.0,0.0,0.0,0.0,0.0,0.0,0.0,2015-04-24,56.920000000000655
555,0.0,0.0,0.0,0.0,0.0,0.0,0.0,0.0,0.0,2015-04-27,56.920000000000655
556,0.0,0.0,0.0,0.0,0.0,0.0,0.0,0.0,0.0,2015-04-28,56.920000000000655
557,0.0,0.0,0.0,0.0,0.0,0.0,0.0,0.0,0.0,2015-04-29,56.920000000000655
558,0.0,0.0,0.0,0.0,0.0,0.0,0.0,0.0,0.0,2015-04-30,56.920000000000655
559,0.0,0.0,0.0,0.0,0.0,0.0,0.0,0.0,0.0,2015-05-01,56.920000000000655
560,0.0,0.0,0.0,0.0,0.0,0.0,0.0,0.0,0.0,2015-05-04,56.920000000000655
561,0.0,0.0,0.0,0.0,0.0,0.0,0.0,0.0,0.0,2015-05-05,56.920000000000655
562,0.0,0.0,0.0,0.0,0.0,0.0,0.0,0.0,0.0,2015-05-06,56.920000000000655
563,0.0,0.0,0.0,0.0,0.0,0.0,0.0,0.0,0.0,2015-05-07,56.920000000000655
564,0.0,0.0,0.0,0.0,0.0,0.0,0.0,0.0,0.0,2015-05-08,56.920000000000655
565,-42.41999999999992,-17.55000000000011,0.0,0.0,20.16000000000008,0.0,13.19999999999993,-5.60000000000008,-0.7799999999998448,2015-05-11,23.930000000000703
566,0.0,0.0,0.0,0.0,0.0,0.0,0.0,0.0,0.0,2015-05-12,23.930000000000703
567,0.0,0.0,0.0,0.0,0.0,0.0,0.0,0.0,0.0,2015-05-13,23.930000000000703
568,0.0,0.0,0.0,0.0,0.0,0.0,0.0,0.0,0.0,2015-05-14,23.930000000000703
569,0.0,0.0,0.0,0.0,0.0,0.0,0.0,0.0,0.0,2015-05-15,23.930000000000703
570,0.0,0.0,0.0,0.0,0.0,0.0,0.0,0.0,0.0,2015-05-18,23.930000000000703
571,0.0,0.0,0.0,0.0,0.0,0.0,0.0,0.0,0.0,2015-05-19,23.930000000000703
572,0.0,0.0,0.0,0.0,0.0,0.0,0.0,0.0,0.0,2015-05-20,23.930000000000703
573,0.0,0.0,0.0,0.0,0.0,0.0,0.0,0.0,0.0,2015-05-21,23.930000000000703
574,0.0,0.0,0.0,0.0,0.0,0.0,0.0,0.0,0.0,2015-05-22,23.930000000000703
575,0.0,0.0,0.0,0.0,0.0,0.0,0.0,0.0,0.0,2015-05-26,23.930000000000703
576,0.0,0.0,0.0,0.0,0.0,0.0,0.0,0.0,0.0,2015-05-27,23.930000000000703
577,0.0,0.0,0.0,0.0,0.0,0.0,0.0,0.0,0.0,2015-05-28,23.930000000000703
578,0.0,0.0,0.0,0.0,0.0,0.0,0.0,0.0,0.0,2015-05-29,23.930000000000703
579,0.0,0.0,0.0,0.0,0.0,0.0,0.0,0.0,0.0,2015-06-01,23.930000000000703
580,0.0,0.0,0.0,0.0,0.0,0.0,0.0,0.0,0.0,2015-06-02,23.930000000000703
581,0.0,0.0,0.0,0.0,0.0,0.0,0.0,0.0,0.0,2015-06-03,23.930000000000703
582,0.0,0.0,0.0,0.0,0.0,0.0,0.0,0.0,0.0,2015-06-04,23.930000000000703
583,0.0,0.0,0.0,0.0,0.0,0.0,0.0,0.0,0.0,2015-06-05,23.930000000000703
584,0.0,0.0,0.0,0.0,0.0,0.0,0.0,0.0,0.0,2015-06-08,23.930000000000703
585,0.0,0.0,0.0,0.0,0.0,0.0,0.0,0.0,0.0,2015-06-09,23.930000000000703
586,0.0,25.089999999999904,0.0,12.959999999999981,-2.6399999999999864,0.0,18.75,16.24000000000015,4.939999999999942,2015-06-10,99.27000000000069
587,0.0,0.0,0.0,0.0,0.0,0.0,0.0,0.0,0.0,2015-06-11,99.27000000000069
588,0.0,0.0,0.0,0.0,0.0,0.0,0.0,0.0,0.0,2015-06-12,99.27000000000069
589,0.0,0.0,0.0,0.0,0.0,0.0,0.0,0.0,0.0,2015-06-15,99.27000000000069
590,0.0,0.0,0.0,0.0,0.0,0.0,0.0,0.0,0.0,2015-06-16,99.27000000000069
591,0.0,0.0,0.0,0.0,0.0,0.0,0.0,0.0,0.0,2015-06-17,99.27000000000069
592,0.0,0.0,0.0,0.0,0.0,0.0,0.0,0.0,0.0,2015-06-18,99.27000000000069
593,0.0,0.0,0.0,0.0,0.0,0.0,0.0,0.0,0.0,2015-06-19,99.27000000000069
594,0.0,0.0,0.0,0.0,0.0,0.0,0.0,0.0,0.0,2015-06-22,99.27000000000069
595,0.0,0.0,0.0,0.0,0.0,0.0,0.0,0.0,0.0,2015-06-23,99.27000000000069
596,0.0,0.0,0.0,0.0,0.0,0.0,0.0,0.0,0.0,2015-06-24,99.27000000000069
597,0.0,0.0,0.0,0.0,0.0,0.0,0.0,0.0,0.0,2015-06-25,99.27000000000069
598,0.0,0.0,0.0,0.0,0.0,0.0,0.0,0.0,0.0,2015-06-26,99.27000000000069
599,0.0,0.0,0.0,0.0,0.0,0.0,0.0,0.0,0.0,2015-06-29,99.27000000000069
600,0.0,0.0,0.0,0.0,0.0,0.0,0.0,0.0,0.0,2015-06-30,99.27000000000069
601,0.0,0.0,0.0,0.0,0.0,0.0,0.0,0.0,0.0,2015-07-01,99.27000000000069
602,0.0,0.0,0.0,0.0,0.0,0.0,0.0,0.0,0.0,2015-07-02,99.27000000000069
603,0.0,0.0,0.0,0.0,0.0,0.0,0.0,0.0,0.0,2015-07-06,99.27000000000069
604,0.0,0.0,0.0,0.0,0.0,0.0,0.0,0.0,0.0,2015-07-07,99.27000000000069
605,0.0,0.0,0.0,0.0,0.0,0.0,0.0,0.0,0.0,2015-07-08,99.27000000000069
606,0.0,0.0,0.0,0.0,0.0,0.0,0.0,0.0,0.0,2015-07-09,99.27000000000069
607,0.0,62.14000000000002,0.0,36.0,-44.87999999999993,0.0,4.250000000000043,-2.990000000000052,5.71999999999997,2015-07-10,159.51000000000073
608,0.0,0.0,0.0,0.0,0.0,0.0,0.0,0.0,0.0,2015-07-13,159.51000000000073
609,0.0,0.0,0.0,0.0,0.0,0.0,0.0,0.0,0.0,2015-07-14,159.51000000000073
610,0.0,0.0,0.0,0.0,0.0,0.0,0.0,0.0,0.0,2015-07-15,159.51000000000073
611,0.0,0.0,0.0,0.0,0.0,0.0,0.0,0.0,0.0,2015-07-16,159.51000000000073
612,0.0,0.0,0.0,0.0,0.0,0.0,0.0,0.0,0.0,2015-07-17,159.51000000000073
613,0.0,0.0,0.0,0.0,0.0,0.0,0.0,0.0,0.0,2015-07-20,159.51000000000073
614,0.0,0.0,0.0,0.0,0.0,0.0,0.0,0.0,0.0,2015-07-21,159.51000000000073
615,0.0,0.0,0.0,0.0,0.0,0.0,0.0,0.0,0.0,2015-07-22,159.51000000000073
616,0.0,0.0,0.0,0.0,0.0,0.0,0.0,0.0,0.0,2015-07-23,159.51000000000073
617,0.0,0.0,0.0,0.0,0.0,0.0,0.0,0.0,0.0,2015-07-24,159.51000000000073
618,0.0,0.0,0.0,0.0,0.0,0.0,0.0,0.0,0.0,2015-07-27,159.51000000000073
619,0.0,0.0,0.0,0.0,0.0,0.0,0.0,0.0,0.0,2015-07-28,159.51000000000073
620,0.0,0.0,0.0,0.0,0.0,0.0,0.0,0.0,0.0,2015-07-29,159.51000000000073
621,0.0,0.0,0.0,0.0,0.0,0.0,0.0,0.0,0.0,2015-07-30,159.51000000000073
622,0.0,0.0,0.0,0.0,0.0,0.0,0.0,0.0,0.0,2015-07-31,159.51000000000073
623,0.0,0.0,0.0,0.0,0.0,0.0,0.0,0.0,0.0,2015-08-03,159.51000000000073
624,0.0,0.0,0.0,0.0,0.0,0.0,0.0,0.0,0.0,2015-08-04,159.51000000000073
625,0.0,0.0,0.0,0.0,0.0,0.0,0.0,0.0,0.0,2015-08-05,159.51000000000073
626,0.0,0.0,0.0,0.0,0.0,0.0,0.0,0.0,0.0,2015-08-06,159.51000000000073
627,0.0,0.0,0.0,0.0,0.0,0.0,0.0,0.0,0.0,2015-08-07,159.51000000000073
628,51.70000000000003,91.9799999999999,0.0,7.409999999999876,0.0,18.69000000000001,0.0,-3.25,8.450000000000074,2015-08-10,334.49000000000063
629,0.0,0.0,0.0,0.0,0.0,0.0,0.0,0.0,0.0,2015-08-11,334.49000000000063
630,0.0,0.0,0.0,0.0,0.0,0.0,0.0,0.0,0.0,2015-08-12,334.49000000000063
631,0.0,0.0,0.0,0.0,0.0,0.0,0.0,0.0,0.0,2015-08-13,334.49000000000063
632,0.0,0.0,0.0,0.0,0.0,0.0,0.0,0.0,0.0,2015-08-14,334.49000000000063
633,0.0,0.0,0.0,0.0,0.0,0.0,0.0,0.0,0.0,2015-08-17,334.49000000000063
634,0.0,0.0,0.0,0.0,0.0,0.0,0.0,0.0,0.0,2015-08-18,334.49000000000063
635,0.0,0.0,0.0,0.0,0.0,0.0,0.0,0.0,0.0,2015-08-19,334.49000000000063
636,0.0,0.0,0.0,0.0,0.0,0.0,0.0,0.0,0.0,2015-08-20,334.49000000000063
637,0.0,0.0,0.0,0.0,0.0,0.0,0.0,0.0,0.0,2015-08-21,334.49000000000063
638,109.12000000000002,120.00000000000013,0.0,117.23000000000003,0.0,-97.0200000000001,0.0,-104.25999999999996,-108.42000000000004,2015-08-24,371.1400000000007
639,0.0,0.0,0.0,0.0,0.0,0.0,0.0,0.0,0.0,2015-08-25,371.1400000000007
640,0.0,0.0,0.0,0.0,0.0,0.0,0.0,0.0,0.0,2015-08-26,371.1400000000007
641,0.0,0.0,0.0,0.0,0.0,0.0,0.0,0.0,0.0,2015-08-27,371.1400000000007
642,0.0,22.78000000000005,11.100000000000158,-19.32000000000004,23.490000000000123,2.2999999999998693,16.999999999999993,0.0,0.0,2015-08-28,428.49000000000086
643,0.0,0.0,0.0,0.0,0.0,0.0,0.0,0.0,0.0,2015-08-31,428.49000000000086
644,0.0,0.0,0.0,0.0,0.0,0.0,0.0,0.0,0.0,2015-09-01,428.49000000000086
645,0.0,0.0,0.0,0.0,0.0,0.0,0.0,0.0,0.0,2015-09-02,428.49000000000086
646,0.0,0.0,0.0,0.0,0.0,0.0,0.0,0.0,0.0,2015-09-03,428.49000000000086
647,0.0,0.0,0.0,0.0,0.0,0.0,0.0,0.0,0.0,2015-09-04,428.49000000000086
648,0.0,0.0,0.0,0.0,0.0,0.0,0.0,0.0,0.0,2015-09-08,428.49000000000086
649,0.0,0.0,0.0,0.0,0.0,0.0,0.0,0.0,0.0,2015-09-09,428.49000000000086
650,0.0,0.0,0.0,0.0,0.0,0.0,0.0,0.0,0.0,2015-09-10,428.49000000000086
651,0.0,0.0,0.0,0.0,0.0,0.0,0.0,0.0,0.0,2015-09-11,428.49000000000086
652,0.0,0.0,0.0,0.0,0.0,0.0,0.0,0.0,0.0,2015-09-14,428.49000000000086
653,0.0,0.0,0.0,0.0,0.0,0.0,0.0,0.0,0.0,2015-09-15,428.49000000000086
654,0.0,0.0,0.0,0.0,0.0,0.0,0.0,0.0,0.0,2015-09-16,428.49000000000086
655,0.0,0.0,0.0,0.0,0.0,0.0,0.0,0.0,0.0,2015-09-17,428.49000000000086
656,0.0,0.0,0.0,0.0,0.0,0.0,0.0,0.0,0.0,2015-09-18,428.49000000000086
657,0.0,0.0,0.0,0.0,0.0,0.0,0.0,0.0,0.0,2015-09-21,428.49000000000086
658,0.0,0.0,0.0,0.0,0.0,0.0,0.0,0.0,0.0,2015-09-22,428.49000000000086
659,0.0,0.0,0.0,0.0,0.0,0.0,0.0,0.0,0.0,2015-09-23,428.49000000000086
660,0.0,0.0,0.0,0.0,0.0,0.0,0.0,0.0,0.0,2015-09-24,428.49000000000086
661,0.0,0.0,0.0,0.0,0.0,0.0,0.0,0.0,0.0,2015-09-25,428.49000000000086
662,82.07999999999987,56.48000000000002,0.0,37.19999999999999,0.0,-3.5200000000000813,0.0,-64.40000000000012,-13.390000000000017,2015-09-28,522.9400000000005
663,0.0,0.0,0.0,0.0,0.0,0.0,0.0,0.0,0.0,2015-09-29,522.9400000000005
664,11.43999999999994,2.8900000000000285,0.0,0.0,-5.200000000000075,-0.8800000000001376,-0.4999999999999005,22.080000000000158,0.0,2015-09-30,552.7700000000006
665,0.0,0.0,0.0,0.0,0.0,0.0,0.0,0.0,0.0,2015-10-01,552.7700000000006
666,0.0,0.0,0.0,0.0,0.0,0.0,0.0,0.0,0.0,2015-10-02,552.7700000000006
667,0.0,0.0,0.0,0.0,0.0,0.0,0.0,0.0,0.0,2015-10-05,552.7700000000006
668,0.0,0.0,0.0,0.0,0.0,0.0,0.0,0.0,0.0,2015-10-06,552.7700000000006
669,0.0,0.0,0.0,0.0,0.0,0.0,0.0,0.0,0.0,2015-10-07,552.7700000000006
670,0.0,0.0,0.0,0.0,0.0,0.0,0.0,0.0,0.0,2015-10-08,552.7700000000006
671,0.0,0.0,0.0,0.0,0.0,0.0,0.0,0.0,0.0,2015-10-09,552.7700000000006
672,0.0,0.0,0.0,0.0,0.0,0.0,0.0,0.0,0.0,2015-10-12,552.7700000000006
673,0.0,0.0,0.0,0.0,0.0,0.0,0.0,0.0,0.0,2015-10-13,552.7700000000006
674,0.0,0.0,0.0,0.0,0.0,0.0,0.0,0.0,0.0,2015-10-14,552.7700000000006
675,0.0,0.0,0.0,0.0,0.0,0.0,0.0,0.0,0.0,2015-10-15,552.7700000000006
676,0.0,0.0,0.0,0.0,0.0,0.0,0.0,0.0,0.0,2015-10-16,552.7700000000006
677,0.0,0.0,0.0,0.0,0.0,0.0,0.0,0.0,0.0,2015-10-19,552.7700000000006
678,0.0,0.0,0.0,0.0,0.0,0.0,0.0,0.0,0.0,2015-10-20,552.7700000000006
679,0.0,0.0,0.0,0.0,0.0,0.0,0.0,0.0,0.0,2015-10-21,552.7700000000006
680,0.0,0.0,0.0,0.0,0.0,0.0,0.0,0.0,0.0,2015-10-22,552.7700000000006
681,-129.74000000000007,-104.04000000000008,0.0,-104.16000000000004,0.0,83.16000000000003,47.03999999999985,0.0,78.52000000000008,2015-10-23,423.55000000000035
682,0.0,0.0,0.0,0.0,0.0,0.0,0.0,0.0,0.0,2015-10-26,423.55000000000035
683,0.0,0.0,0.0,0.0,0.0,0.0,0.0,0.0,0.0,2015-10-27,423.55000000000035
684,0.0,0.0,0.0,0.0,0.0,0.0,0.0,0.0,0.0,2015-10-28,423.55000000000035
685,0.0,0.0,0.0,0.0,0.0,0.0,0.0,0.0,0.0,2015-10-29,423.55000000000035
686,-5.75,0.0,0.0,3.4199999999999946,-5.059999999999974,0.0,-26.159999999999908,39.90000000000012,15.599999999999964,2015-10-30,445.50000000000057
687,0.0,0.0,0.0,0.0,0.0,0.0,0.0,0.0,0.0,2015-11-02,445.50000000000057
688,0.0,0.0,0.0,0.0,0.0,0.0,0.0,0.0,0.0,2015-11-03,445.50000000000057
689,0.0,0.0,0.0,0.0,0.0,0.0,0.0,0.0,0.0,2015-11-04,445.50000000000057
690,0.0,0.0,0.0,0.0,0.0,0.0,0.0,0.0,0.0,2015-11-05,445.50000000000057
691,0.0,0.0,0.0,0.0,0.0,0.0,0.0,0.0,0.0,2015-11-06,445.50000000000057
692,5.290000000000092,-30.299999999999944,0.0,0.0,11.040000000000093,-20.369999999999976,39.839999999999925,0.0,-2.6399999999999864,2015-11-09,448.36000000000075
693,0.0,0.0,0.0,0.0,0.0,0.0,0.0,0.0,0.0,2015-11-10,448.36000000000075
694,0.0,0.0,0.0,0.0,0.0,0.0,0.0,0.0,0.0,2015-11-11,448.36000000000075
695,0.0,0.0,0.0,0.0,0.0,0.0,0.0,0.0,0.0,2015-11-12,448.36000000000075
696,0.0,0.0,0.0,0.0,0.0,0.0,0.0,0.0,0.0,2015-11-13,448.36000000000075
697,8.509999999999941,43.949999999999896,0.0,0.0,-31.27999999999999,0.0,-5.999999999999872,-25.19999999999996,-33.239999999999945,2015-11-16,405.1000000000008
698,0.0,0.0,0.0,0.0,0.0,0.0,0.0,0.0,0.0,2015-11-17,405.1000000000008
699,0.0,0.0,0.0,0.0,0.0,0.0,0.0,0.0,0.0,2015-11-18,405.1000000000008
700,0.0,0.0,0.0,0.0,0.0,0.0,0.0,0.0,0.0,2015-11-19,405.1000000000008
701,0.0,0.0,0.0,0.0,0.0,0.0,0.0,0.0,0.0,2015-11-20,405.1000000000008
702,0.0,0.0,0.0,0.0,0.0,0.0,0.0,0.0,0.0,2015-11-23,405.1000000000008
703,0.0,0.0,0.0,0.0,0.0,0.0,0.0,0.0,0.0,2015-11-24,405.1000000000008
704,0.0,0.0,0.0,0.0,0.0,0.0,0.0,0.0,0.0,2015-11-25,405.1000000000008
705,0.0,0.0,0.0,0.0,0.0,0.0,0.0,0.0,0.0,2015-11-27,405.1000000000008
706,0.0,0.0,0.0,0.0,0.0,0.0,0.0,0.0,0.0,2015-11-30,405.1000000000008
707,0.0,0.0,0.0,0.0,0.0,0.0,0.0,0.0,0.0,2015-12-01,405.1000000000008
708,0.0,0.0,0.0,0.0,0.0,0.0,0.0,0.0,0.0,2015-12-02,405.1000000000008
709,0.0,0.0,0.0,0.0,0.0,0.0,0.0,0.0,0.0,2015-12-03,405.1000000000008
710,0.0,0.0,0.0,0.0,0.0,0.0,0.0,0.0,0.0,2015-12-04,405.1000000000008
711,0.0,0.0,0.0,0.0,0.0,0.0,0.0,0.0,0.0,2015-12-07,405.1000000000008
712,0.0,0.0,0.0,0.0,0.0,0.0,0.0,0.0,0.0,2015-12-08,405.1000000000008
713,0.0,0.0,0.0,0.0,0.0,0.0,0.0,0.0,0.0,2015-12-09,405.1000000000008
714,-3.4500000000001307,83.40000000000003,0.0,20.32999999999987,14.400000000000205,0.0,0.0,3.3599999999999284,10.009999999999948,2015-12-10,533.1500000000007
715,0.0,0.0,0.0,0.0,0.0,0.0,0.0,0.0,0.0,2015-12-11,533.1500000000007
716,0.0,0.0,0.0,0.0,0.0,0.0,0.0,0.0,0.0,2015-12-14,533.1500000000007
717,0.0,0.0,0.0,0.0,0.0,0.0,0.0,0.0,0.0,2015-12-15,533.1500000000007
718,0.0,0.0,0.0,0.0,0.0,0.0,0.0,0.0,0.0,2015-12-16,533.1500000000007
719,0.0,0.0,0.0,0.0,0.0,0.0,0.0,0.0,0.0,2015-12-17,533.1500000000007
720,0.0,0.0,0.0,0.0,0.0,0.0,0.0,0.0,0.0,2015-12-18,533.1500000000007
721,0.0,0.0,0.0,0.0,0.0,0.0,0.0,0.0,0.0,2015-12-21,533.1500000000007
722,0.0,0.0,0.0,0.0,0.0,0.0,0.0,0.0,0.0,2015-12-22,533.1500000000007
723,0.0,0.0,0.0,0.0,0.0,0.0,0.0,0.0,0.0,2015-12-23,533.1500000000007
724,0.0,0.0,0.0,0.0,0.0,0.0,0.0,0.0,0.0,2015-12-24,533.1500000000007
725,0.0,0.0,0.0,0.0,0.0,0.0,0.0,0.0,0.0,2015-12-28,533.1500000000007
726,0.0,0.0,0.0,0.0,0.0,0.0,0.0,0.0,0.0,2015-12-29,533.1500000000007
727,0.0,0.0,0.0,0.0,0.0,0.0,0.0,0.0,0.0,2015-12-30,533.1500000000007
728,0.0,0.0,0.0,0.0,0.0,0.0,0.0,0.0,0.0,2015-12-31,533.1500000000007
729,0.0,0.0,0.0,0.0,0.0,0.0,0.0,0.0,0.0,2016-01-04,533.1500000000007
730,0.0,0.0,0.0,0.0,0.0,0.0,0.0,0.0,0.0,2016-01-05,533.1500000000007
731,0.0,0.0,0.0,0.0,0.0,0.0,0.0,0.0,0.0,2016-01-06,533.1500000000007
732,0.0,0.0,0.0,0.0,0.0,0.0,0.0,0.0,0.0,2016-01-07,533.1500000000007
733,0.0,0.0,0.0,0.0,0.0,0.0,0.0,0.0,0.0,2016-01-08,533.1500000000007
734,0.0,0.0,0.0,0.0,0.0,0.0,0.0,0.0,0.0,2016-01-11,533.1500000000007
735,92.22999999999996,102.50999999999979,0.0,0.0,-56.349999999999895,5.249999999999852,-38.99999999999988,0.0,-49.44000000000007,2016-01-12,588.3500000000005
736,0.0,0.0,0.0,0.0,0.0,0.0,0.0,0.0,0.0,2016-01-13,588.3500000000005
737,0.0,0.0,0.0,0.0,0.0,0.0,0.0,0.0,0.0,2016-01-14,588.3500000000005
738,0.0,0.0,0.0,0.0,0.0,0.0,0.0,0.0,0.0,2016-01-15,588.3500000000005
739,0.0,0.0,0.0,0.0,0.0,0.0,0.0,0.0,0.0,2016-01-19,588.3500000000005
740,72.54000000000015,66.87999999999992,0.0,48.6,-60.500000000000036,-30.869999999999976,0.0,0.0,-59.53999999999998,2016-01-20,625.4600000000006
741,0.0,0.0,0.0,0.0,0.0,0.0,0.0,0.0,0.0,2016-01-21,625.4600000000006
742,0.0,0.0,0.0,0.0,0.0,0.0,0.0,0.0,0.0,2016-01-22,625.4600000000006
743,0.0,0.0,0.0,0.0,0.0,0.0,0.0,0.0,0.0,2016-01-25,625.4600000000006
744,0.0,0.0,0.0,0.0,0.0,0.0,0.0,0.0,0.0,2016-01-26,625.4600000000006
745,0.0,0.0,0.0,0.0,0.0,0.0,0.0,0.0,0.0,2016-01-27,625.4600000000006
746,0.0,0.0,0.0,0.0,0.0,0.0,0.0,0.0,0.0,2016-01-28,625.4600000000006
747,0.0,0.0,0.0,0.0,0.0,0.0,0.0,0.0,0.0,2016-01-29,625.4600000000006
748,0.0,0.0,0.0,0.0,0.0,0.0,0.0,0.0,0.0,2016-02-01,625.4600000000006
749,0.0,0.0,0.0,0.0,0.0,0.0,0.0,0.0,0.0,2016-02-02,625.4600000000006
750,39.15000000000008,88.40000000000003,8.689999999999955,0.0,0.0,-45.359999999999935,-72.23999999999978,20.399999999999988,0.0,2016-02-03,664.5000000000009
751,0.0,0.0,0.0,0.0,0.0,0.0,0.0,0.0,0.0,2016-02-04,664.5000000000009
752,0.0,0.0,0.0,0.0,0.0,0.0,0.0,0.0,0.0,2016-02-05,664.5000000000009
753,0.0,0.0,0.0,0.0,0.0,0.0,0.0,0.0,0.0,2016-02-08,664.5000000000009
754,0.0,0.0,0.0,0.0,0.0,0.0,0.0,0.0,0.0,2016-02-09,664.5000000000009
755,0.0,0.0,0.0,0.0,0.0,0.0,0.0,0.0,0.0,2016-02-10,664.5000000000009
756,0.0,0.0,0.0,0.0,0.0,0.0,0.0,0.0,0.0,2016-02-11,664.5000000000009
757,0.0,0.0,0.0,0.0,0.0,0.0,0.0,0.0,0.0,2016-02-12,664.5000000000009
758,0.0,0.0,0.0,0.0,0.0,0.0,0.0,0.0,0.0,2016-02-16,664.5000000000009
759,-47.25,-7.3999999999998085,7.900000000000112,0.0,0.0,4.620000000000125,-5.0400000000000205,4.350000000000094,0.0,2016-02-17,621.6800000000014
760,0.0,0.0,0.0,0.0,0.0,0.0,0.0,0.0,0.0,2016-02-18,621.6800000000014
761,0.0,0.0,0.0,0.0,0.0,0.0,0.0,0.0,0.0,2016-02-19,621.6800000000014
762,0.0,0.0,0.0,0.0,0.0,0.0,0.0,0.0,0.0,2016-02-22,621.6800000000014
763,0.0,0.0,0.0,0.0,0.0,0.0,0.0,0.0,0.0,2016-02-23,621.6800000000014
764,0.0,0.0,0.0,0.0,0.0,0.0,0.0,0.0,0.0,2016-02-24,621.6800000000014
765,0.0,0.0,0.0,0.0,0.0,0.0,0.0,0.0,0.0,2016-02-25,621.6800000000014
766,0.0,0.0,0.0,0.0,0.0,0.0,0.0,0.0,0.0,2016-02-26,621.6800000000014
767,-18.250000000000103,12.420000000000089,-7.019999999999988,0.0,0.0,4.80000000000004,9.889999999999992,0.0,25.05999999999989,2016-02-29,648.5800000000013
768,0.0,0.0,0.0,0.0,0.0,0.0,0.0,0.0,0.0,2016-03-01,648.5800000000013
769,0.0,0.0,0.0,0.0,0.0,0.0,0.0,0.0,0.0,2016-03-02,648.5800000000013
770,-7.440000000000055,40.68000000000022,49.920000000000044,-15.580000000000005,0.0,0.0,3.6800000000000854,14.850000000000136,0.0,2016-03-03,734.6900000000018
771,0.0,0.0,0.0,0.0,0.0,0.0,0.0,0.0,0.0,2016-03-04,734.6900000000018
772,0.0,0.0,0.0,0.0,0.0,0.0,0.0,0.0,0.0,2016-03-07,734.6900000000018
773,0.0,0.0,0.0,0.0,0.0,0.0,0.0,0.0,0.0,2016-03-08,734.6900000000018
774,0.0,0.0,0.0,0.0,0.0,0.0,0.0,0.0,0.0,2016-03-09,734.6900000000018
775,0.0,0.0,0.0,0.0,0.0,0.0,0.0,0.0,0.0,2016-03-10,734.6900000000018
776,0.0,0.0,0.0,0.0,0.0,0.0,0.0,0.0,0.0,2016-03-11,734.6900000000018
777,0.0,0.0,0.0,0.0,0.0,0.0,0.0,0.0,0.0,2016-03-14,734.6900000000018
778,0.0,0.0,0.0,0.0,0.0,0.0,0.0,0.0,0.0,2016-03-15,734.6900000000018
779,0.0,0.0,0.0,0.0,0.0,0.0,0.0,0.0,0.0,2016-03-16,734.6900000000018
780,0.0,0.0,0.0,0.0,0.0,0.0,0.0,0.0,0.0,2016-03-17,734.6900000000018
781,-60.0,-52.19000000000001,-22.200000000000053,0.0,0.0,20.200000000000106,58.29999999999997,0.0,16.899999999999963,2016-03-18,695.7000000000018
782,0.0,0.0,0.0,0.0,0.0,0.0,0.0,0.0,0.0,2016-03-21,695.7000000000018
783,0.0,0.0,0.0,0.0,0.0,0.0,0.0,0.0,0.0,2016-03-22,695.7000000000018
784,0.0,0.0,0.0,0.0,0.0,0.0,0.0,0.0,0.0,2016-03-23,695.7000000000018
785,0.0,0.0,0.0,0.0,0.0,0.0,0.0,0.0,0.0,2016-03-24,695.7000000000018
786,0.0,0.0,0.0,0.0,0.0,0.0,0.0,0.0,0.0,2016-03-28,695.7000000000018
787,0.0,0.0,0.0,0.0,0.0,0.0,0.0,0.0,0.0,2016-03-29,695.7000000000018
788,0.0,0.0,0.0,0.0,0.0,0.0,0.0,0.0,0.0,2016-03-30,695.7000000000018
789,0.0,0.0,0.0,0.0,0.0,0.0,0.0,0.0,0.0,2016-03-31,695.7000000000018
790,0.0,0.0,0.0,0.0,0.0,0.0,0.0,0.0,0.0,2016-04-01,695.7000000000018
791,0.0,0.0,0.0,0.0,0.0,0.0,0.0,0.0,0.0,2016-04-04,695.7000000000018
792,0.0,0.0,0.0,0.0,0.0,0.0,0.0,0.0,0.0,2016-04-05,695.7000000000018
793,0.0,0.0,0.0,0.0,0.0,0.0,0.0,0.0,0.0,2016-04-06,695.7000000000018
794,0.0,0.0,0.0,0.0,0.0,0.0,0.0,0.0,0.0,2016-04-07,695.7000000000018
795,0.0,0.0,0.0,0.0,0.0,0.0,0.0,0.0,0.0,2016-04-08,695.7000000000018
796,0.0,0.0,0.0,0.0,0.0,0.0,0.0,0.0,0.0,2016-04-11,695.7000000000018
797,0.0,0.0,0.0,0.0,0.0,0.0,0.0,0.0,0.0,2016-04-12,695.7000000000018
798,0.0,0.0,0.0,0.0,0.0,0.0,0.0,0.0,0.0,2016-04-13,695.7000000000018
799,0.0,0.0,0.0,0.0,0.0,0.0,0.0,0.0,0.0,2016-04-14,695.7000000000018
800,0.0,0.0,0.0,0.0,0.0,0.0,0.0,0.0,0.0,2016-04-15,695.7000000000018
801,0.0,0.0,0.0,0.0,0.0,0.0,0.0,0.0,0.0,2016-04-18,695.7000000000018
802,-24.200000000000035,-27.51999999999987,0.0,0.0,25.75999999999994,10.639999999999908,13.65000000000012,-58.35000000000001,0.0,2016-04-19,635.6800000000018
803,0.0,0.0,0.0,0.0,0.0,0.0,0.0,0.0,0.0,2016-04-20,635.6800000000018
804,0.0,0.0,0.0,0.0,0.0,0.0,0.0,0.0,0.0,2016-04-21,635.6800000000018
805,0.0,0.0,0.0,0.0,0.0,0.0,0.0,0.0,0.0,2016-04-22,635.6800000000018
806,2.7300000000000537,-19.200000000000017,0.0,-2.8800000000000665,0.0,-29.449999999999946,-43.0500000000001,-9.239999999999954,0.0,2016-04-25,534.5900000000017
807,0.0,0.0,0.0,0.0,0.0,0.0,0.0,0.0,0.0,2016-04-26,534.5900000000017
808,0.0,0.0,0.0,0.0,0.0,0.0,0.0,0.0,0.0,2016-04-27,534.5900000000017
809,0.0,0.0,0.0,0.0,0.0,0.0,0.0,0.0,0.0,2016-04-28,534.5900000000017
810,0.0,0.0,0.0,0.0,0.0,0.0,0.0,0.0,0.0,2016-04-29,534.5900000000017
811,0.0,0.0,0.0,0.0,0.0,0.0,0.0,0.0,0.0,2016-05-02,534.5900000000017
812,0.0,0.0,0.0,0.0,0.0,0.0,0.0,0.0,0.0,2016-05-03,534.5900000000017
813,0.0,0.0,0.0,0.0,0.0,0.0,0.0,0.0,0.0,2016-05-04,534.5900000000017
814,0.0,0.0,0.0,0.0,0.0,0.0,0.0,0.0,0.0,2016-05-05,534.5900000000017
815,0.0,0.0,0.0,0.0,0.0,0.0,0.0,0.0,0.0,2016-05-06,534.5900000000017
816,0.0,0.0,0.0,0.0,0.0,0.0,0.0,0.0,0.0,2016-05-09,534.5900000000017
817,0.0,0.0,0.0,0.0,0.0,0.0,0.0,0.0,0.0,2016-05-10,534.5900000000017
818,0.0,0.0,0.0,0.0,0.0,0.0,0.0,0.0,0.0,2016-05-11,534.5900000000017
819,0.0,0.0,0.0,0.0,0.0,0.0,0.0,0.0,0.0,2016-05-12,534.5900000000017
820,0.0,0.0,0.0,0.0,0.0,0.0,0.0,0.0,0.0,2016-05-13,534.5900000000017
821,0.0,0.0,0.0,0.0,0.0,0.0,0.0,0.0,0.0,2016-05-16,534.5900000000017
822,0.0,0.0,0.0,0.0,0.0,0.0,0.0,0.0,0.0,2016-05-17,534.5900000000017
823,0.0,0.0,0.0,0.0,0.0,0.0,0.0,0.0,0.0,2016-05-18,534.5900000000017
824,30.58000000000001,23.55000000000011,0.0,0.0,0.0,-7.400000000000091,1.1000000000000938,34.86000000000013,-33.239999999999945,2016-05-19,584.040000000002
825,0.0,0.0,0.0,0.0,0.0,0.0,0.0,0.0,0.0,2016-05-20,584.040000000002
826,0.0,3.000000000000042,0.0,0.0,6.239999999999952,6.0800000000000045,0.2199999999997999,3.920000000000016,4.03000000000003,2016-05-23,607.5300000000019
827,0.0,0.0,0.0,0.0,0.0,0.0,0.0,0.0,0.0,2016-05-24,607.5300000000019
828,0.0,0.0,0.0,0.0,0.0,0.0,0.0,0.0,0.0,2016-05-25,607.5300000000019
829,0.0,0.0,0.0,0.0,0.0,0.0,0.0,0.0,0.0,2016-05-26,607.5300000000019
830,0.0,0.0,0.0,0.0,0.0,0.0,0.0,0.0,0.0,2016-05-27,607.5300000000019
831,0.0,0.0,0.0,0.0,0.0,0.0,0.0,0.0,0.0,2016-05-31,607.5300000000019
832,0.0,0.0,0.0,0.0,0.0,0.0,0.0,0.0,0.0,2016-06-01,607.5300000000019
833,0.0,0.0,0.0,0.0,0.0,0.0,0.0,0.0,0.0,2016-06-02,607.5300000000019
834,0.0,0.0,0.0,0.0,0.0,0.0,0.0,0.0,0.0,2016-06-03,607.5300000000019
835,0.0,0.0,0.0,0.0,0.0,0.0,0.0,0.0,0.0,2016-06-06,607.5300000000019
836,0.0,0.0,0.0,0.0,0.0,0.0,0.0,0.0,0.0,2016-06-07,607.5300000000019
837,0.0,0.0,0.0,0.0,0.0,0.0,0.0,0.0,0.0,2016-06-08,607.5300000000019
838,0.0,0.0,0.0,0.0,0.0,0.0,0.0,0.0,0.0,2016-06-09,607.5300000000019
839,0.0,0.0,0.0,0.0,0.0,0.0,0.0,0.0,0.0,2016-06-10,607.5300000000019
840,0.0,0.0,0.0,0.0,0.0,0.0,0.0,0.0,0.0,2016-06-13,607.5300000000019
841,0.0,0.0,0.0,0.0,0.0,0.0,0.0,0.0,0.0,2016-06-14,607.5300000000019
842,0.0,0.0,0.0,0.0,0.0,0.0,0.0,0.0,0.0,2016-06-15,607.5300000000019
843,0.0,0.0,0.0,0.0,0.0,0.0,0.0,0.0,0.0,2016-06-16,607.5300000000019
844,0.0,0.0,0.0,0.0,0.0,0.0,0.0,0.0,0.0,2016-06-17,607.5300000000019
845,0.0,0.0,0.0,0.0,0.0,0.0,0.0,0.0,0.0,2016-06-20,607.5300000000019
846,0.0,0.0,0.0,0.0,0.0,0.0,0.0,0.0,0.0,2016-06-21,607.5300000000019
847,-9.02000000000008,-33.59999999999992,0.0,0.0,0.0,30.400000000000066,54.7800000000002,-7.0,10.140000000000015,2016-06-22,653.2300000000022
848,0.0,0.0,0.0,0.0,0.0,0.0,0.0,0.0,0.0,2016-06-23,653.2300000000022
849,0.0,0.0,0.0,0.0,0.0,0.0,0.0,0.0,0.0,2016-06-24,653.2300000000022
850,0.0,40.949999999999854,78.80999999999995,0.0,-38.869999999999955,-19.0,5.0,31.35999999999993,0.0,2016-06-27,751.480000000002
851,0.0,0.0,0.0,0.0,0.0,0.0,0.0,0.0,0.0,2016-06-28,751.480000000002
852,0.0,0.0,0.0,0.0,0.0,0.0,0.0,0.0,0.0,2016-06-29,751.480000000002
853,20.930000000000085,-24.960000000000036,44.83999999999999,0.0,26.639999999999986,-10.830000000000005,-10.800000000000123,0.0,0.0,2016-06-30,797.3000000000019
854,0.0,0.0,0.0,0.0,0.0,0.0,0.0,0.0,0.0,2016-07-01,797.3000000000019
855,0.0,0.0,0.0,0.0,0.0,0.0,0.0,0.0,0.0,2016-07-05,797.3000000000019
856,0.0,0.0,0.0,0.0,0.0,0.0,0.0,0.0,0.0,2016-07-06,797.3000000000019
857,0.0,0.0,0.0,0.0,0.0,0.0,0.0,0.0,0.0,2016-07-07,797.3000000000019
858,0.0,0.0,0.0,0.0,0.0,0.0,0.0,0.0,0.0,2016-07-08,797.3000000000019
859,0.0,0.0,0.0,0.0,0.0,0.0,0.0,0.0,0.0,2016-07-11,797.3000000000019
860,0.0,0.0,0.0,0.0,0.0,0.0,0.0,0.0,0.0,2016-07-12,797.3000000000019
861,0.0,0.0,0.0,0.0,0.0,0.0,0.0,0.0,0.0,2016-07-13,797.3000000000019
862,0.0,0.0,0.0,0.0,0.0,0.0,0.0,0.0,0.0,2016-07-14,797.3000000000019
863,0.0,0.0,0.0,0.0,0.0,0.0,0.0,0.0,0.0,2016-07-15,797.3000000000019
864,0.0,0.0,0.0,0.0,0.0,0.0,0.0,0.0,0.0,2016-07-18,797.3000000000019
865,0.0,0.0,0.0,0.0,0.0,0.0,0.0,0.0,0.0,2016-07-19,797.3000000000019
866,0.0,0.0,0.0,0.0,0.0,0.0,0.0,0.0,0.0,2016-07-20,797.3000000000019
867,0.0,0.0,0.0,0.0,0.0,0.0,0.0,0.0,0.0,2016-07-21,797.3000000000019
868,0.0,0.0,0.0,0.0,0.0,0.0,0.0,0.0,0.0,2016-07-22,797.3000000000019
869,0.0,0.0,0.0,0.0,0.0,0.0,0.0,0.0,0.0,2016-07-25,797.3000000000019
870,0.0,0.0,0.0,0.0,0.0,0.0,0.0,0.0,0.0,2016-07-26,797.3000000000019
871,0.0,0.0,0.0,0.0,0.0,0.0,0.0,0.0,0.0,2016-07-27,797.3000000000019
872,0.0,0.0,0.0,0.0,0.0,0.0,0.0,0.0,0.0,2016-07-28,797.3000000000019
873,0.0,0.0,0.0,0.0,0.0,0.0,0.0,0.0,0.0,2016-07-29,797.3000000000019
874,0.0,20.54999999999985,-51.83000000000003,0.0,70.15000000000009,-10.620000000000061,-15.400000000000064,-47.59999999999989,0.0,2016-08-01,762.5500000000018
875,0.0,0.0,0.0,0.0,0.0,0.0,0.0,0.0,0.0,2016-08-02,762.5500000000018
876,0.0,0.0,0.0,0.0,0.0,0.0,0.0,0.0,0.0,2016-08-03,762.5500000000018
877,0.0,0.0,0.0,0.0,0.0,0.0,0.0,0.0,0.0,2016-08-04,762.5500000000018
878,0.0,0.0,0.0,0.0,0.0,0.0,0.0,0.0,0.0,2016-08-05,762.5500000000018
879,0.0,0.0,0.0,0.0,0.0,0.0,0.0,0.0,0.0,2016-08-08,762.5500000000018
880,0.0,0.0,0.0,0.0,0.0,0.0,0.0,0.0,0.0,2016-08-09,762.5500000000018
881,0.0,0.0,0.0,0.0,0.0,0.0,0.0,0.0,0.0,2016-08-10,762.5500000000018
882,0.0,0.0,0.0,0.0,0.0,0.0,0.0,0.0,0.0,2016-08-11,762.5500000000018
883,0.0,0.0,0.0,0.0,0.0,0.0,0.0,0.0,0.0,2016-08-12,762.5500000000018
884,0.0,0.0,0.0,0.0,0.0,0.0,0.0,0.0,0.0,2016-08-15,762.5500000000018
885,0.0,0.0,0.0,0.0,0.0,0.0,0.0,0.0,0.0,2016-08-16,762.5500000000018
886,0.0,0.0,0.0,0.0,0.0,0.0,0.0,0.0,0.0,2016-08-17,762.5500000000018
887,0.0,0.0,0.0,0.0,0.0,0.0,0.0,0.0,0.0,2016-08-18,762.5500000000018
888,0.0,0.0,0.0,0.0,0.0,0.0,0.0,0.0,0.0,2016-08-19,762.5500000000018
889,0.0,0.0,0.0,0.0,0.0,0.0,0.0,0.0,0.0,2016-08-22,762.5500000000018
890,0.0,0.0,0.0,0.0,0.0,0.0,0.0,0.0,0.0,2016-08-23,762.5500000000018
891,0.0,0.0,0.0,0.0,0.0,0.0,0.0,0.0,0.0,2016-08-24,762.5500000000018
892,0.0,0.0,0.0,0.0,0.0,0.0,0.0,0.0,0.0,2016-08-25,762.5500000000018
893,0.0,0.0,0.0,0.0,0.0,0.0,0.0,0.0,0.0,2016-08-26,762.5500000000018
894,0.0,0.0,0.0,0.0,0.0,0.0,0.0,0.0,0.0,2016-08-29,762.5500000000018
895,0.0,-70.24000000000001,-46.91999999999998,0.0,15.17999999999995,-4.749999999999865,-47.400000000000226,31.460000000000022,0.0,2016-08-30,639.8800000000017
896,0.0,0.0,0.0,0.0,0.0,0.0,0.0,0.0,0.0,2016-08-31,639.8800000000017
897,0.0,0.0,0.0,0.0,0.0,0.0,0.0,0.0,0.0,2016-09-01,639.8800000000017
898,0.0,0.0,0.0,0.0,0.0,0.0,0.0,0.0,0.0,2016-09-02,639.8800000000017
899,0.0,0.0,0.0,0.0,0.0,0.0,0.0,0.0,0.0,2016-09-06,639.8800000000017
900,0.0,0.0,0.0,0.0,0.0,0.0,0.0,0.0,0.0,2016-09-07,639.8800000000017
901,0.0,0.0,0.0,0.0,0.0,0.0,0.0,0.0,0.0,2016-09-08,639.8800000000017
902,0.0,0.0,0.0,0.0,0.0,0.0,0.0,0.0,0.0,2016-09-09,639.8800000000017
903,0.0,0.0,0.0,0.0,0.0,0.0,0.0,0.0,0.0,2016-09-12,639.8800000000017
904,0.0,0.0,0.0,0.0,0.0,0.0,0.0,0.0,0.0,2016-09-13,639.8800000000017
905,0.0,0.0,0.0,0.0,0.0,0.0,0.0,0.0,0.0,2016-09-14,639.8800000000017
906,0.0,0.0,0.0,0.0,0.0,0.0,0.0,0.0,0.0,2016-09-15,639.8800000000017
907,0.0,0.0,0.0,0.0,0.0,0.0,0.0,0.0,0.0,2016-09-16,639.8800000000017
908,0.0,0.0,0.0,0.0,0.0,0.0,0.0,0.0,0.0,2016-09-19,639.8800000000017
909,0.0,28.35000000000001,32.34000000000013,0.0,5.6700000000000665,-25.270000000000106,20.370000000000125,10.079999999999984,0.0,2016-09-20,711.4200000000019
910,0.0,0.0,0.0,0.0,0.0,0.0,0.0,0.0,0.0,2016-09-21,711.4200000000019
911,0.0,0.0,0.0,0.0,0.0,0.0,0.0,0.0,0.0,2016-09-22,711.4200000000019
912,0.0,0.0,0.0,0.0,0.0,0.0,0.0,0.0,0.0,2016-09-23,711.4200000000019
913,0.0,0.0,0.0,0.0,0.0,0.0,0.0,0.0,0.0,2016-09-26,711.4200000000019
914,0.0,0.0,0.0,0.0,0.0,0.0,0.0,0.0,0.0,2016-09-27,711.4200000000019
915,0.0,0.0,0.0,0.0,0.0,0.0,0.0,0.0,0.0,2016-09-28,711.4200000000019
916,0.0,0.0,0.0,0.0,0.0,0.0,0.0,0.0,0.0,2016-09-29,711.4200000000019
917,0.0,0.0,0.0,0.0,0.0,0.0,0.0,0.0,0.0,2016-09-30,711.4200000000019
918,0.0,0.0,0.0,0.0,0.0,0.0,0.0,0.0,0.0,2016-10-03,711.4200000000019
919,0.0,0.0,0.0,0.0,0.0,0.0,0.0,0.0,0.0,2016-10-04,711.4200000000019
920,0.0,0.0,0.0,0.0,0.0,0.0,0.0,0.0,0.0,2016-10-05,711.4200000000019
921,0.0,0.0,0.0,0.0,0.0,0.0,0.0,0.0,0.0,2016-10-06,711.4200000000019
922,0.0,0.0,0.0,0.0,0.0,0.0,0.0,0.0,0.0,2016-10-07,711.4200000000019
923,0.0,0.0,0.0,0.0,0.0,0.0,0.0,0.0,0.0,2016-10-10,711.4200000000019
924,0.0,0.0,0.0,0.0,0.0,0.0,0.0,0.0,0.0,2016-10-11,711.4200000000019
925,0.0,0.0,0.0,0.0,0.0,0.0,0.0,0.0,0.0,2016-10-12,711.4200000000019
926,0.0,0.0,0.0,0.0,0.0,0.0,0.0,0.0,0.0,2016-10-13,711.4200000000019
927,0.0,0.0,0.0,0.0,0.0,0.0,0.0,0.0,0.0,2016-10-14,711.4200000000019
928,0.0,0.0,0.0,0.0,0.0,0.0,0.0,0.0,0.0,2016-10-17,711.4200000000019
929,0.0,0.0,0.0,0.0,0.0,0.0,0.0,0.0,0.0,2016-10-18,711.4200000000019
930,0.0,-41.700000000000024,7.28000000000003,0.0,4.8299999999999335,0.0,-28.55999999999999,28.0,-3.1200000000000614,2016-10-19,678.1500000000018
931,0.0,0.0,0.0,0.0,0.0,0.0,0.0,0.0,0.0,2016-10-20,678.1500000000018
932,0.0,0.0,0.0,0.0,0.0,0.0,0.0,0.0,0.0,2016-10-21,678.1500000000018
933,0.0,0.0,0.0,0.0,0.0,0.0,0.0,0.0,0.0,2016-10-24,678.1500000000018
934,0.0,0.0,0.0,0.0,0.0,0.0,0.0,0.0,0.0,2016-10-25,678.1500000000018
935,0.0,0.0,0.0,0.0,0.0,0.0,0.0,0.0,0.0,2016-10-26,678.1500000000018
936,0.0,0.0,0.0,0.0,0.0,0.0,0.0,0.0,0.0,2016-10-27,678.1500000000018
937,0.0,0.0,0.0,0.0,0.0,0.0,0.0,0.0,0.0,2016-10-28,678.1500000000018
938,0.0,0.0,0.0,0.0,0.0,0.0,0.0,0.0,0.0,2016-10-31,678.1500000000018
939,0.0,0.0,0.0,0.0,0.0,0.0,0.0,0.0,0.0,2016-11-01,678.1500000000018
940,0.0,0.0,0.0,0.0,0.0,0.0,0.0,0.0,0.0,2016-11-02,678.1500000000018
941,0.0,0.0,0.0,0.0,0.0,0.0,0.0,0.0,0.0,2016-11-03,678.1500000000018
942,0.0,0.0,0.0,0.0,0.0,0.0,0.0,0.0,0.0,2016-11-04,678.1500000000018
943,0.0,0.0,0.0,0.0,0.0,0.0,0.0,0.0,0.0,2016-11-07,678.1500000000018
944,0.0,0.0,0.0,0.0,0.0,0.0,0.0,0.0,0.0,2016-11-08,678.1500000000018
945,0.0,0.0,0.0,0.0,0.0,0.0,0.0,0.0,0.0,2016-11-09,678.1500000000018
946,0.0,0.0,77.51999999999998,0.0,2.5199999999999463,-0.9499999999999459,-27.089999999999986,-26.460000000000008,-4.319999999999993,2016-11-10,699.3700000000018
947,0.0,0.0,0.0,0.0,0.0,0.0,0.0,0.0,0.0,2016-11-11,699.3700000000018
948,0.0,0.0,0.0,0.0,0.0,0.0,0.0,0.0,0.0,2016-11-14,699.3700000000018
949,0.0,0.0,0.0,0.0,0.0,0.0,0.0,0.0,0.0,2016-11-15,699.3700000000018
950,7.9999999999999725,0.0,-23.970000000000077,-9.91999999999996,4.8300000000000844,6.400000000000006,16.060000000000088,0.0,0.0,2016-11-16,700.7700000000019
951,0.0,0.0,0.0,0.0,0.0,0.0,0.0,0.0,0.0,2016-11-17,700.7700000000019
952,0.0,0.0,0.0,0.0,0.0,0.0,0.0,0.0,0.0,2016-11-18,700.7700000000019
953,0.0,0.0,0.0,0.0,0.0,0.0,0.0,0.0,0.0,2016-11-21,700.7700000000019
954,0.0,0.0,0.0,0.0,0.0,0.0,0.0,0.0,0.0,2016-11-22,700.7700000000019
955,0.0,0.0,0.0,0.0,0.0,0.0,0.0,0.0,0.0,2016-11-23,700.7700000000019
956,0.0,0.0,0.0,0.0,0.0,0.0,0.0,0.0,0.0,2016-11-25,700.7700000000019
957,0.0,0.0,0.0,0.0,0.0,0.0,0.0,0.0,0.0,2016-11-28,700.7700000000019
958,0.0,0.0,0.0,0.0,0.0,0.0,0.0,0.0,0.0,2016-11-29,700.7700000000019
959,0.0,0.0,0.0,0.0,0.0,0.0,0.0,0.0,0.0,2016-11-30,700.7700000000019
960,0.0,0.0,35.41999999999997,22.24000000000001,0.0,6.799999999999926,3.519999999999925,19.039999999999992,-14.760000000000048,2016-12-01,773.0300000000017
961,0.0,0.0,0.0,0.0,0.0,0.0,0.0,0.0,0.0,2016-12-02,773.0300000000017
962,0.0,-12.220000000000155,-0.4400000000000688,-2.559999999999945,9.870000000000124,3.9999999999999143,-1.0999999999999377,0.0,0.0,2016-12-05,770.5800000000016
963,0.0,0.0,0.0,0.0,0.0,0.0,0.0,0.0,0.0,2016-12-06,770.5800000000016
964,0.0,0.0,0.0,0.0,0.0,0.0,0.0,0.0,0.0,2016-12-07,770.5800000000016
965,0.0,0.0,0.0,0.0,0.0,0.0,0.0,0.0,0.0,2016-12-08,770.5800000000016
966,0.0,0.0,0.0,0.0,0.0,0.0,0.0,0.0,0.0,2016-12-09,770.5800000000016
967,0.0,0.0,0.0,0.0,0.0,0.0,0.0,0.0,0.0,2016-12-12,770.5800000000016
968,0.0,0.0,0.0,0.0,0.0,0.0,0.0,0.0,0.0,2016-12-13,770.5800000000016
969,0.0,0.0,0.0,0.0,0.0,0.0,0.0,0.0,0.0,2016-12-14,770.5800000000016
970,0.0,0.0,0.0,0.0,0.0,0.0,0.0,0.0,0.0,2016-12-15,770.5800000000016
971,0.0,0.0,0.0,0.0,0.0,0.0,0.0,0.0,0.0,2016-12-16,770.5800000000016
972,0.0,0.0,0.0,0.0,0.0,0.0,0.0,0.0,0.0,2016-12-19,770.5800000000016
973,0.0,0.0,0.0,0.0,0.0,0.0,0.0,0.0,0.0,2016-12-20,770.5800000000016
974,0.0,0.0,0.0,0.0,0.0,0.0,0.0,0.0,0.0,2016-12-21,770.5800000000016
975,0.0,0.0,0.0,0.0,0.0,0.0,0.0,0.0,0.0,2016-12-22,770.5800000000016
976,0.0,0.0,0.0,0.0,0.0,0.0,0.0,0.0,0.0,2016-12-23,770.5800000000016
977,0.0,0.0,0.0,0.0,0.0,0.0,0.0,0.0,0.0,2016-12-27,770.5800000000016
978,0.0,0.0,0.0,0.0,0.0,0.0,0.0,0.0,0.0,2016-12-28,770.5800000000016
979,0.0,0.0,0.0,0.0,0.0,0.0,0.0,0.0,0.0,2016-12-29,770.5800000000016
980,0.0,0.0,0.0,0.0,0.0,0.0,0.0,0.0,0.0,2016-12-30,770.5800000000016
981,0.0,0.0,0.0,0.0,0.0,0.0,0.0,0.0,0.0,2017-01-03,770.5800000000016
982,0.0,0.0,0.0,0.0,0.0,0.0,0.0,0.0,0.0,2017-01-04,770.5800000000016
983,0.0,13.390000000000017,24.639999999999947,3.039999999999964,0.0,-25.600000000000023,0.0,-25.76000000000005,-0.8399999999999181,2017-01-05,759.4500000000015
984,0.0,0.0,0.0,0.0,0.0,0.0,0.0,0.0,0.0,2017-01-06,759.4500000000015
985,0.0,0.0,0.0,0.0,0.0,0.0,0.0,0.0,0.0,2017-01-09,759.4500000000015
986,0.0,0.0,0.0,0.0,0.0,0.0,0.0,0.0,0.0,2017-01-10,759.4500000000015
987,0.0,0.0,0.0,0.0,0.0,0.0,0.0,0.0,0.0,2017-01-11,759.4500000000015
988,0.0,0.0,0.0,0.0,0.0,0.0,0.0,0.0,0.0,2017-01-12,759.4500000000015
989,0.0,0.0,0.0,0.0,0.0,0.0,0.0,0.0,0.0,2017-01-13,759.4500000000015
990,0.0,0.0,0.0,0.0,0.0,0.0,0.0,0.0,0.0,2017-01-17,759.4500000000015
991,0.0,-21.18999999999994,-20.64000000000002,-2.3999999999999773,0.0,-4.3700000000000765,0.0,0.9799999999999044,-14.87999999999994,2017-01-18,696.9500000000015
992,0.0,0.0,0.0,0.0,0.0,0.0,0.0,0.0,0.0,2017-01-19,696.9500000000015
993,0.0,0.0,0.0,0.0,0.0,0.0,0.0,0.0,0.0,2017-01-20,696.9500000000015
994,0.0,0.0,0.0,0.0,0.0,0.0,0.0,0.0,0.0,2017-01-23,696.9500000000015
995,0.0,0.0,0.0,0.0,0.0,0.0,0.0,0.0,0.0,2017-01-24,696.9500000000015
996,0.0,0.0,0.0,0.0,0.0,0.0,0.0,0.0,0.0,2017-01-25,696.9500000000015
997,0.0,0.0,0.0,0.0,0.0,0.0,0.0,0.0,0.0,2017-01-26,696.9500000000015
998,0.0,0.0,0.0,0.0,0.0,0.0,0.0,0.0,0.0,2017-01-27,696.9500000000015
999,0.0,0.0,0.0,0.0,0.0,0.0,0.0,0.0,0.0,2017-01-30,696.9500000000015
1000,0.0,0.0,0.0,0.0,0.0,0.0,0.0,0.0,0.0,2017-01-31,696.9500000000015
1001,0.0,0.0,0.0,0.0,0.0,0.0,0.0,0.0,0.0,2017-02-01,696.9500000000015
1002,0.0,0.0,0.0,0.0,0.0,0.0,0.0,0.0,0.0,2017-02-02,696.9500000000015
1003,0.0,0.0,0.0,0.0,0.0,0.0,0.0,0.0,0.0,2017-02-03,696.9500000000015
1004,0.0,0.0,0.0,0.0,0.0,0.0,0.0,0.0,0.0,2017-02-06,696.9500000000015
1005,0.0,0.0,0.0,0.0,0.0,0.0,0.0,0.0,0.0,2017-02-07,696.9500000000015
1006,0.0,0.0,0.0,0.0,0.0,0.0,0.0,0.0,0.0,2017-02-08,696.9500000000015
1007,0.0,0.0,0.0,0.0,0.0,0.0,0.0,0.0,0.0,2017-02-09,696.9500000000015
1008,0.0,0.0,0.0,0.0,0.0,0.0,0.0,0.0,0.0,2017-02-10,696.9500000000015
1009,0.0,0.0,0.0,0.0,0.0,0.0,0.0,0.0,0.0,2017-02-13,696.9500000000015
1010,0.0,0.0,0.0,0.0,0.0,0.0,0.0,0.0,0.0,2017-02-14,696.9500000000015
1011,0.0,0.0,0.0,0.0,0.0,0.0,0.0,0.0,0.0,2017-02-15,696.9500000000015
1012,28.119999999999944,-15.990000000000052,55.899999999999885,0.0,0.0,-32.11000000000009,-7.559999999999987,-45.22000000000007,0.0,2017-02-16,680.0900000000012
1013,0.0,0.0,0.0,0.0,0.0,0.0,0.0,0.0,0.0,2017-02-17,680.0900000000012
1014,0.0,0.0,0.0,0.0,0.0,0.0,0.0,0.0,0.0,2017-02-21,680.0900000000012
1015,0.0,0.0,0.0,0.0,0.0,0.0,0.0,0.0,0.0,2017-02-22,680.0900000000012
1016,0.0,0.0,0.0,0.0,0.0,0.0,0.0,0.0,0.0,2017-02-23,680.0900000000012
1017,0.0,0.0,0.0,0.0,0.0,0.0,0.0,0.0,0.0,2017-02-24,680.0900000000012
1018,0.0,0.0,0.0,0.0,0.0,0.0,0.0,0.0,0.0,2017-02-27,680.0900000000012
1019,0.0,0.0,0.0,0.0,0.0,0.0,0.0,0.0,0.0,2017-02-28,680.0900000000012
1020,0.0,0.0,0.0,0.0,0.0,0.0,0.0,0.0,0.0,2017-03-01,680.0900000000012
1021,0.0,0.0,0.0,0.0,0.0,0.0,0.0,0.0,0.0,2017-03-02,680.0900000000012
1022,0.0,0.0,0.0,0.0,0.0,0.0,0.0,0.0,0.0,2017-03-03,680.0900000000012
1023,0.0,0.0,0.0,0.0,0.0,0.0,0.0,0.0,0.0,2017-03-06,680.0900000000012
1024,0.0,0.0,0.0,0.0,0.0,0.0,0.0,0.0,0.0,2017-03-07,680.0900000000012
1025,0.0,0.0,0.0,0.0,0.0,0.0,0.0,0.0,0.0,2017-03-08,680.0900000000012
1026,0.0,0.0,0.0,0.0,0.0,0.0,0.0,0.0,0.0,2017-03-09,680.0900000000012
1027,0.0,0.0,0.0,0.0,0.0,0.0,0.0,0.0,0.0,2017-03-10,680.0900000000012
1028,0.0,0.0,0.0,0.0,0.0,0.0,0.0,0.0,0.0,2017-03-13,680.0900000000012
1029,0.0,0.0,0.0,0.0,0.0,0.0,0.0,0.0,0.0,2017-03-14,680.0900000000012
1030,0.0,0.0,0.0,0.0,0.0,0.0,0.0,0.0,0.0,2017-03-15,680.0900000000012
1031,0.0,0.0,0.0,0.0,0.0,0.0,0.0,0.0,0.0,2017-03-16,680.0900000000012
1032,0.0,0.0,0.0,0.0,0.0,0.0,0.0,0.0,0.0,2017-03-17,680.0900000000012
1033,0.0,0.0,4.919999999999894,1.949999999999932,26.599999999999966,-18.0,-33.599999999999994,-24.700000000000077,0.0,2017-03-20,637.2600000000009
1034,0.0,0.0,0.0,0.0,0.0,0.0,0.0,0.0,0.0,2017-03-21,637.2600000000009
1035,0.0,14.420000000000016,-39.360000000000035,-17.39999999999995,-16.38000000000007,-0.1799999999999642,-17.999999999999968,0.0,0.0,2017-03-22,560.3600000000009
1036,0.0,0.0,0.0,0.0,0.0,0.0,0.0,0.0,0.0,2017-03-23,560.3600000000009
1037,0.0,0.0,0.0,0.0,0.0,0.0,0.0,0.0,0.0,2017-03-24,560.3600000000009
1038,0.0,0.0,0.0,0.0,0.0,0.0,0.0,0.0,0.0,2017-03-27,560.3600000000009
1039,0.0,0.0,0.0,0.0,0.0,0.0,0.0,0.0,0.0,2017-03-28,560.3600000000009
1040,0.0,0.0,0.0,0.0,0.0,0.0,0.0,0.0,0.0,2017-03-29,560.3600000000009
1041,0.0,0.0,0.0,0.0,0.0,0.0,0.0,0.0,0.0,2017-03-30,560.3600000000009
1042,0.0,0.0,0.0,0.0,0.0,0.0,0.0,0.0,0.0,2017-03-31,560.3600000000009
1043,0.0,0.0,0.0,0.0,0.0,0.0,0.0,0.0,0.0,2017-04-03,560.3600000000009
1044,0.0,0.0,0.0,0.0,0.0,0.0,0.0,0.0,0.0,2017-04-04,560.3600000000009
1045,0.0,0.0,0.0,0.0,0.0,0.0,0.0,0.0,0.0,2017-04-05,560.3600000000009
1046,0.0,0.0,0.0,0.0,0.0,0.0,0.0,0.0,0.0,2017-04-06,560.3600000000009
1047,0.0,0.0,0.0,0.0,0.0,0.0,0.0,0.0,0.0,2017-04-07,560.3600000000009
1048,0.0,0.0,0.0,0.0,0.0,0.0,0.0,0.0,0.0,2017-04-10,560.3600000000009
1049,0.0,0.0,0.0,0.0,0.0,0.0,0.0,0.0,0.0,2017-04-11,560.3600000000009
1050,0.0,0.0,0.0,0.0,0.0,0.0,0.0,0.0,0.0,2017-04-12,560.3600000000009
1051,0.0,0.0,0.0,0.0,0.0,0.0,0.0,0.0,0.0,2017-04-13,560.3600000000009
1052,0.0,0.0,0.0,0.0,0.0,0.0,0.0,0.0,0.0,2017-04-17,560.3600000000009
1053,0.0,0.0,0.0,0.0,0.0,0.0,0.0,0.0,0.0,2017-04-18,560.3600000000009
1054,0.0,0.0,0.0,0.0,0.0,0.0,0.0,0.0,0.0,2017-04-19,560.3600000000009
1055,0.0,0.0,0.0,0.0,0.0,0.0,0.0,0.0,0.0,2017-04-20,560.3600000000009
1056,0.0,0.0,-6.449999999999938,7.650000000000078,8.359999999999957,-4.5,8.550000000000054,5.200000000000075,0.0,2017-04-21,579.1700000000011
1057,0.0,0.0,0.0,0.0,0.0,0.0,0.0,0.0,0.0,2017-04-24,579.1700000000011
1058,0.0,0.0,0.0,0.0,0.0,0.0,0.0,0.0,0.0,2017-04-25,579.1700000000011
1059,0.0,0.0,0.0,0.0,0.0,0.0,0.0,0.0,0.0,2017-04-26,579.1700000000011
1060,0.0,0.0,0.0,0.0,0.0,0.0,0.0,0.0,0.0,2017-04-27,579.1700000000011
1061,0.0,0.0,0.0,0.0,0.0,0.0,0.0,0.0,0.0,2017-04-28,579.1700000000011
1062,0.0,0.0,0.0,0.0,0.0,0.0,0.0,0.0,0.0,2017-05-01,579.1700000000011
1063,0.0,0.0,0.0,0.0,0.0,0.0,0.0,0.0,0.0,2017-05-02,579.1700000000011
1064,0.0,0.0,0.0,0.0,0.0,0.0,0.0,0.0,0.0,2017-05-03,579.1700000000011
1065,0.0,0.0,0.0,0.0,0.0,0.0,0.0,0.0,0.0,2017-05-04,579.1700000000011
1066,0.0,0.0,0.0,0.0,0.0,0.0,0.0,0.0,0.0,2017-05-05,579.1700000000011
1067,0.0,0.0,0.0,0.0,0.0,0.0,0.0,0.0,0.0,2017-05-08,579.1700000000011
1068,0.0,0.0,0.0,0.0,0.0,0.0,0.0,0.0,0.0,2017-05-09,579.1700000000011
1069,0.0,0.0,0.0,0.0,0.0,0.0,0.0,0.0,0.0,2017-05-10,579.1700000000011
1070,0.0,0.0,0.0,0.0,0.0,0.0,0.0,0.0,0.0,2017-05-11,579.1700000000011
1071,0.0,0.0,0.0,0.0,0.0,0.0,0.0,0.0,0.0,2017-05-12,579.1700000000011
1072,0.0,0.0,0.0,0.0,0.0,0.0,0.0,0.0,0.0,2017-05-15,579.1700000000011
1073,0.0,0.0,0.0,0.0,0.0,0.0,0.0,0.0,0.0,2017-05-16,579.1700000000011
1074,0.0,0.0,0.0,0.0,0.0,0.0,0.0,0.0,0.0,2017-05-17,579.1700000000011
1075,0.0,0.0,0.0,0.0,0.0,0.0,0.0,0.0,0.0,2017-05-18,579.1700000000011
1076,0.0,0.0,0.0,0.0,0.0,0.0,0.0,0.0,0.0,2017-05-19,579.1700000000011
1077,0.0,-2.249999999999872,-9.030000000000037,5.249999999999915,30.779999999999948,-3.600000000000051,0.0,-7.40999999999991,0.0,2017-05-22,592.9100000000011
1078,0.0,0.0,0.0,0.0,0.0,0.0,0.0,0.0,0.0,2017-05-23,592.9100000000011
1079,0.0,0.0,0.0,0.0,0.0,0.0,0.0,0.0,0.0,2017-05-24,592.9100000000011
1080,0.0,0.0,0.0,0.0,0.0,0.0,0.0,0.0,0.0,2017-05-25,592.9100000000011
1081,0.0,0.0,0.0,0.0,0.0,0.0,0.0,0.0,0.0,2017-05-26,592.9100000000011
1082,0.0,0.0,0.0,0.0,0.0,0.0,0.0,0.0,0.0,2017-05-30,592.9100000000011
1083,0.0,0.0,0.0,0.0,0.0,0.0,0.0,0.0,0.0,2017-05-31,592.9100000000011
1084,0.0,0.0,0.0,0.0,0.0,0.0,0.0,0.0,0.0,2017-06-01,592.9100000000011
1085,0.0,0.0,0.0,0.0,0.0,0.0,0.0,0.0,0.0,2017-06-02,592.9100000000011
1086,0.0,0.0,0.0,0.0,0.0,0.0,0.0,0.0,0.0,2017-06-05,592.9100000000011
1087,0.0,0.0,0.0,0.0,0.0,0.0,0.0,0.0,0.0,2017-06-06,592.9100000000011
1088,0.0,0.0,0.0,0.0,0.0,0.0,0.0,0.0,0.0,2017-06-07,592.9100000000011
1089,0.0,0.0,0.0,0.0,0.0,0.0,0.0,0.0,0.0,2017-06-08,592.9100000000011
1090,0.0,46.49999999999992,24.07999999999995,14.099999999999964,28.980000000000118,-17.280000000000015,0.0,-23.00999999999995,0.0,2017-06-09,666.2800000000011
1091,0.0,0.0,0.0,0.0,0.0,0.0,0.0,0.0,0.0,2017-06-12,666.2800000000011
1092,3.0600000000000307,1.1999999999999744,0.0,0.0,9.360000000000058,0.5400000000000205,4.3700000000000765,0.0,4.950000000000031,2017-06-13,689.7600000000014
1093,0.0,0.0,0.0,0.0,0.0,0.0,0.0,0.0,0.0,2017-06-14,689.7600000000014
1094,0.0,0.0,0.0,0.0,0.0,0.0,0.0,0.0,0.0,2017-06-15,689.7600000000014
1095,0.0,0.0,0.0,0.0,0.0,0.0,0.0,0.0,0.0,2017-06-16,689.7600000000014
1096,0.0,0.0,0.0,0.0,0.0,0.0,0.0,0.0,0.0,2017-06-19,689.7600000000014
1097,0.0,0.0,0.0,0.0,0.0,0.0,0.0,0.0,0.0,2017-06-20,689.7600000000014
1098,0.0,0.0,0.0,0.0,0.0,0.0,0.0,0.0,0.0,2017-06-21,689.7600000000014
1099,0.0,0.0,0.0,0.0,0.0,0.0,0.0,0.0,0.0,2017-06-22,689.7600000000014
1100,0.0,0.0,0.0,0.0,0.0,0.0,0.0,0.0,0.0,2017-06-23,689.7600000000014
1101,0.0,0.0,0.0,0.0,0.0,0.0,0.0,0.0,0.0,2017-06-26,689.7600000000014
1102,0.0,0.0,0.0,0.0,0.0,0.0,0.0,0.0,0.0,2017-06-27,689.7600000000014
1103,0.0,0.0,0.0,0.0,0.0,0.0,0.0,0.0,0.0,2017-06-28,689.7600000000014
1104,0.0,0.0,0.0,0.0,0.0,0.0,0.0,0.0,0.0,2017-06-29,689.7600000000014
1105,0.0,0.0,0.0,0.0,0.0,0.0,0.0,0.0,0.0,2017-06-30,689.7600000000014
1106,0.0,0.0,0.0,0.0,0.0,0.0,0.0,0.0,0.0,2017-07-03,689.7600000000014
1107,0.0,0.0,0.0,0.0,0.0,0.0,0.0,0.0,0.0,2017-07-05,689.7600000000014
1108,0.0,0.0,0.0,0.0,0.0,0.0,0.0,0.0,0.0,2017-07-06,689.7600000000014
1109,0.0,0.0,0.0,0.0,0.0,0.0,0.0,0.0,0.0,2017-07-07,689.7600000000014
1110,0.0,0.0,0.0,0.0,0.0,0.0,0.0,0.0,0.0,2017-07-10,689.7600000000014
1111,0.0,0.0,0.0,0.0,0.0,0.0,0.0,0.0,0.0,2017-07-11,689.7600000000014
1112,0.0,0.0,0.0,0.0,0.0,0.0,0.0,0.0,0.0,2017-07-12,689.7600000000014
1113,0.0,36.14999999999995,25.41999999999989,9.10000000000008,0.3599999999999284,47.33999999999979,41.990000000000016,0.0,0.0,2017-07-13,850.120000000001
1114,0.0,0.0,0.0,0.0,0.0,0.0,0.0,0.0,0.0,2017-07-14,850.120000000001
1115,0.0,0.0,0.0,0.0,0.0,0.0,0.0,0.0,0.0,2017-07-17,850.120000000001
1116,0.0,0.0,0.0,0.0,0.0,0.0,0.0,0.0,0.0,2017-07-18,850.120000000001
1117,0.0,0.0,0.0,0.0,0.0,0.0,0.0,0.0,0.0,2017-07-19,850.120000000001
1118,0.0,0.0,0.0,0.0,0.0,0.0,0.0,0.0,0.0,2017-07-20,850.120000000001
1119,0.0,0.0,0.0,0.0,0.0,0.0,0.0,0.0,0.0,2017-07-21,850.120000000001
1120,0.0,0.0,0.0,0.0,0.0,0.0,0.0,0.0,0.0,2017-07-24,850.120000000001
1121,0.0,0.0,0.0,0.0,0.0,0.0,0.0,0.0,0.0,2017-07-25,850.120000000001
1122,0.0,0.0,0.0,0.0,0.0,0.0,0.0,0.0,0.0,2017-07-26,850.120000000001
1123,0.0,0.0,0.0,0.0,0.0,0.0,0.0,0.0,0.0,2017-07-27,850.120000000001
1124,0.0,0.0,0.0,0.0,0.0,0.0,0.0,0.0,0.0,2017-07-28,850.120000000001
1125,0.0,0.0,0.0,0.0,0.0,0.0,0.0,0.0,0.0,2017-07-31,850.120000000001
1126,0.0,0.0,0.0,0.0,0.0,0.0,0.0,0.0,0.0,2017-08-01,850.120000000001
1127,0.0,0.0,0.0,0.0,0.0,0.0,0.0,0.0,0.0,2017-08-02,850.120000000001
1128,0.0,0.0,0.0,0.0,0.0,0.0,0.0,0.0,0.0,2017-08-03,850.120000000001
1129,0.0,0.0,0.0,0.0,0.0,0.0,0.0,0.0,0.0,2017-08-04,850.120000000001
1130,0.0,0.0,0.0,0.0,0.0,0.0,0.0,0.0,0.0,2017-08-07,850.120000000001
1131,0.0,0.0,0.0,0.0,0.0,0.0,0.0,0.0,0.0,2017-08-08,850.120000000001
1132,0.0,0.0,0.0,0.0,0.0,0.0,0.0,0.0,0.0,2017-08-09,850.120000000001
1133,0.0,0.0,0.0,0.0,0.0,0.0,0.0,0.0,0.0,2017-08-10,850.120000000001
1134,0.0,13.350000000000007,4.399999999999976,-19.460000000000008,3.3999999999999275,-7.919999999999959,-36.4799999999999,0.0,0.0,2017-08-11,807.4100000000011
1135,0.0,0.0,0.0,0.0,0.0,0.0,0.0,0.0,0.0,2017-08-14,807.4100000000011
1136,0.0,0.0,0.0,0.0,0.0,0.0,0.0,0.0,0.0,2017-08-15,807.4100000000011
1137,0.0,0.0,0.0,0.0,0.0,0.0,0.0,0.0,0.0,2017-08-16,807.4100000000011
1138,0.0,0.0,0.0,0.0,0.0,0.0,0.0,0.0,0.0,2017-08-17,807.4100000000011
1139,0.0,0.0,0.0,0.0,0.0,0.0,0.0,0.0,0.0,2017-08-18,807.4100000000011
1140,0.0,0.0,0.0,0.0,0.0,0.0,0.0,0.0,0.0,2017-08-21,807.4100000000011
1141,0.0,0.0,0.0,0.0,0.0,0.0,0.0,0.0,0.0,2017-08-22,807.4100000000011
1142,0.0,0.0,0.0,0.0,0.0,0.0,0.0,0.0,0.0,2017-08-23,807.4100000000011
1143,0.0,0.0,0.0,0.0,0.0,0.0,0.0,0.0,0.0,2017-08-24,807.4100000000011
1144,0.0,0.0,0.0,0.0,0.0,0.0,0.0,0.0,0.0,2017-08-25,807.4100000000011
1145,0.0,0.0,0.0,0.0,0.0,0.0,0.0,0.0,0.0,2017-08-28,807.4100000000011
1146,0.0,0.0,0.0,0.0,0.0,0.0,0.0,0.0,0.0,2017-08-29,807.4100000000011
1147,0.0,0.0,0.0,0.0,0.0,0.0,0.0,0.0,0.0,2017-08-30,807.4100000000011
1148,0.0,0.0,0.0,0.0,0.0,0.0,0.0,0.0,0.0,2017-08-31,807.4100000000011
1149,0.0,0.0,0.0,0.0,0.0,0.0,0.0,0.0,0.0,2017-09-01,807.4100000000011
1150,0.0,0.0,0.0,0.0,0.0,0.0,0.0,0.0,0.0,2017-09-05,807.4100000000011
1151,0.0,0.0,0.0,0.0,0.0,0.0,0.0,0.0,0.0,2017-09-06,807.4100000000011
1152,0.0,0.0,0.0,0.0,0.0,0.0,0.0,0.0,0.0,2017-09-07,807.4100000000011
1153,0.0,0.0,0.0,0.0,0.0,0.0,0.0,0.0,0.0,2017-09-08,807.4100000000011
1154,0.0,0.0,0.0,0.0,0.0,0.0,0.0,0.0,0.0,2017-09-11,807.4100000000011
1155,0.0,-17.10000000000001,-12.800000000000011,9.939999999999912,23.800000000000097,-3.419999999999959,0.0,-51.12000000000007,0.0,2017-09-12,756.7100000000011
1156,0.0,0.0,0.0,0.0,0.0,0.0,0.0,0.0,0.0,2017-09-13,756.7100000000011
1157,0.0,0.0,0.0,0.0,0.0,0.0,0.0,0.0,0.0,2017-09-14,756.7100000000011
1158,0.0,0.0,0.0,0.0,0.0,0.0,0.0,0.0,0.0,2017-09-15,756.7100000000011
1159,0.0,0.0,0.0,0.0,0.0,0.0,0.0,0.0,0.0,2017-09-18,756.7100000000011
1160,0.0,0.0,0.0,0.0,0.0,0.0,0.0,0.0,0.0,2017-09-19,756.7100000000011
1161,0.0,0.0,0.0,0.0,0.0,0.0,0.0,0.0,0.0,2017-09-20,756.7100000000011
1162,0.0,0.0,0.0,0.0,0.0,0.0,0.0,0.0,0.0,2017-09-21,756.7100000000011
1163,0.0,0.0,0.0,0.0,0.0,0.0,0.0,0.0,0.0,2017-09-22,756.7100000000011
1164,0.0,0.0,0.0,0.0,0.0,0.0,0.0,0.0,0.0,2017-09-25,756.7100000000011
1165,0.0,0.0,0.0,0.0,0.0,0.0,0.0,0.0,0.0,2017-09-26,756.7100000000011
1166,0.0,0.0,0.0,0.0,0.0,0.0,0.0,0.0,0.0,2017-09-27,756.7100000000011
1167,0.0,0.0,0.0,0.0,0.0,0.0,0.0,0.0,0.0,2017-09-28,756.7100000000011
1168,0.0,0.0,0.0,0.0,0.0,0.0,0.0,0.0,0.0,2017-09-29,756.7100000000011
1169,0.0,0.0,0.0,0.0,0.0,0.0,0.0,0.0,0.0,2017-10-02,756.7100000000011
1170,0.0,0.0,0.0,0.0,0.0,0.0,0.0,0.0,0.0,2017-10-03,756.7100000000011
1171,0.0,0.0,0.0,0.0,0.0,0.0,0.0,0.0,0.0,2017-10-04,756.7100000000011
1172,0.0,0.0,0.0,0.0,0.0,0.0,0.0,0.0,0.0,2017-10-05,756.7100000000011
1173,0.0,0.0,0.0,0.0,0.0,0.0,0.0,0.0,0.0,2017-10-06,756.7100000000011
1174,0.0,0.0,0.0,0.0,0.0,0.0,0.0,0.0,0.0,2017-10-09,756.7100000000011
1175,0.0,0.0,0.0,0.0,0.0,0.0,0.0,0.0,0.0,2017-10-10,756.7100000000011
1176,0.0,-39.60000000000001,61.59999999999997,36.680000000000064,19.719999999999946,25.199999999999967,0.0,0.0,-15.400000000000064,2017-10-11,844.910000000001
1177,0.0,0.0,0.0,0.0,0.0,0.0,0.0,0.0,0.0,2017-10-12,844.910000000001
1178,0.0,0.0,0.0,0.0,0.0,0.0,0.0,0.0,0.0,2017-10-13,844.910000000001
1179,0.0,0.0,0.0,0.0,0.0,0.0,0.0,0.0,0.0,2017-10-16,844.910000000001
1180,0.0,0.0,0.0,0.0,0.0,0.0,0.0,0.0,0.0,2017-10-17,844.910000000001
1181,0.0,0.0,0.0,0.0,0.0,0.0,0.0,0.0,0.0,2017-10-18,844.910000000001
1182,0.0,0.0,0.0,0.0,0.0,0.0,0.0,0.0,0.0,2017-10-19,844.910000000001
1183,0.0,0.0,0.0,0.0,0.0,0.0,0.0,0.0,0.0,2017-10-20,844.910000000001
1184,0.0,0.0,0.0,0.0,0.0,0.0,0.0,0.0,0.0,2017-10-23,844.910000000001
1185,0.0,0.0,0.0,0.0,0.0,0.0,0.0,0.0,0.0,2017-10-24,844.910000000001
1186,0.0,0.0,0.0,0.0,0.0,0.0,0.0,0.0,0.0,2017-10-25,844.910000000001
1187,0.0,0.0,0.0,0.0,0.0,0.0,0.0,0.0,0.0,2017-10-26,844.910000000001
1188,0.0,0.0,0.0,0.0,0.0,0.0,0.0,0.0,0.0,2017-10-27,844.910000000001
1189,0.0,14.559999999999885,13.679999999999977,6.8599999999999275,26.560000000000056,14.040000000000019,0.0,0.0,-5.600000000000024,2017-10-30,915.0100000000008
1190,0.0,0.0,0.0,0.0,0.0,0.0,0.0,0.0,0.0,2017-10-31,915.0100000000008
1191,0.0,0.0,0.0,0.0,0.0,0.0,0.0,0.0,0.0,2017-11-01,915.0100000000008
1192,0.0,0.0,0.0,0.0,0.0,0.0,0.0,0.0,0.0,2017-11-02,915.0100000000008
1193,0.0,0.0,0.0,0.0,0.0,0.0,0.0,0.0,0.0,2017-11-03,915.0100000000008
1194,0.0,0.0,0.0,0.0,0.0,0.0,0.0,0.0,0.0,2017-11-06,915.0100000000008
1195,0.0,0.0,0.0,0.0,0.0,0.0,0.0,0.0,0.0,2017-11-07,915.0100000000008
1196,0.0,0.0,0.0,0.0,0.0,0.0,0.0,0.0,0.0,2017-11-08,915.0100000000008
1197,0.0,0.0,0.0,0.0,0.0,0.0,0.0,0.0,0.0,2017-11-09,915.0100000000008
1198,0.0,0.0,0.0,0.0,0.0,0.0,0.0,0.0,0.0,2017-11-10,915.0100000000008
1199,0.0,0.0,0.0,0.0,0.0,0.0,0.0,0.0,0.0,2017-11-13,915.0100000000008
1200,0.0,0.0,0.0,0.0,0.0,0.0,0.0,0.0,0.0,2017-11-14,915.0100000000008
1201,0.0,0.0,0.0,0.0,0.0,0.0,0.0,0.0,0.0,2017-11-15,915.0100000000008
1202,0.0,0.0,0.0,0.0,0.0,0.0,0.0,0.0,0.0,2017-11-16,915.0100000000008
1203,0.0,0.0,0.0,0.0,0.0,0.0,0.0,0.0,0.0,2017-11-17,915.0100000000008
1204,0.0,0.0,0.0,0.0,0.0,0.0,0.0,0.0,0.0,2017-11-20,915.0100000000008
1205,0.0,0.0,0.0,0.0,0.0,0.0,0.0,0.0,0.0,2017-11-21,915.0100000000008
1206,0.0,0.0,0.0,0.0,0.0,0.0,0.0,0.0,0.0,2017-11-22,915.0100000000008
1207,0.0,0.0,0.0,0.0,0.0,0.0,0.0,0.0,0.0,2017-11-24,915.0100000000008
1208,0.0,0.0,0.0,0.0,0.0,0.0,0.0,0.0,0.0,2017-11-27,915.0100000000008
1209,0.0,0.0,0.0,0.0,0.0,0.0,0.0,0.0,0.0,2017-11-28,915.0100000000008
1210,5.1000000000000725,0.5599999999998886,17.389999999999958,0.0,26.87999999999988,-43.700000000000074,-21.059999999999906,0.0,0.0,2017-11-29,900.1800000000006
1211,0.0,0.0,0.0,0.0,0.0,0.0,0.0,0.0,0.0,2017-11-30,900.1800000000006
1212,0.0,0.0,0.0,0.0,0.0,0.0,0.0,0.0,0.0,2017-12-01,900.1800000000006
1213,0.0,0.0,0.0,0.0,0.0,0.0,0.0,0.0,0.0,2017-12-04,900.1800000000006
1214,5.440000000000055,-19.740000000000148,19.440000000000094,0.0,-17.700000000000102,-17.45999999999998,0.0,0.0,-13.800000000000095,2017-12-05,856.3600000000005
1215,0.0,0.0,0.0,0.0,0.0,0.0,0.0,0.0,0.0,2017-12-06,856.3600000000005
1216,0.0,0.0,0.0,0.0,0.0,0.0,0.0,0.0,0.0,2017-12-07,856.3600000000005
1217,0.0,0.0,0.0,0.0,0.0,0.0,0.0,0.0,0.0,2017-12-08,856.3600000000005
1218,0.0,0.0,0.0,0.0,0.0,0.0,0.0,0.0,0.0,2017-12-11,856.3600000000005
1219,0.0,0.0,0.0,0.0,0.0,0.0,0.0,0.0,0.0,2017-12-12,856.3600000000005
1220,0.0,0.0,0.0,0.0,0.0,0.0,0.0,0.0,0.0,2017-12-13,856.3600000000005
1221,0.0,0.0,0.0,0.0,0.0,0.0,0.0,0.0,0.0,2017-12-14,856.3600000000005
1222,0.0,0.0,0.0,0.0,0.0,0.0,0.0,0.0,0.0,2017-12-15,856.3600000000005
1223,0.0,0.0,0.0,0.0,0.0,0.0,0.0,0.0,0.0,2017-12-18,856.3600000000005
1224,0.0,0.0,0.0,0.0,0.0,0.0,0.0,0.0,0.0,2017-12-19,856.3600000000005
1225,0.0,0.0,0.0,0.0,0.0,0.0,0.0,0.0,0.0,2017-12-20,856.3600000000005
1226,0.0,0.0,0.0,0.0,0.0,0.0,0.0,0.0,0.0,2017-12-21,856.3600000000005
1227,0.0,0.0,0.0,0.0,0.0,0.0,0.0,0.0,0.0,2017-12-22,856.3600000000005
1228,0.0,0.0,0.0,0.0,0.0,0.0,0.0,0.0,0.0,2017-12-26,856.3600000000005
1229,0.0,0.0,0.0,0.0,0.0,0.0,0.0,0.0,0.0,2017-12-27,856.3600000000005
1230,0.0,0.0,0.0,0.0,0.0,0.0,0.0,0.0,0.0,2017-12-28,856.3600000000005
1231,0.0,0.0,0.0,0.0,0.0,0.0,0.0,0.0,0.0,2017-12-29,856.3600000000005
1232,0.0,0.0,0.0,0.0,0.0,0.0,0.0,0.0,0.0,2018-01-02,856.3600000000005
1233,0.0,0.0,0.0,0.0,0.0,0.0,0.0,0.0,0.0,2018-01-03,856.3600000000005
1234,0.0,0.0,0.0,0.0,0.0,0.0,0.0,0.0,0.0,2018-01-04,856.3600000000005
1235,0.0,-80.5,26.28000000000001,-52.259999999999955,59.04000000000008,-2.5500000000000966,0.0,31.319999999999997,0.0,2018-01-05,837.6900000000005
1236,0.0,0.0,0.0,0.0,0.0,0.0,0.0,0.0,0.0,2018-01-08,837.6900000000005
1237,0.0,0.0,0.0,0.0,0.0,0.0,0.0,0.0,0.0,2018-01-09,837.6900000000005
1238,0.0,0.0,0.0,0.0,0.0,0.0,0.0,0.0,0.0,2018-01-10,837.6900000000005
1239,0.0,0.0,0.0,0.0,0.0,0.0,0.0,0.0,0.0,2018-01-11,837.6900000000005
1240,0.0,0.0,0.0,0.0,0.0,0.0,0.0,0.0,0.0,2018-01-12,837.6900000000005
1241,0.0,0.0,0.0,0.0,0.0,0.0,0.0,0.0,0.0,2018-01-16,837.6900000000005
1242,0.0,0.0,0.0,0.0,0.0,0.0,0.0,0.0,0.0,2018-01-17,837.6900000000005
1243,0.0,0.0,0.0,0.0,0.0,0.0,0.0,0.0,0.0,2018-01-18,837.6900000000005
1244,0.0,0.0,0.0,0.0,0.0,0.0,0.0,0.0,0.0,2018-01-19,837.6900000000005
1245,0.0,0.0,0.0,0.0,0.0,0.0,0.0,0.0,0.0,2018-01-22,837.6900000000005
1246,0.0,0.0,0.0,0.0,0.0,0.0,0.0,0.0,0.0,2018-01-23,837.6900000000005
1247,0.0,0.0,0.0,0.0,0.0,0.0,0.0,0.0,0.0,2018-01-24,837.6900000000005
1248,0.0,0.0,0.0,0.0,0.0,0.0,0.0,0.0,0.0,2018-01-25,837.6900000000005
1249,0.0,0.0,0.0,0.0,0.0,0.0,0.0,0.0,0.0,2018-01-26,837.6900000000005
1250,0.0,0.0,0.0,0.0,0.0,0.0,0.0,0.0,0.0,2018-01-29,837.6900000000005
1251,0.0,0.0,0.0,0.0,0.0,0.0,0.0,0.0,0.0,2018-01-30,837.6900000000005
1252,0.0,0.0,0.0,0.0,0.0,0.0,0.0,0.0,0.0,2018-01-31,837.6900000000005
1253,0.0,0.0,0.0,0.0,0.0,0.0,0.0,0.0,0.0,2018-02-01,837.6900000000005
1254,-17.550000000000026,9.22999999999992,0.0,16.919999999999963,22.049999999999986,-7.4799999999999605,27.169999999999995,0.0,0.0,2018-02-02,888.0300000000004
1255,0.0,0.0,0.0,0.0,0.0,0.0,0.0,0.0,0.0,2018-02-05,888.0300000000004
1256,0.0,0.0,0.0,0.0,0.0,0.0,0.0,0.0,0.0,2018-02-06,888.0300000000004
1257,0.0,0.0,0.0,0.0,0.0,0.0,0.0,0.0,0.0,2018-02-07,888.0300000000004
1258,-9.759999999999991,-34.059999999999874,9.179999999999987,0.0,0.0,0.0,-36.799999999999926,28.81999999999989,2.25,2018-02-08,847.6600000000005
1259,0.0,0.0,0.0,0.0,0.0,0.0,0.0,0.0,0.0,2018-02-09,847.6600000000005
