Id,spx-1950-2018,len,datetime,open,high,low,close,volume,openinterest,MomentumStrategy,len,datetime,MACD,len,macd,signal,CrossOver,len,crossover,CrossDown,len,cross,ATR,len,atr,SMA,len,sma,Broker,len,cash,value,BuySell,len,buy,sell,Trades,len,pnlplus,pnlminus
1,spx-1950-2018,1,2010-01-04 23:59:59.999989,1116.56,1133.87,1116.56,1132.99,3991400000.0,0.0,MomentumStrategy,1,733776.9999999999,MACD,1,,,CrossOver,1,,CrossDown,1,,ATR,1,,SMA,1,,Broker,1,100000.0,100000.0,BuySell,1,,,Trades,1,,
2,spx-1950-2018,2,2010-01-05 23:59:59.999989,1132.66,1136.63,1129.66,1136.52,2491020000.0,0.0,MomentumStrategy,2,733777.9999999999,MACD,2,,,CrossOver,2,,CrossDown,2,,ATR,2,,SMA,2,,Broker,2,100000.0,100000.0,BuySell,2,,,Trades,2,,
3,spx-1950-2018,3,2010-01-06 23:59:59.999989,1135.71,1139.19,1133.95,1137.14,4972660000.0,0.0,MomentumStrategy,3,733778.9999999999,MACD,3,,,CrossOver,3,,CrossDown,3,,ATR,3,,SMA,3,,Broker,3,100000.0,100000.0,BuySell,3,,,Trades,3,,
4,spx-1950-2018,4,2010-01-07 23:59:59.999989,1136.27,1142.46,1131.32,1141.69,5270680000.0,0.0,MomentumStrategy,4,733779.9999999999,MACD,4,,,CrossOver,4,,CrossDown,4,,ATR,4,,SMA,4,,Broker,4,100000.0,100000.0,BuySell,4,,,Trades,4,,
5,spx-1950-2018,5,2010-01-08 23:59:59.999989,1140.52,1145.39,1136.22,1144.98,4389590000.0,0.0,MomentumStrategy,5,733780.9999999999,MACD,5,,,CrossOver,5,,CrossDown,5,,ATR,5,,SMA,5,,Broker,5,100000.0,100000.0,BuySell,5,,,Trades,5,,
6,spx-1950-2018,6,2010-01-11 23:59:59.999989,1145.96,1149.74,1142.02,1146.98,4255780000.0,0.0,MomentumStrategy,6,733783.9999999999,MACD,6,,,CrossOver,6,,CrossDown,6,,ATR,6,,SMA,6,,Broker,6,100000.0,100000.0,BuySell,6,,,Trades,6,,
7,spx-1950-2018,7,2010-01-12 23:59:59.999989,1143.81,1143.81,1131.77,1136.22,4716160000.0,0.0,MomentumStrategy,7,733784.9999999999,MACD,7,,,CrossOver,7,,CrossDown,7,,ATR,7,,SMA,7,,Broker,7,100000.0,100000.0,BuySell,7,,,Trades,7,,
8,spx-1950-2018,8,2010-01-13 23:59:59.999989,1137.31,1148.4,1133.18,1145.68,4170360000.0,0.0,MomentumStrategy,8,733785.9999999999,MACD,8,,,CrossOver,8,,CrossDown,8,,ATR,8,,SMA,8,,Broker,8,100000.0,100000.0,BuySell,8,,,Trades,8,,
9,spx-1950-2018,9,2010-01-14 23:59:59.999989,1145.68,1150.41,1143.8,1148.46,3915200000.0,0.0,MomentumStrategy,9,733786.9999999999,MACD,9,,,CrossOver,9,,CrossDown,9,,ATR,9,,SMA,9,,Broker,9,100000.0,100000.0,BuySell,9,,,Trades,9,,
10,spx-1950-2018,10,2010-01-15 23:59:59.999989,1147.72,1147.77,1131.39,1136.03,4758730000.0,0.0,MomentumStrategy,10,733787.9999999999,MACD,10,,,CrossOver,10,,CrossDown,10,,ATR,10,,SMA,10,,Broker,10,100000.0,100000.0,BuySell,10,,,Trades,10,,
11,spx-1950-2018,11,2010-01-19 23:59:59.999989,1136.03,1150.45,1135.77,1150.23,4724830000.0,0.0,MomentumStrategy,11,733791.9999999999,MACD,11,,,CrossOver,11,,CrossDown,11,,ATR,11,,SMA,11,,Broker,11,100000.0,100000.0,BuySell,11,,,Trades,11,,
12,spx-1950-2018,12,2010-01-20 23:59:59.999989,1147.95,1147.95,1129.25,1138.04,4810560000.0,0.0,MomentumStrategy,12,733792.9999999999,MACD,12,,,CrossOver,12,,CrossDown,12,,ATR,12,,SMA,12,,Broker,12,100000.0,100000.0,BuySell,12,,,Trades,12,,
13,spx-1950-2018,13,2010-01-21 23:59:59.999989,1138.68,1141.58,1114.84,1116.48,6874290000.0,0.0,MomentumStrategy,13,733793.9999999999,MACD,13,,,CrossOver,13,,CrossDown,13,,ATR,13,,SMA,13,,Broker,13,100000.0,100000.0,BuySell,13,,,Trades,13,,
14,spx-1950-2018,14,2010-01-22 23:59:59.999989,1115.49,1115.49,1090.18,1091.76,6208650000.0,0.0,MomentumStrategy,14,733794.9999999999,MACD,14,,,CrossOver,14,,CrossDown,14,,ATR,14,,SMA,14,,Broker,14,100000.0,100000.0,BuySell,14,,,Trades,14,,
15,spx-1950-2018,15,2010-01-25 23:59:59.999989,1092.4,1102.97,1092.4,1096.78,4481390000.0,0.0,MomentumStrategy,15,733797.9999999999,MACD,15,,,CrossOver,15,,CrossDown,15,,ATR,15,13.875714285714318,SMA,15,,Broker,15,100000.0,100000.0,BuySell,15,,,Trades,15,,
16,spx-1950-2018,16,2010-01-26 23:59:59.999989,1095.8,1103.69,1089.86,1092.17,4731910000.0,0.0,MomentumStrategy,16,733798.9999999999,MACD,16,,,CrossOver,16,,CrossDown,16,,ATR,16,13.872448979591878,SMA,16,,Broker,16,100000.0,100000.0,BuySell,16,,,Trades,16,,
17,spx-1950-2018,17,2010-01-27 23:59:59.999989,1091.94,1099.51,1083.11,1097.5,5319120000.0,0.0,MomentumStrategy,17,733799.9999999999,MACD,17,,,CrossOver,17,,CrossDown,17,,ATR,17,14.052988338192465,SMA,17,,Broker,17,100000.0,100000.0,BuySell,17,,,Trades,17,,
18,spx-1950-2018,18,2010-01-28 23:59:59.999989,1096.93,1100.22,1078.46,1084.53,5452400000.0,0.0,MomentumStrategy,18,733800.9999999999,MACD,18,,,CrossOver,18,,CrossDown,18,,ATR,18,14.603489171178717,SMA,18,,Broker,18,100000.0,100000.0,BuySell,18,,,Trades,18,,
19,spx-1950-2018,19,2010-01-29 23:59:59.999989,1087.61,1096.45,1071.59,1073.87,5412850000.0,0.0,MomentumStrategy,19,733801.9999999999,MACD,19,,,CrossOver,19,,CrossDown,19,,ATR,19,15.336097087523104,SMA,19,,Broker,19,100000.0,100000.0,BuySell,19,,,Trades,19,,
20,spx-1950-2018,20,2010-02-01 23:59:59.999989,1073.89,1089.38,1073.89,1089.19,4077610000.0,0.0,MomentumStrategy,20,733804.9999999999,MACD,20,,,CrossOver,20,,CrossDown,20,,ATR,20,15.348518724128612,SMA,20,,Broker,20,100000.0,100000.0,BuySell,20,,,Trades,20,,
21,spx-1950-2018,21,2010-02-02 23:59:59.999989,1090.05,1104.73,1087.96,1103.32,4749540000.0,0.0,MomentumStrategy,21,733805.9999999999,MACD,21,,,CrossOver,21,,CrossDown,21,,ATR,21,15.450053100976568,SMA,21,,Broker,21,100000.0,100000.0,BuySell,21,,,Trades,21,,
22,spx-1950-2018,22,2010-02-03 23:59:59.999989,1100.67,1102.72,1093.97,1097.28,4285450000.0,0.0,MomentumStrategy,22,733806.9999999999,MACD,22,,,CrossOver,22,,CrossDown,22,,ATR,22,15.014335022335377,SMA,22,,Broker,22,100000.0,100000.0,BuySell,22,,,Trades,22,,
23,spx-1950-2018,23,2010-02-04 23:59:59.999989,1097.25,1097.25,1062.78,1063.11,5859690000.0,0.0,MomentumStrategy,23,733807.9999999999,MACD,23,,,CrossOver,23,,CrossDown,23,,ATR,23,16.406168235025707,SMA,23,,Broker,23,100000.0,100000.0,BuySell,23,,,Trades,23,,
24,spx-1950-2018,24,2010-02-05 23:59:59.999989,1064.12,1067.13,1044.5,1066.19,6438900000.0,0.0,MomentumStrategy,24,733808.9999999999,MACD,24,,,CrossOver,24,,CrossDown,24,,ATR,24,16.85072764680959,SMA,24,,Broker,24,100000.0,100000.0,BuySell,24,,,Trades,24,,
25,spx-1950-2018,25,2010-02-08 23:59:59.999989,1065.51,1071.2,1056.51,1056.74,4089820000.0,0.0,MomentumStrategy,25,733811.9999999999,MACD,25,,,CrossOver,25,,CrossDown,25,,ATR,25,16.69638995775177,SMA,25,,Broker,25,100000.0,100000.0,BuySell,25,,,Trades,25,,
26,spx-1950-2018,26,2010-02-09 23:59:59.999989,1060.06,1079.28,1060.06,1070.52,5114260000.0,0.0,MomentumStrategy,26,733812.9999999999,MACD,26,-27.42430971717681,,CrossOver,26,,CrossDown,26,,ATR,26,17.113790675055213,SMA,26,,Broker,26,100000.0,100000.0,BuySell,26,,,Trades,26,,
27,spx-1950-2018,27,2010-02-10 23:59:59.999989,1069.68,1073.67,1059.34,1068.13,4251450000.0,0.0,MomentumStrategy,27,733813.9999999999,MACD,27,-26.650786723212832,,CrossOver,27,,CrossDown,27,,ATR,27,16.914948483979853,SMA,27,,Broker,27,100000.0,100000.0,BuySell,27,,,Trades,27,,
28,spx-1950-2018,28,2010-02-11 23:59:59.999989,1067.1,1080.04,1060.59,1078.47,4400870000.0,0.0,MomentumStrategy,28,733814.9999999999,MACD,28,-24.916194215426685,,CrossOver,28,,CrossDown,28,,ATR,28,17.09602359226701,SMA,28,,Broker,28,100000.0,100000.0,BuySell,28,,,Trades,28,,
29,spx-1950-2018,29,2010-02-12 23:59:59.999989,1075.95,1077.81,1062.97,1075.51,4160680000.0,0.0,MomentumStrategy,29,733815.9999999999,MACD,29,-23.509363114278585,,CrossOver,29,,CrossDown,29,,ATR,29,16.98202190710508,SMA,29,,Broker,29,100000.0,100000.0,BuySell,29,,,Trades,29,,
30,spx-1950-2018,30,2010-02-16 23:59:59.999989,1079.13,1095.67,1079.13,1094.87,4080770000.0,0.0,MomentumStrategy,30,733819.9999999999,MACD,30,-20.594844580738027,,CrossOver,30,,CrossDown,30,,ATR,30,17.209020342311867,SMA,30,1107.0459999999998,Broker,30,100000.0,100000.0,BuySell,30,,,Trades,30,,
31,spx-1950-2018,31,2010-02-17 23:59:59.999989,1096.14,1101.03,1094.72,1099.51,4259230000.0,0.0,MomentumStrategy,31,733820.9999999999,MACD,31,-17.70654835553387,,CrossOver,31,,CrossDown,31,,ATR,31,16.430518889289587,SMA,31,1105.93,Broker,31,100000.0,100000.0,BuySell,31,,,Trades,31,,
32,spx-1950-2018,32,2010-02-18 23:59:59.999989,1099.03,1108.24,1097.48,1106.75,3878620000.0,0.0,MomentumStrategy,32,733821.9999999999,MACD,32,-14.66430432318839,,CrossOver,32,,CrossDown,32,,ATR,32,16.025481825768903,SMA,32,1104.9376666666665,Broker,32,100000.0,100000.0,BuySell,32,,,Trades,32,,
33,spx-1950-2018,33,2010-02-19 23:59:59.999989,1105.49,1112.42,1100.8,1109.17,3944280000.0,0.0,MomentumStrategy,33,733822.9999999999,MACD,33,-11.920616784191907,,CrossOver,33,,CrossDown,33,,ATR,33,15.710804552499706,SMA,33,1104.0053333333335,Broker,33,100000.0,100000.0,BuySell,33,,,Trades,33,,
34,spx-1950-2018,34,2010-02-22 23:59:59.999989,1110.0,1112.29,1105.38,1108.01,3814440000.0,0.0,MomentumStrategy,34,733825.9999999999,MACD,34,-9.727692167779423,-19.67940666461406,CrossOver,34,,CrossDown,34,,ATR,34,15.082175655892573,SMA,34,1102.8826666666669,Broker,34,100000.0,100000.0,BuySell,34,,,Trades,34,,
35,spx-1950-2018,35,2010-02-23 23:59:59.999989,1107.49,1108.58,1092.18,1094.6,4521050000.0,0.0,MomentumStrategy,35,733826.9999999999,MACD,35,-8.968475534774825,-17.537220438646212,CrossOver,35,0.0,CrossDown,35,0.0,ATR,35,15.176305966185952,SMA,35,1101.2033333333334,Broker,35,100000.0,100000.0,BuySell,35,,,Trades,35,,
36,spx-1950-2018,36,2010-02-24 23:59:59.999989,1095.89,1106.42,1095.5,1105.24,4168360000.0,0.0,MomentumStrategy,36,733827.9999999999,MACD,36,-7.422667910229848,-15.51430993296294,CrossOver,36,0.0,CrossDown,36,0.0,ATR,36,14.936569825744112,SMA,36,1099.8120000000001,Broker,36,100000.0,100000.0,BuySell,36,,,Trades,36,,
37,spx-1950-2018,37,2010-02-25 23:59:59.999989,1101.24,1103.5,1086.02,1102.94,4521130000.0,0.0,MomentumStrategy,37,733828.9999999999,MACD,37,-6.310452045868487,-13.67353835554405,CrossOver,37,0.0,CrossDown,37,0.0,ATR,37,15.242529123905248,SMA,37,1098.7026666666668,Broker,37,100000.0,100000.0,BuySell,37,,,Trades,37,,
38,spx-1950-2018,38,2010-02-26 23:59:59.999989,1103.1,1107.24,1097.56,1104.49,3945190000.0,0.0,MomentumStrategy,38,733829.9999999999,MACD,38,-5.243497143068453,-11.987530113048932,CrossOver,38,0.0,CrossDown,38,0.0,ATR,38,14.845205615054878,SMA,38,1097.3296666666668,Broker,38,100000.0,100000.0,BuySell,38,,,Trades,38,,
39,spx-1950-2018,39,2010-03-01 23:59:59.999989,1105.36,1116.11,1105.36,1115.71,3847640000.0,0.0,MomentumStrategy,39,733832.9999999999,MACD,39,-3.4527661264237395,-10.280577315723894,CrossOver,39,0.0,CrossDown,39,0.0,ATR,39,14.614833785408095,SMA,39,1096.238,Broker,39,100000.0,100000.0,BuySell,39,,,Trades,39,,
40,spx-1950-2018,40,2010-03-02 23:59:59.999989,1117.01,1123.46,1116.51,1118.31,4134680000.0,0.0,MomentumStrategy,40,733833.9999999999,MACD,40,-1.8030165706318257,-8.585065166705482,CrossOver,40,0.0,CrossDown,40,0.0,ATR,40,14.124488515021802,SMA,40,1095.6473333333333,Broker,40,100000.0,100000.0,BuySell,40,,,Trades,40,,
41,spx-1950-2018,41,2010-03-03 23:59:59.999989,1119.36,1125.64,1116.58,1118.79,3951320000.0,0.0,MomentumStrategy,41,733834.9999999999,MACD,41,-0.4516399491919856,-6.958380123202783,CrossOver,41,0.0,CrossDown,41,0.0,ATR,41,13.7627393353774,SMA,41,1094.5993333333333,Broker,41,100000.0,100000.0,BuySell,41,,,Trades,41,,
42,spx-1950-2018,42,2010-03-04 23:59:59.999989,1119.12,1123.73,1116.66,1122.97,3945010000.0,0.0,MomentumStrategy,42,733835.9999999999,MACD,42,0.9457250955165364,-5.377559079458919,CrossOver,42,0.0,CrossDown,42,0.0,ATR,42,13.284686525707581,SMA,42,1094.0970000000002,Broker,42,100000.0,100000.0,BuySell,42,,,Trades,42,,
43,spx-1950-2018,43,2010-03-05 23:59:59.999989,1125.12,1139.38,1125.12,1138.7,4133000000.0,0.0,MomentumStrategy,43,733836.9999999999,MACD,43,3.28456408957004,-3.6451344456531274,CrossOver,43,0.0,CrossDown,43,0.0,ATR,43,13.50792320244276,SMA,43,1094.8376666666666,Broker,43,100000.0,100000.0,BuySell,43,,,Trades,43,,
44,spx-1950-2018,44,2010-03-08 23:59:59.999989,1138.4,1141.05,1136.77,1138.5,3774680000.0,0.0,MomentumStrategy,44,733839.9999999999,MACD,44,5.06360245710971,-1.9033870651005602,CrossOver,44,0.0,CrossDown,44,0.0,ATR,44,12.848785830839704,SMA,44,1096.3956666666668,Broker,44,100000.0,100000.0,BuySell,44,,,Trades,44,,
45,spx-1950-2018,45,2010-03-09 23:59:59.999989,1137.56,1145.37,1134.9,1140.45,5185570000.0,0.0,MomentumStrategy,45,733840.9999999999,MACD,45,6.555286620200604,-0.2116523280403273,CrossOver,45,0.0,CrossDown,45,0.0,ATR,45,12.678872557208283,SMA,45,1097.8513333333333,Broker,45,100000.0,100000.0,BuySell,45,,,Trades,45,,
46,spx-1950-2018,46,2010-03-10 23:59:59.999989,1140.22,1148.26,1140.09,1145.61,5469120000.0,0.0,MomentumStrategy,46,733841.9999999999,MACD,46,8.060904849172857,1.4428591074023096,CrossOver,46,0.0,CrossDown,46,0.0,ATR,46,12.35681023169341,SMA,46,1099.6326666666669,Broker,46,100000.0,100000.0,BuySell,46,,,Trades,46,,
47,spx-1950-2018,47,2010-03-11 23:59:59.999989,1143.96,1150.24,1138.99,1150.24,4669060000.0,0.0,MomentumStrategy,47,733842.9999999999,MACD,47,9.518002836553478,3.0578878532325433,CrossOver,47,0.0,CrossDown,47,0.0,ATR,47,12.277752358001024,SMA,47,1101.3906666666667,Broker,47,100000.0,100000.0,BuySell,47,,,Trades,47,,
48,spx-1950-2018,48,2010-03-12 23:59:59.999989,1151.71,1153.41,1146.97,1149.99,4928160000.0,0.0,MomentumStrategy,48,733843.9999999999,MACD,48,10.531193535081911,4.552548989602418,CrossOver,48,0.0,CrossDown,48,0.0,ATR,48,11.860770046715242,SMA,48,1103.5726666666667,Broker,48,100000.0,100000.0,BuySell,48,,,Trades,48,,
49,spx-1950-2018,49,2010-03-15 23:59:59.999989,1148.53,1150.98,1141.45,1150.51,4164110000.0,0.0,MomentumStrategy,49,733846.9999999999,MACD,49,11.246471791363774,5.891333549954689,CrossOver,49,0.0,CrossDown,49,0.0,ATR,49,11.694286471949866,SMA,49,1106.1273333333334,Broker,49,100000.0,100000.0,BuySell,49,,,Trades,49,,
50,spx-1950-2018,50,2010-03-16 23:59:59.999989,1150.83,1160.28,1150.35,1159.46,4369770000.0,0.0,MomentumStrategy,50,733847.9999999999,MACD,50,12.392670176868478,7.191600875337447,CrossOver,50,0.0,CrossDown,50,0.0,ATR,50,11.568266009667736,SMA,50,1108.4696666666666,Broker,50,100000.0,100000.0,BuySell,50,,,Trades,50,,
51,spx-1950-2018,51,2010-03-17 23:59:59.999989,1159.94,1169.84,1159.94,1166.21,4963200000.0,0.0,MomentumStrategy,51,733848.9999999999,MACD,51,13.687923382869258,8.490865376843809,CrossOver,51,0.0,CrossDown,51,0.0,ATR,51,11.483389866120032,SMA,51,1110.566,Broker,51,100000.0,100000.0,BuySell,51,,,Trades,51,,
52,spx-1950-2018,52,2010-03-18 23:59:59.999989,1166.13,1167.77,1161.16,1165.83,4234510000.0,0.0,MomentumStrategy,52,733849.9999999999,MACD,52,14.516421782068164,9.69597665788868,CrossOver,52,0.0,CrossDown,52,0.0,ATR,52,11.135290589968594,SMA,52,1112.8509999999999,Broker,52,100000.0,100000.0,BuySell,52,,,Trades,52,,
53,spx-1950-2018,53,2010-03-19 23:59:59.999989,1166.68,1169.2,1155.33,1159.9,5212410000.0,0.0,MomentumStrategy,53,733850.9999999999,MACD,53,14.527052473382582,10.662191820987461,CrossOver,53,0.0,CrossDown,53,0.0,ATR,53,11.330626976399417,SMA,53,1116.0773333333334,Broker,53,100000.0,100000.0,BuySell,53,,,Trades,53,,
54,spx-1950-2018,54,2010-03-22 23:59:59.999989,1157.25,1167.82,1152.88,1165.81,4261680000.0,0.0,MomentumStrategy,54,733853.9999999999,MACD,54,14.841283898504798,11.498010236490929,CrossOver,54,0.0,CrossDown,54,0.0,ATR,54,11.588439335228017,SMA,54,1119.3980000000001,Broker,54,100000.0,100000.0,BuySell,54,,,Trades,54,,
55,spx-1950-2018,55,2010-03-23 23:59:59.999989,1166.47,1174.72,1163.83,1174.17,4411640000.0,0.0,MomentumStrategy,55,733854.9999999999,MACD,55,15.585239756951296,12.315456140583002,CrossOver,55,0.0,CrossDown,55,0.0,ATR,55,11.538550811283166,SMA,55,1123.3123333333335,Broker,55,100000.0,100000.0,BuySell,55,,,Trades,55,,
56,spx-1950-2018,56,2010-03-24 23:59:59.999989,1172.7,1173.04,1166.01,1167.72,4705750000.0,0.0,MomentumStrategy,56,733855.9999999999,MACD,56,15.475971671609159,12.947559246788234,CrossOver,56,0.0,CrossDown,56,0.0,ATR,56,11.297225753334375,SMA,56,1126.5523333333333,Broker,56,100000.0,100000.0,BuySell,56,,,Trades,56,,
57,spx-1950-2018,57,2010-03-25 23:59:59.999989,1170.03,1180.69,1165.09,1165.73,5668900000.0,0.0,MomentumStrategy,57,733856.9999999999,MACD,57,15.055251984556207,13.36909779434183,CrossOver,57,0.0,CrossDown,57,0.0,ATR,57,11.60456677095336,SMA,57,1129.8056666666666,Broker,57,100000.0,100000.0,BuySell,57,,,Trades,57,,
58,spx-1950-2018,58,2010-03-26 23:59:59.999989,1167.58,1173.93,1161.48,1166.59,4708420000.0,0.0,MomentumStrategy,58,733857.9999999999,MACD,58,14.622662463537154,13.619810728180896,CrossOver,58,0.0,CrossDown,58,0.0,ATR,58,11.66495485874241,SMA,58,1132.743,Broker,58,100000.0,100000.0,BuySell,58,,,Trades,58,,
59,spx-1950-2018,59,2010-03-29 23:59:59.999989,1167.71,1174.85,1167.71,1173.22,4375580000.0,0.0,MomentumStrategy,59,733860.9999999999,MACD,59,14.645987910447502,13.825046164634218,CrossOver,59,0.0,CrossDown,59,0.0,ATR,59,11.421743797403668,SMA,59,1136.0,Broker,59,100000.0,100000.0,BuySell,59,,,Trades,59,,
60,spx-1950-2018,60,2010-03-30 23:59:59.999989,1173.75,1177.83,1168.92,1173.27,4085000000.0,0.0,MomentumStrategy,60,733861.9999999999,MACD,60,14.501345592095959,13.960306050126567,CrossOver,60,0.0,CrossDown,60,0.0,ATR,60,11.24233352616054,SMA,60,1138.6133333333335,Broker,60,100000.0,100000.0,BuySell,60,,,Trades,60,,
61,spx-1950-2018,61,2010-03-31 23:59:59.999989,1171.75,1174.56,1165.77,1169.43,4484340000.0,0.0,MomentumStrategy,61,733862.9999999999,MACD,61,13.916439552451948,13.951532750591644,CrossOver,61,-1.0,CrossDown,61,1.0,ATR,61,11.067166845720498,SMA,61,1140.944,Broker,61,100000.0,100000.0,BuySell,61,,,Trades,61,,
62,spx-1950-2018,62,2010-04-01 23:59:59.999989,1171.23,1181.43,1170.69,1178.1,4006870000.0,0.0,MomentumStrategy,62,733863.9999999999,MACD,62,13.99121186267439,13.959468573008193,CrossOver,62,1.0,CrossDown,62,0.0,ATR,62,11.133797785311891,SMA,62,1143.3223333333333,Broker,62,110015.39211410687,99941.25343115877,BuySell,62,,1171.23,Trades,62,,
63,spx-1950-2018,63,2010-04-05 23:59:59.999989,1178.71,1187.73,1178.71,1187.44,3881620000.0,0.0,MomentumStrategy,63,733867.9999999999,MACD,63,14.635421372248402,14.094659132856236,CrossOver,63,0.0,CrossDown,63,0.0,ATR,63,11.026383657789623,SMA,63,1145.9313333333334,Broker,63,110015.39211410687,99861.3854612931,BuySell,63,,,Trades,63,,
64,spx-1950-2018,64,2010-04-06 23:59:59.999989,1186.01,1191.8,1182.77,1189.44,4086180000.0,0.0,MomentumStrategy,64,733868.9999999999,MACD,64,15.1329026532851,14.30230783694201,CrossOver,64,0.0,CrossDown,64,0.0,ATR,64,10.883784825090363,SMA,64,1148.6456666666668,Broker,64,99873.61364083356,99873.61364083356,BuySell,64,1186.01,,Trades,64,,-126.38635916643128
65,spx-1950-2018,65,2010-04-07 23:59:59.999989,1188.23,1189.6,1177.25,1182.45,5101430000.0,0.0,MomentumStrategy,65,733869.9999999999,MACD,65,14.792605621011262,14.400367393755861,CrossOver,65,0.0,CrossDown,65,0.0,ATR,65,10.988514480441046,SMA,65,1151.574,Broker,65,99873.61364083356,99873.61364083356,BuySell,65,,,Trades,65,,
66,spx-1950-2018,66,2010-04-08 23:59:59.999989,1181.75,1188.55,1175.12,1186.44,4726970000.0,0.0,MomentumStrategy,66,733870.9999999999,MACD,66,14.675705033092981,14.455434921623286,CrossOver,66,0.0,CrossDown,66,0.0,ATR,66,11.16290630326669,SMA,66,1154.2806666666665,Broker,66,99873.61364083356,99873.61364083356,BuySell,66,,,Trades,66,,
67,spx-1950-2018,67,2010-04-09 23:59:59.999989,1187.47,1194.66,1187.15,1194.37,4511570000.0,0.0,MomentumStrategy,67,733871.9999999999,MACD,67,15.04946434417593,14.574240806133815,CrossOver,67,0.0,CrossDown,67,0.0,ATR,67,10.952698710176215,SMA,67,1157.3283333333334,Broker,67,99873.61364083356,99873.61364083356,BuySell,67,,,Trades,67,,
68,spx-1950-2018,68,2010-04-12 23:59:59.999989,1194.94,1199.2,1194.71,1196.48,4607090000.0,0.0,MomentumStrategy,68,733874.9999999999,MACD,68,15.339110934407017,14.727214831788457,CrossOver,68,0.0,CrossDown,68,0.0,ATR,68,10.515363088020782,SMA,68,1160.3946666666666,Broker,68,99873.61364083356,99873.61364083356,BuySell,68,,,Trades,68,,
69,spx-1950-2018,69,2010-04-13 23:59:59.999989,1195.94,1199.04,1188.82,1197.3,5403580000.0,0.0,MomentumStrategy,69,733875.9999999999,MACD,69,15.456650446019239,14.873101954634613,CrossOver,69,0.0,CrossDown,69,0.0,ATR,69,10.49426572459073,SMA,69,1163.1143333333334,Broker,69,99873.61364083356,99873.61364083356,BuySell,69,,,Trades,69,,
70,spx-1950-2018,70,2010-04-14 23:59:59.999989,1198.69,1210.65,1198.69,1210.65,5760040000.0,0.0,MomentumStrategy,70,733876.9999999999,MACD,70,16.437552907299278,15.185992145167546,CrossOver,70,0.0,CrossDown,70,0.0,ATR,70,10.69824674426283,SMA,70,1166.1923333333332,Broker,70,99873.61364083356,99873.61364083356,BuySell,70,,,Trades,70,,
71,spx-1950-2018,71,2010-04-15 23:59:59.999989,1210.77,1213.92,1208.5,1211.67,5995330000.0,0.0,MomentumStrategy,71,733877.9999999999,MACD,71,17.100111212777392,15.568815958689516,CrossOver,71,0.0,CrossDown,71,0.0,ATR,71,10.321229119672633,SMA,71,1169.2883333333334,Broker,71,99873.61364083356,99873.61364083356,BuySell,71,,,Trades,71,,
72,spx-1950-2018,72,2010-04-16 23:59:59.999989,1210.17,1210.17,1186.77,1192.13,8108470000.0,0.0,MomentumStrategy,72,733878.9999999999,MACD,72,15.865590099259862,15.628170786803587,CrossOver,72,0.0,CrossDown,72,0.0,ATR,72,11.362569896838881,SMA,72,1171.5936666666666,Broker,72,99873.61364083356,99873.61364083356,BuySell,72,,,Trades,72,,
73,spx-1950-2018,73,2010-04-19 23:59:59.999989,1192.06,1197.87,1183.68,1197.52,6597740000.0,0.0,MomentumStrategy,73,733881.9999999999,MACD,73,15.147539767025364,15.532044582847943,CrossOver,73,-1.0,CrossDown,73,1.0,ATR,73,11.564529189921805,SMA,73,1173.5543333333333,Broker,73,99873.61364083356,99873.61364083356,BuySell,73,,,Trades,73,,
74,spx-1950-2018,74,2010-04-20 23:59:59.999989,1199.04,1208.58,1199.04,1207.17,5316590000.0,0.0,MomentumStrategy,74,733882.9999999999,MACD,74,15.182143754396748,15.462064417157706,CrossOver,74,0.0,CrossDown,74,0.0,ATR,74,11.528491390641673,SMA,74,1175.8433333333335,Broker,74,109886.30653949079,99805.72333419985,BuySell,74,,1199.04,Trades,74,,
75,spx-1950-2018,75,2010-04-21 23:59:59.999989,1207.16,1210.99,1198.85,1205.94,5724310000.0,0.0,MomentumStrategy,75,733883.9999999999,MACD,75,14.938119599153424,15.35727545355685,CrossOver,75,0.0,CrossDown,75,0.0,ATR,75,11.572170577024417,SMA,75,1178.0263333333335,Broker,75,109886.30653949079,99815.99456140274,BuySell,75,,,Trades,75,,
76,spx-1950-2018,76,2010-04-22 23:59:59.999989,1202.52,1210.27,1190.19,1208.67,6035780000.0,0.0,MomentumStrategy,76,733884.9999999999,MACD,76,14.794475379527967,15.244715438751074,CrossOver,76,0.0,CrossDown,76,0.0,ATR,76,12.179872678665525,SMA,76,1180.1283333333333,Broker,76,109886.30653949079,99793.19744736707,BuySell,76,,,Trades,76,,
77,spx-1950-2018,77,2010-04-23 23:59:59.999989,1207.87,1217.28,1205.1,1217.28,5326060000.0,0.0,MomentumStrategy,77,733885.9999999999,MACD,77,15.200173208829483,15.235806992766758,CrossOver,77,0.0,CrossDown,77,0.0,ATR,77,12.179881773046564,SMA,77,1182.363,Broker,77,109886.30653949079,99721.29885694687,BuySell,77,,,Trades,77,,
78,spx-1950-2018,78,2010-04-26 23:59:59.999989,1217.07,1219.8,1211.07,1212.05,5647760000.0,0.0,MomentumStrategy,78,733888.9999999999,MACD,78,14.927598309178848,15.174165256049177,CrossOver,78,0.0,CrossDown,78,0.0,ATR,78,11.933461646400382,SMA,78,1184.4316666666666,Broker,78,99723.05248110346,99723.05248110346,BuySell,78,1217.07,,Trades,78,,-150.56115973010867
79,spx-1950-2018,79,2010-04-27 23:59:59.999989,1209.92,1211.38,1181.62,1183.71,7454540000.0,0.0,MomentumStrategy,79,733889.9999999999,MACD,79,12.283186654932024,14.595969535825747,CrossOver,79,0.0,CrossDown,79,0.0,ATR,79,13.254642957371788,SMA,79,1185.5383333333334,Broker,79,99723.05248110346,99723.05248110346,BuySell,79,,,Trades,79,,
80,spx-1950-2018,80,2010-04-28 23:59:59.999989,1184.59,1195.05,1181.81,1191.36,6342310000.0,0.0,MomentumStrategy,80,733890.9999999999,MACD,80,10.681631237446027,13.813101876149805,CrossOver,80,0.0,CrossDown,80,0.0,ATR,80,13.253597031845233,SMA,80,1186.6016666666667,Broker,80,99723.05248110346,99723.05248110346,BuySell,80,,,Trades,80,,
81,spx-1950-2018,81,2010-04-29 23:59:59.999989,1193.3,1209.36,1193.3,1206.78,6059410000.0,0.0,MomentumStrategy,81,733891.9999999999,MACD,81,10.535208830726788,13.157523267065201,CrossOver,81,0.0,CrossDown,81,0.0,ATR,81,13.592625815284858,SMA,81,1187.9540000000002,Broker,81,99723.05248110346,99723.05248110346,BuySell,81,,,Trades,81,,
82,spx-1950-2018,82,2010-04-30 23:59:59.999989,1206.77,1207.99,1186.32,1186.69,6048260000.0,0.0,MomentumStrategy,82,733892.9999999999,MACD,82,8.697809978388705,12.265580609329904,CrossOver,82,0.0,CrossDown,82,0.0,ATR,82,14.16958111419309,SMA,82,1188.6493333333335,Broker,82,99723.05248110346,99723.05248110346,BuySell,82,,,Trades,82,,
83,spx-1950-2018,83,2010-05-03 23:59:59.999989,1188.58,1205.13,1188.58,1202.26,4938050000.0,0.0,MomentumStrategy,83,733895.9999999999,MACD,83,8.40118341341281,11.492701170146486,CrossOver,83,0.0,CrossDown,83,0.0,ATR,83,14.474611034607873,SMA,83,1190.0613333333336,Broker,83,99723.05248110346,99723.05248110346,BuySell,83,,,Trades,83,,
84,spx-1950-2018,84,2010-05-04 23:59:59.999989,1197.5,1197.5,1168.12,1173.6,6594720000.0,0.0,MomentumStrategy,84,733896.9999999999,MACD,84,5.786775894831408,10.35151611508347,CrossOver,84,0.0,CrossDown,84,0.0,ATR,84,15.879281674993033,SMA,84,1190.321,Broker,84,99723.05248110346,99723.05248110346,BuySell,84,,,Trades,84,,
85,spx-1950-2018,85,2010-05-05 23:59:59.999989,1169.24,1175.95,1158.15,1165.87,6795940000.0,0.0,MomentumStrategy,85,733897.9999999999,MACD,85,3.055866575203936,8.892386207107563,CrossOver,85,0.0,CrossDown,85,0.0,ATR,85,16.016475841064956,SMA,85,1190.0443333333335,Broker,85,99723.05248110346,99723.05248110346,BuySell,85,,,Trades,85,,
86,spx-1950-2018,86,2010-05-06 23:59:59.999989,1164.38,1167.58,1065.79,1128.15,10617810000.0,0.0,MomentumStrategy,86,733898.9999999999,MACD,86,-2.127562282910958,6.688396509103859,CrossOver,86,0.0,CrossDown,86,0.0,ATR,86,22.143156138131744,SMA,86,1188.7253333333333,Broker,86,99723.05248110346,99723.05248110346,BuySell,86,,,Trades,86,,
87,spx-1950-2018,87,2010-05-07 23:59:59.999989,1127.04,1135.13,1094.15,1110.88,9472910000.0,0.0,MomentumStrategy,87,733899.9999999999,MACD,87,-7.542071362255683,3.8423029348319506,CrossOver,87,0.0,CrossDown,87,0.0,ATR,87,23.488644985408047,SMA,87,1186.8970000000002,Broker,87,99723.05248110346,99723.05248110346,BuySell,87,,,Trades,87,,
88,spx-1950-2018,88,2010-05-10 23:59:59.999989,1122.27,1163.85,1122.27,1159.73,6893700000.0,0.0,MomentumStrategy,88,733902.9999999999,MACD,88,-7.801392477271975,1.5135638524111656,CrossOver,88,0.0,CrossDown,88,0.0,ATR,88,25.594456057878887,SMA,88,1186.6683333333335,Broker,88,99723.05248110346,99723.05248110346,BuySell,88,,,Trades,88,,
89,spx-1950-2018,89,2010-05-11 23:59:59.999989,1156.39,1170.48,1147.71,1155.79,5842550000.0,0.0,MomentumStrategy,89,733903.9999999999,MACD,89,-8.229961527757496,-0.4351412236225667,CrossOver,89,0.0,CrossDown,89,0.0,ATR,89,25.39270919660182,SMA,89,1186.0873333333334,Broker,89,99723.05248110346,99723.05248110346,BuySell,89,,,Trades,89,,
90,spx-1950-2018,90,2010-05-12 23:59:59.999989,1155.43,1172.87,1155.43,1171.67,5225460000.0,0.0,MomentumStrategy,90,733904.9999999999,MACD,90,-7.205165638220251,-1.7891461065421037,CrossOver,90,0.0,CrossDown,90,0.0,ATR,90,24.82465853970168,SMA,90,1186.034,Broker,90,99723.05248110346,99723.05248110346,BuySell,90,,,Trades,90,,
91,spx-1950-2018,91,2010-05-13 23:59:59.999989,1170.04,1173.57,1156.14,1157.44,4870640000.0,0.0,MomentumStrategy,91,733905.9999999999,MACD,91,-7.455309421195807,-2.9223787694728447,CrossOver,91,0.0,CrossDown,91,0.0,ATR,91,24.29646864400869,SMA,91,1185.6343333333332,Broker,91,99723.05248110346,99723.05248110346,BuySell,91,,,Trades,91,,
92,spx-1950-2018,92,2010-05-14 23:59:59.999989,1157.19,1157.19,1126.14,1135.68,6126400000.0,0.0,MomentumStrategy,92,733906.9999999999,MACD,92,-9.302170682259884,-4.198337152030253,CrossOver,92,0.0,CrossDown,92,0.0,ATR,92,24.79672088372235,SMA,92,1184.2203333333334,Broker,92,99723.05248110346,99723.05248110346,BuySell,92,,,Trades,92,,
93,spx-1950-2018,93,2010-05-17 23:59:59.999989,1136.52,1141.88,1114.96,1136.94,5922920000.0,0.0,MomentumStrategy,93,733909.9999999999,MACD,93,-10.542621292127706,-5.4671939800497436,CrossOver,93,0.0,CrossDown,93,0.0,ATR,93,24.94838367774219,SMA,93,1182.537,Broker,93,99723.05248110346,99723.05248110346,BuySell,93,,,Trades,93,,
94,spx-1950-2018,94,2010-05-18 23:59:59.999989,1138.78,1148.66,1117.2,1120.8,6170840000.0,0.0,MomentumStrategy,94,733910.9999999999,MACD,94,-12.68186184068918,-6.910127552177631,CrossOver,94,0.0,CrossDown,94,0.0,ATR,94,25.413499129332035,SMA,94,1180.249,Broker,94,99723.05248110346,99723.05248110346,BuySell,94,,,Trades,94,,
95,spx-1950-2018,95,2010-05-19 23:59:59.999989,1119.57,1124.27,1100.66,1115.05,6765800000.0,0.0,MomentumStrategy,95,733911.9999999999,MACD,95,-14.672071822147018,-8.46251640617151,CrossOver,95,0.0,CrossDown,95,0.0,ATR,95,25.28467776295117,SMA,95,1178.0023333333334,Broker,95,99723.05248110346,99723.05248110346,BuySell,95,,,Trades,95,,
96,spx-1950-2018,96,2010-05-20 23:59:59.999989,1107.34,1107.34,1071.58,1071.59,8328570000.0,0.0,MomentumStrategy,96,733912.9999999999,MACD,96,-19.53104463585737,-10.676222052108681,CrossOver,96,0.0,CrossDown,96,0.0,ATR,96,26.583629351311803,SMA,96,1174.174,Broker,96,99723.05248110346,99723.05248110346,BuySell,96,,,Trades,96,,
97,spx-1950-2018,97,2010-05-21 23:59:59.999989,1067.26,1090.16,1055.9,1087.69,5452130000.0,0.0,MomentumStrategy,97,733913.9999999999,MACD,97,-21.8310256763898,-12.907182776964905,CrossOver,97,0.0,CrossDown,97,0.0,ATR,97,27.131941540503817,SMA,97,1170.618,Broker,97,99723.05248110346,99723.05248110346,BuySell,97,,,Trades,97,,
98,spx-1950-2018,98,2010-05-24 23:59:59.999989,1084.78,1089.95,1072.7,1073.65,5224040000.0,0.0,MomentumStrategy,98,733916.9999999999,MACD,98,-24.504218506705683,-15.226589922913064,CrossOver,98,0.0,CrossDown,98,0.0,ATR,98,26.426088573324975,SMA,98,1166.5236666666667,Broker,98,99723.05248110346,99723.05248110346,BuySell,98,,,Trades,98,,
99,spx-1950-2018,99,2010-05-25 23:59:59.999989,1067.42,1074.75,1040.78,1074.03,7329580000.0,0.0,MomentumStrategy,99,733917.9999999999,MACD,99,-26.28903661015306,-17.439079260361066,CrossOver,99,0.0,CrossDown,99,0.0,ATR,99,26.96493938951605,SMA,99,1162.4146666666668,Broker,99,99723.05248110346,99723.05248110346,BuySell,99,,,Trades,99,,
100,spx-1950-2018,100,2010-05-26 23:59:59.999989,1075.51,1090.75,1065.59,1067.95,4521050000.0,0.0,MomentumStrategy,100,733918.9999999999,MACD,100,-27.872822456328095,-19.52582789955447,CrossOver,100,0.0,CrossDown,100,0.0,ATR,100,26.836015147407768,SMA,100,1157.658,Broker,100,99723.05248110346,99723.05248110346,BuySell,100,,,Trades,100,,
101,spx-1950-2018,101,2010-05-27 23:59:59.999989,1074.27,1103.52,1074.27,1103.06,5698460000.0,0.0,MomentumStrategy,101,733919.9999999999,MACD,101,-25.995243589868778,-20.819711037617335,CrossOver,101,0.0,CrossDown,101,0.0,ATR,101,27.45987120830721,SMA,101,1154.0376666666666,Broker,101,99723.05248110346,99723.05248110346,BuySell,101,,,Trades,101,,
102,spx-1950-2018,102,2010-05-28 23:59:59.999989,1102.59,1102.59,1084.78,1089.41,4871210000.0,0.0,MomentumStrategy,102,733920.9999999999,MACD,102,-25.316852813128662,-21.7191393927196,CrossOver,102,0.0,CrossDown,102,0.0,ATR,102,26.80416612199955,SMA,102,1150.6136666666669,Broker,102,99723.05248110346,99723.05248110346,BuySell,102,,,Trades,102,,
103,spx-1950-2018,103,2010-06-01 23:59:59.999989,1087.3,1094.77,1069.89,1070.71,5271480000.0,0.0,MomentumStrategy,103,733924.9999999999,MACD,103,-25.98857681638765,-22.573026877453213,CrossOver,103,0.0,CrossDown,103,0.0,ATR,103,26.66672568471386,SMA,103,1146.3866666666665,Broker,103,99723.05248110346,99723.05248110346,BuySell,103,,,Trades,103,,
104,spx-1950-2018,104,2010-06-02 23:59:59.999989,1073.01,1098.56,1072.03,1098.38,5026360000.0,0.0,MomentumStrategy,104,733925.9999999999,MACD,104,-24.01139674126148,-22.860700850214865,CrossOver,104,0.0,CrossDown,104,0.0,ATR,104,26.751245278662864,SMA,104,1142.7603333333332,Broker,104,99723.05248110346,99723.05248110346,BuySell,104,,,Trades,104,,
105,spx-1950-2018,105,2010-06-03 23:59:59.999989,1098.82,1105.67,1091.81,1102.83,4995970000.0,0.0,MomentumStrategy,105,733926.9999999999,MACD,105,-21.83370412694603,-22.655301505561102,CrossOver,105,1.0,CrossDown,105,0.0,ATR,105,25.83044204447267,SMA,105,1139.3233333333333,Broker,105,99723.05248110346,99723.05248110346,BuySell,105,,,Trades,105,,
106,spx-1950-2018,106,2010-06-04 23:59:59.999989,1098.43,1098.43,1060.5,1064.88,6180580000.0,0.0,MomentumStrategy,106,733927.9999999999,MACD,106,-22.90606798607837,-22.70545480166456,CrossOver,106,-1.0,CrossDown,106,1.0,ATR,106,27.0089818984389,SMA,106,1134.5303333333334,Broker,106,89762.94983609018,99418.83514932975,BuySell,106,1098.43,,Trades,106,,
107,spx-1950-2018,107,2010-06-07 23:59:59.999989,1065.84,1071.36,1049.86,1050.47,5467560000.0,0.0,MomentumStrategy,107,733930.9999999999,MACD,107,-24.63471695849171,-23.091307233029987,CrossOver,107,0.0,CrossDown,107,0.0,ATR,107,26.61548319140755,SMA,107,1128.97,Broker,107,99427.5400267814,99427.5400267814,BuySell,107,,1065.84,Trades,107,,-295.51245432206366
108,spx-1950-2018,108,2010-06-08 23:59:59.999989,1050.81,1063.15,1042.17,1062.0,6192750000.0,0.0,MomentumStrategy,108,733931.9999999999,MACD,108,-24.788561971539366,-23.430758180731864,CrossOver,108,0.0,CrossDown,108,0.0,ATR,108,26.212948677735586,SMA,108,1123.9683333333335,Broker,108,99427.5400267814,99427.5400267814,BuySell,108,,,Trades,108,,
109,spx-1950-2018,109,2010-06-09 23:59:59.999989,1062.75,1077.74,1052.25,1055.69,5983200000.0,0.0,MomentumStrategy,109,733932.9999999999,MACD,109,-25.12996690231398,-23.770599925048288,CrossOver,109,0.0,CrossDown,109,0.0,ATR,109,26.16130948646876,SMA,109,1119.701,Broker,109,99427.5400267814,99427.5400267814,BuySell,109,,,Trades,109,,
110,spx-1950-2018,110,2010-06-10 23:59:59.999989,1058.77,1087.85,1058.77,1086.84,5144780000.0,0.0,MomentumStrategy,110,733933.9999999999,MACD,110,-22.62616772383467,-23.541713484805566,CrossOver,110,1.0,CrossDown,110,0.0,ATR,110,26.589787380292407,SMA,110,1116.217,Broker,110,99427.5400267814,99427.5400267814,BuySell,110,,,Trades,110,,
111,spx-1950-2018,111,2010-06-11 23:59:59.999989,1082.65,1092.25,1077.12,1091.6,4059280000.0,0.0,MomentumStrategy,111,733934.9999999999,MACD,111,-20.02693853586584,-22.838758495017622,CrossOver,111,0.0,CrossDown,111,0.0,ATR,111,25.771231138842957,SMA,111,1112.3776666666668,Broker,111,89466.09215957003,99509.88885457574,BuySell,111,1082.65,,Trades,111,,
112,spx-1950-2018,112,2010-06-14 23:59:59.999989,1095.0,1105.91,1089.03,1089.63,4425830000.0,0.0,MomentumStrategy,112,733937.9999999999,MACD,112,-17.919429188757704,-21.85489263376564,CrossOver,112,0.0,CrossDown,112,0.0,ATR,112,25.136143200354184,SMA,112,1109.1423333333335,Broker,112,89466.09215957003,99491.76291147464,BuySell,112,,,Trades,112,,
113,spx-1950-2018,113,2010-06-15 23:59:59.999989,1091.21,1115.59,1091.21,1115.23,4644490000.0,0.0,MomentumStrategy,113,733938.9999999999,MACD,113,-14.0218713904394,-20.288288385100394,CrossOver,113,0.0,CrossDown,113,0.0,ATR,113,25.194990114614587,SMA,113,1106.2413333333332,Broker,113,89466.09215957003,99727.3081619255,BuySell,113,,,Trades,113,,
114,spx-1950-2018,114,2010-06-16 23:59:59.999989,1114.02,1118.74,1107.13,1114.61,5002600000.0,0.0,MomentumStrategy,114,733939.9999999999,MACD,114,-10.857894524059475,-18.40220961289221,CrossOver,114,0.0,CrossDown,114,0.0,ATR,114,24.224633677856396,SMA,114,1104.275,Broker,114,89466.09215957003,99721.60355039113,BuySell,114,,,Trades,114,,
115,spx-1950-2018,115,2010-06-17 23:59:59.999989,1115.98,1117.72,1105.87,1116.04,4557760000.0,0.0,MomentumStrategy,115,733940.9999999999,MACD,115,-8.141184505966294,-16.350004591507027,CrossOver,115,0.0,CrossDown,115,0.0,ATR,115,23.340731272295237,SMA,115,1102.614,Broker,115,89466.09215957003,99734.76096086553,BuySell,115,,,Trades,115,,
116,spx-1950-2018,116,2010-06-18 23:59:59.999989,1116.16,1121.01,1113.93,1117.51,4555360000.0,0.0,MomentumStrategy,116,733941.9999999999,MACD,116,-5.80266600739219,-14.24053687468406,CrossOver,116,0.0,CrossDown,116,0.0,ATR,116,22.179250467131286,SMA,116,1102.2593333333332,Broker,116,89466.09215957003,99748.28641079376,BuySell,116,,,Trades,116,,
117,spx-1950-2018,117,2010-06-21 23:59:59.999989,1122.79,1131.23,1108.24,1113.2,4514360000.0,0.0,MomentumStrategy,117,733944.9999999999,MACD,117,-4.248183810419505,-12.24206626183115,CrossOver,117,0.0,CrossDown,117,0.0,ATR,117,22.237161148050482,SMA,117,1102.3366666666666,Broker,117,89466.09215957003,99708.63015964364,BuySell,117,,,Trades,117,,
118,spx-1950-2018,118,2010-06-22 23:59:59.999989,1113.9,1118.5,1094.18,1095.31,4514380000.0,0.0,MomentumStrategy,118,733945.9999999999,MACD,118,-4.408994809253727,-10.675451971315665,CrossOver,118,0.0,CrossDown,118,0.0,ATR,118,22.38593535176116,SMA,118,1100.1893333333333,Broker,118,89466.09215957003,99544.02451391843,BuySell,118,,,Trades,118,,
119,spx-1950-2018,119,2010-06-23 23:59:59.999989,1095.57,1099.64,1085.31,1092.04,4526150000.0,0.0,MomentumStrategy,119,733946.9999999999,MACD,119,-4.745596078320432,-9.48948079271662,CrossOver,119,0.0,CrossDown,119,0.0,ATR,119,21.810511398063944,SMA,119,1098.0643333333333,Broker,119,99546.4167703683,99546.4167703683,BuySell,119,,1095.57,Trades,119,118.87674358691109,
120,spx-1950-2018,120,2010-06-24 23:59:59.999989,1090.93,1090.93,1071.6,1073.69,4814830000.0,0.0,MomentumStrategy,120,733947.9999999999,MACD,120,-6.419051818149683,-8.875394997803234,CrossOver,120,0.0,CrossDown,120,0.0,ATR,120,21.71261772677367,SMA,120,1094.7983333333332,Broker,120,99546.4167703683,99546.4167703683,BuySell,120,,,Trades,120,,
121,spx-1950-2018,121,2010-06-25 23:59:59.999989,1075.1,1083.56,1067.89,1076.76,5128840000.0,0.0,MomentumStrategy,121,733948.9999999999,MACD,121,-7.412111992452992,-8.582738396733186,CrossOver,121,0.0,CrossDown,121,0.0,ATR,121,21.281002174861253,SMA,121,1092.109,Broker,121,99546.4167703683,99546.4167703683,BuySell,121,,,Trades,121,,
122,spx-1950-2018,122,2010-06-28 23:59:59.999989,1077.5,1082.6,1071.45,1074.57,3896410000.0,0.0,MomentumStrategy,122,733951.9999999999,MACD,122,-8.28038293252007,-8.522267303890562,CrossOver,122,0.0,CrossDown,122,0.0,ATR,122,20.557359162371153,SMA,122,1090.072,Broker,122,99546.4167703683,99546.4167703683,BuySell,122,,,Trades,122,,
123,spx-1950-2018,123,2010-06-29 23:59:59.999989,1071.1,1071.1,1035.18,1041.24,6136700000.0,0.0,MomentumStrategy,123,733952.9999999999,MACD,123,-11.52509226809957,-9.122832296732364,CrossOver,123,-1.0,CrossDown,123,1.0,ATR,123,21.902547793630347,SMA,123,1086.882,Broker,123,99546.4167703683,99546.4167703683,BuySell,123,,,Trades,123,,
124,spx-1950-2018,124,2010-06-30 23:59:59.999989,1040.56,1048.08,1028.33,1030.71,5067080000.0,0.0,MomentumStrategy,124,733953.9999999999,MACD,124,-14.775903374116524,-10.253446512209196,CrossOver,124,0.0,CrossDown,124,0.0,ATR,124,21.74879437979961,SMA,124,1083.879,Broker,124,99546.4167703683,99546.4167703683,BuySell,124,,,Trades,124,,
125,spx-1950-2018,125,2010-07-01 23:59:59.999989,1031.1,1033.58,1010.91,1027.37,6435770000.0,0.0,MomentumStrategy,125,733954.9999999999,MACD,125,-17.42088753553594,-11.686934716874546,CrossOver,125,0.0,CrossDown,125,0.0,ATR,125,21.814594781242494,SMA,125,1080.9563333333333,Broker,125,99546.4167703683,99546.4167703683,BuySell,125,,,Trades,125,,
126,spx-1950-2018,126,2010-07-02 23:59:59.999989,1027.65,1032.95,1015.93,1022.58,3968500000.0,0.0,MomentumStrategy,126,733955.9999999999,MACD,126,-19.676748202909494,-13.284897414081536,CrossOver,126,0.0,CrossDown,126,0.0,ATR,126,21.472123725439467,SMA,126,1079.3226666666667,Broker,126,99546.4167703683,99546.4167703683,BuySell,126,,,Trades,126,,
127,spx-1950-2018,127,2010-07-06 23:59:59.999989,1028.09,1042.5,1018.35,1028.06,4691240000.0,0.0,MomentumStrategy,127,733959.9999999999,MACD,127,-20.78277296278452,-14.784472523822135,CrossOver,127,0.0,CrossDown,127,0.0,ATR,127,21.66340060219379,SMA,127,1077.335,Broker,127,99546.4167703683,99546.4167703683,BuySell,127,,,Trades,127,,
128,spx-1950-2018,128,2010-07-07 23:59:59.999989,1028.54,1060.89,1028.54,1060.27,4931220000.0,0.0,MomentumStrategy,128,733960.9999999999,MACD,128,-18.843017171087922,-15.596181453275294,CrossOver,128,0.0,CrossDown,128,0.0,ATR,128,22.461014844894244,SMA,128,1076.889,Broker,128,99546.4167703683,99546.4167703683,BuySell,128,,,Trades,128,,
129,spx-1950-2018,129,2010-07-08 23:59:59.999989,1062.92,1071.25,1058.24,1070.25,4548460000.0,0.0,MomentumStrategy,129,733961.9999999999,MACD,129,-16.312404887894445,-15.739426140199125,CrossOver,129,0.0,CrossDown,129,0.0,ATR,129,21.785942355973226,SMA,129,1076.763,Broker,129,99546.4167703683,99546.4167703683,BuySell,129,,,Trades,129,,
130,spx-1950-2018,130,2010-07-09 23:59:59.999989,1070.5,1078.16,1068.1,1077.96,3506570000.0,0.0,MomentumStrategy,130,733962.9999999999,MACD,130,-13.528792359604495,-15.297299384080201,CrossOver,130,1.0,CrossDown,130,0.0,ATR,130,20.948375044832293,SMA,130,1077.0966666666668,Broker,130,99546.4167703683,99546.4167703683,BuySell,130,,,Trades,130,,
131,spx-1950-2018,131,2010-07-12 23:59:59.999989,1077.23,1080.78,1070.45,1078.75,3426990000.0,0.0,MomentumStrategy,131,733965.9999999999,MACD,131,-11.130705138185249,-14.463980534901212,CrossOver,131,0.0,CrossDown,131,0.0,ATR,131,20.189919684487126,SMA,131,1076.2863333333332,Broker,131,89553.18882127928,99560.51747911445,BuySell,131,1077.23,,Trades,131,,
132,spx-1950-2018,132,2010-07-13 23:59:59.999989,1080.65,1099.46,1080.65,1095.34,4640460000.0,0.0,MomentumStrategy,132,733966.9999999999,MACD,132,-7.8015974275215285,-13.131503913425277,CrossOver,132,0.0,CrossDown,132,0.0,ATR,132,20.227068278452332,SMA,132,1076.484,Broker,132,89553.18882127928,99714.41929365303,BuySell,132,,,Trades,132,,
133,spx-1950-2018,133,2010-07-14 23:59:59.999989,1095.61,1099.08,1087.68,1095.17,4521050000.0,0.0,MomentumStrategy,133,733967.9999999999,MACD,133,-5.117976316003933,-11.528798393941008,CrossOver,133,0.0,CrossDown,133,0.0,ATR,133,19.596563401420017,SMA,133,1077.2993333333334,Broker,133,89553.18882127928,99712.84224070115,BuySell,133,,,Trades,133,,
134,spx-1950-2018,134,2010-07-15 23:59:59.999989,1094.46,1098.66,1080.53,1096.48,4552470000.0,0.0,MomentumStrategy,134,733968.9999999999,MACD,134,-2.8525982221824506,-9.793558359589298,CrossOver,134,0.0,CrossDown,134,0.0,ATR,134,19.491808872747168,SMA,134,1077.2359999999999,Broker,134,89553.18882127928,99724.99482521263,BuySell,134,,,Trades,134,,
135,spx-1950-2018,135,2010-07-16 23:59:59.999989,1093.85,1093.85,1063.32,1064.88,5297350000.0,0.0,MomentumStrategy,135,733969.9999999999,MACD,135,-3.566018824206367,-8.548050452512712,CrossOver,135,0.0,CrossDown,135,0.0,ATR,135,20.46810823897952,SMA,135,1075.971,Broker,135,89553.18882127928,99431.84851180583,BuySell,135,,,Trades,135,,
136,spx-1950-2018,136,2010-07-19 23:59:59.999989,1066.85,1074.7,1061.11,1071.25,4089500000.0,0.0,MomentumStrategy,136,733972.9999999999,MACD,136,-3.5761800500176832,-7.553676372013706,CrossOver,136,0.0,CrossDown,136,0.0,ATR,136,19.97681479333814,SMA,136,1076.1833333333334,Broker,136,99450.1237724834,99450.1237724834,BuySell,136,,1066.85,Trades,136,,-96.2929978848947
137,spx-1950-2018,137,2010-07-20 23:59:59.999989,1064.53,1083.94,1056.88,1083.48,4713280000.0,0.0,MomentumStrategy,137,733973.9999999999,MACD,137,-2.5677744001543488,-6.556495977641835,CrossOver,137,0.0,CrossDown,137,0.0,ATR,137,20.48275659381398,SMA,137,1077.2836666666667,Broker,137,99450.1237724834,99450.1237724834,BuySell,137,,,Trades,137,,
138,spx-1950-2018,138,2010-07-21 23:59:59.999989,1086.67,1088.96,1065.25,1069.59,4747180000.0,0.0,MomentumStrategy,138,733974.9999999999,MACD,138,-2.8564847952739,-5.816493741168248,CrossOver,138,0.0,CrossDown,138,0.0,ATR,138,20.71327397997013,SMA,138,1077.5366666666666,Broker,138,99450.1237724834,99450.1237724834,BuySell,138,,,Trades,138,,
139,spx-1950-2018,139,2010-07-22 23:59:59.999989,1072.14,1097.5,1072.14,1093.67,4826900000.0,0.0,MomentumStrategy,139,733975.9999999999,MACD,139,-1.1292181840967714,-4.8790386297539525,CrossOver,139,0.0,CrossDown,139,0.0,ATR,139,21.2273258385437,SMA,139,1078.8026666666667,Broker,139,99450.1237724834,99450.1237724834,BuySell,139,,,Trades,139,,
140,spx-1950-2018,140,2010-07-23 23:59:59.999989,1092.17,1103.73,1087.88,1102.66,4524570000.0,0.0,MomentumStrategy,140,733976.9999999999,MACD,140,0.9540729578122864,-3.712416312240705,CrossOver,140,0.0,CrossDown,140,0.0,ATR,140,20.84323113579057,SMA,140,1079.3300000000002,Broker,140,99450.1237724834,99450.1237724834,BuySell,140,,,Trades,140,,
141,spx-1950-2018,141,2010-07-26 23:59:59.999989,1102.89,1115.01,1101.3,1115.01,4009650000.0,0.0,MomentumStrategy,141,733979.9999999999,MACD,141,3.5605936763131467,-2.2578143145299348,CrossOver,141,0.0,CrossDown,141,0.0,ATR,141,20.333714626091247,SMA,141,1080.1103333333333,Broker,141,99450.1237724834,99450.1237724834,BuySell,141,,,Trades,141,,
142,spx-1950-2018,142,2010-07-27 23:59:59.999989,1117.36,1120.95,1109.78,1113.84,4725690000.0,0.0,MomentumStrategy,142,733980.9999999999,MACD,142,5.468829638941088,-0.7124855238357302,CrossOver,142,0.0,CrossDown,142,0.0,ATR,142,19.67916358137045,SMA,142,1080.9173333333333,Broker,142,99450.1237724834,99450.1237724834,BuySell,142,,,Trades,142,,
143,spx-1950-2018,143,2010-07-28 23:59:59.999989,1112.84,1114.66,1103.11,1106.13,4002390000.0,0.0,MomentumStrategy,143,733981.9999999999,MACD,143,6.286520724886714,0.6873157259087587,CrossOver,143,0.0,CrossDown,143,0.0,ATR,143,19.098509039844004,SMA,143,1080.614,Broker,143,99450.1237724834,99450.1237724834,BuySell,143,,,Trades,143,,
144,spx-1950-2018,144,2010-07-29 23:59:59.999989,1108.07,1115.9,1092.82,1101.53,4612420000.0,0.0,MomentumStrategy,144,733982.9999999999,MACD,144,6.48856906031574,1.847566392790155,CrossOver,144,0.0,CrossDown,144,0.0,ATR,144,19.38290125128373,SMA,144,1080.178,Broker,144,99450.1237724834,99450.1237724834,BuySell,144,,,Trades,144,,
145,spx-1950-2018,145,2010-07-30 23:59:59.999989,1098.44,1106.44,1088.01,1101.6,4006450000.0,0.0,MomentumStrategy,145,733983.9999999999,MACD,145,6.57850927684467,2.7937549696010584,CrossOver,145,0.0,CrossDown,145,0.0,ATR,145,19.314836876192043,SMA,145,1079.6966666666667,Broker,145,99450.1237724834,99450.1237724834,BuySell,145,,,Trades,145,,
146,spx-1950-2018,146,2010-08-02 23:59:59.999989,1107.53,1127.3,1107.53,1125.86,4144180000.0,0.0,MomentumStrategy,146,733986.9999999999,MACD,146,8.509277147038802,3.936859405088607,CrossOver,146,0.0,CrossDown,146,0.0,ATR,146,19.770919956464045,SMA,146,1079.975,Broker,146,99450.1237724834,99450.1237724834,BuySell,146,,,Trades,146,,
147,spx-1950-2018,147,2010-08-03 23:59:59.999989,1125.34,1125.44,1116.76,1120.46,4071820000.0,0.0,MomentumStrategy,147,733987.9999999999,MACD,147,9.494245966740209,5.048336717418928,CrossOver,147,0.0,CrossDown,147,0.0,ATR,147,19.00871138814518,SMA,147,1080.2169999999999,Broker,147,99450.1237724834,99450.1237724834,BuySell,147,,,Trades,147,,
148,spx-1950-2018,148,2010-08-04 23:59:59.999989,1121.06,1128.75,1119.46,1127.24,4057850000.0,0.0,MomentumStrategy,148,733988.9999999999,MACD,148,10.698603350076155,6.1783900439503725,CrossOver,148,0.0,CrossDown,148,0.0,ATR,148,18.31451771756338,SMA,148,1081.2813333333334,Broker,148,99450.1237724834,99450.1237724834,BuySell,148,,,Trades,148,,
149,spx-1950-2018,149,2010-08-05 23:59:59.999989,1125.78,1126.56,1118.81,1125.81,3685560000.0,0.0,MomentumStrategy,149,733989.9999999999,MACD,149,11.406192714797044,7.223950578119707,CrossOver,149,0.0,CrossDown,149,0.0,ATR,149,17.60848073773743,SMA,149,1082.407,Broker,149,99450.1237724834,99450.1237724834,BuySell,149,,,Trades,149,,
150,spx-1950-2018,150,2010-08-06 23:59:59.999989,1122.07,1123.06,1107.17,1121.64,3857890000.0,0.0,MomentumStrategy,150,733990.9999999999,MACD,150,11.497937171888452,8.078747896873457,CrossOver,150,0.0,CrossDown,150,0.0,ATR,150,17.682160685041893,SMA,150,1084.0053333333333,Broker,150,99450.1237724834,99450.1237724834,BuySell,150,,,Trades,150,,
151,spx-1950-2018,151,2010-08-09 23:59:59.999989,1122.8,1129.24,1120.91,1127.79,3979360000.0,0.0,MomentumStrategy,151,733993.9999999999,MACD,151,11.929384399844366,8.848875197467638,CrossOver,151,0.0,CrossDown,151,0.0,ATR,151,17.014149207538896,SMA,151,1085.7063333333333,Broker,151,99450.1237724834,99450.1237724834,BuySell,151,,,Trades,151,,
152,spx-1950-2018,152,2010-08-10 23:59:59.999989,1122.92,1127.16,1111.58,1121.06,3979360000.0,0.0,MomentumStrategy,152,733994.9999999999,MACD,152,11.59459935736163,9.398020029446437,CrossOver,152,0.0,CrossDown,152,0.0,ATR,152,16.95670997842898,SMA,152,1087.256,Broker,152,99450.1237724834,99450.1237724834,BuySell,152,,,Trades,152,,
153,spx-1950-2018,153,2010-08-11 23:59:59.999989,1116.89,1116.89,1088.55,1089.47,4511860000.0,0.0,MomentumStrategy,153,733995.9999999999,MACD,153,8.680171197497657,9.254450263056683,CrossOver,153,-1.0,CrossDown,153,1.0,ATR,153,18.067659265684053,SMA,153,1088.8636666666666,Broker,153,99450.1237724834,99450.1237724834,BuySell,153,,,Trades,153,,
154,spx-1950-2018,154,2010-08-12 23:59:59.999989,1081.48,1086.72,1076.69,1083.61,4521050000.0,0.0,MomentumStrategy,154,733996.9999999999,MACD,154,5.830403594214204,8.569640929288187,CrossOver,154,0.0,CrossDown,154,0.0,ATR,154,17.68996931813519,SMA,154,1090.627,Broker,154,109376.7853602279,99430.57298173194,BuySell,154,,1081.48,Trades,154,,
155,spx-1950-2018,155,2010-08-13 23:59:59.999989,1082.22,1086.25,1079.0,1079.25,3328890000.0,0.0,MomentumStrategy,155,733997.9999999999,MACD,155,3.1834300748985243,7.492398758410255,CrossOver,155,0.0,CrossDown,155,0.0,ATR,155,16.944257223982678,SMA,155,1092.3563333333334,Broker,155,109376.7853602279,99470.59244073494,BuySell,155,,,Trades,155,,
156,spx-1950-2018,156,2010-08-16 23:59:59.999989,1077.49,1082.62,1069.49,1079.38,3142450000.0,0.0,MomentumStrategy,156,734000.9999999999,MACD,156,1.0836823879715212,6.210655484322509,CrossOver,156,0.0,CrossDown,156,0.0,ATR,156,16.67181027941248,SMA,156,1094.2496666666666,Broker,156,109376.7853602279,99469.39919998485,BuySell,156,,,Trades,156,,
157,spx-1950-2018,157,2010-08-17 23:59:59.999989,1081.16,1100.14,1081.16,1092.54,3968210000.0,0.0,MomentumStrategy,157,734001.9999999999,MACD,157,0.4760318368123535,5.063730754820478,CrossOver,157,0.0,CrossDown,157,0.0,ATR,157,16.963823830883015,SMA,157,1096.3990000000001,Broker,157,109376.7853602279,99348.6065209758,BuySell,157,,,Trades,157,,
158,spx-1950-2018,158,2010-08-18 23:59:59.999989,1092.08,1099.77,1085.76,1094.16,3724260000.0,0.0,MomentumStrategy,158,734002.9999999999,MACD,158,0.12375825015692499,4.075736253887768,CrossOver,158,0.0,CrossDown,158,0.0,ATR,158,16.75283641439137,SMA,158,1097.5286666666666,Broker,158,109376.7853602279,99333.73690547468,BuySell,158,,,Trades,158,,
159,spx-1950-2018,159,2010-08-19 23:59:59.999989,1092.44,1092.44,1070.66,1075.63,4290540000.0,0.0,MomentumStrategy,159,734003.9999999999,MACD,159,-1.6318265627514847,2.934223690559917,CrossOver,159,0.0,CrossDown,159,0.0,ATR,159,17.234776670506275,SMA,159,1097.7079999999999,Broker,159,109376.7853602279,99503.81960623743,BuySell,159,,,Trades,159,,
160,spx-1950-2018,160,2010-08-20 23:59:59.999989,1075.63,1075.63,1063.91,1071.69,3761570000.0,0.0,MomentumStrategy,160,734004.9999999999,MACD,160,-3.3029904296997756,1.6867808665079786,CrossOver,160,0.0,CrossDown,160,0.0,ATR,160,16.8408640511844,SMA,160,1097.499,Broker,160,109376.7853602279,99539.98397974015,BuySell,160,,,Trades,160,,
161,spx-1950-2018,161,2010-08-23 23:59:59.999989,1073.36,1081.58,1067.08,1067.36,3210950000.0,0.0,MomentumStrategy,161,734007.9999999999,MACD,161,-4.920079038508447,0.3654088855046934,CrossOver,161,0.0,CrossDown,161,0.0,ATR,161,16.6736594760998,SMA,161,1097.1193333333333,Broker,161,109376.7853602279,99579.72807549313,BuySell,161,,,Trades,161,,
162,spx-1950-2018,162,2010-08-24 23:59:59.999989,1063.2,1063.2,1046.68,1051.87,4436330000.0,0.0,MomentumStrategy,162,734008.9999999999,MACD,162,-7.3666290421219855,-1.1809987000206426,CrossOver,162,0.0,CrossDown,162,0.0,ATR,162,16.959826656378375,SMA,162,1095.6703333333332,Broker,162,109376.7853602279,99721.90730025379,BuySell,162,,,Trades,162,,
163,spx-1950-2018,163,2010-08-25 23:59:59.999989,1048.98,1059.38,1039.83,1055.33,4360190000.0,0.0,MomentumStrategy,163,734009.9999999999,MACD,163,-8.923480138490504,-2.729494987714615,CrossOver,163,0.0,CrossDown,163,0.0,ATR,163,17.144839038065648,SMA,163,1094.3423333333333,Broker,163,109376.7853602279,99690.1487387514,BuySell,163,,,Trades,163,,
164,spx-1950-2018,164,2010-08-26 23:59:59.999989,1056.28,1061.45,1045.4,1047.22,3646710000.0,0.0,MomentumStrategy,164,734010.9999999999,MACD,164,-10.688494756574073,-4.3212949414865065,CrossOver,164,0.0,CrossDown,164,0.0,ATR,164,17.066636249632385,SMA,164,1092.7003333333334,Broker,164,109376.7853602279,99764.58860400699,BuySell,164,,,Trades,164,,
165,spx-1950-2018,165,2010-08-27 23:59:59.999989,1049.27,1065.21,1039.7,1064.59,4102460000.0,0.0,MomentumStrategy,165,734011.9999999999,MACD,165,-10.563893733630266,-5.569814699915259,CrossOver,165,0.0,CrossDown,165,0.0,ATR,165,17.66973366037293,SMA,165,1092.6906666666666,Broker,165,109376.7853602279,99605.15328224504,BuySell,165,,,Trades,165,,
166,spx-1950-2018,166,2010-08-30 23:59:59.999989,1062.9,1064.4,1048.79,1048.92,2917990000.0,0.0,MomentumStrategy,166,734014.9999999999,MACD,166,-11.595914086210996,-6.775034577174408,CrossOver,166,0.0,CrossDown,166,0.0,ATR,166,17.536181256060576,SMA,166,1091.9463333333333,Broker,166,99620.6654119962,99620.6654119962,BuySell,166,1062.9,,Trades,166,170.54163951278994,
167,spx-1950-2018,167,2010-08-31 23:59:59.999989,1046.88,1055.14,1040.88,1049.33,4038770000.0,0.0,MomentumStrategy,167,734015.9999999999,MACD,167,-12.239623318732129,-7.867952325485952,CrossOver,167,0.0,CrossDown,167,0.0,ATR,167,17.302168309199107,SMA,167,1090.808,Broker,167,99620.6654119962,99620.6654119962,BuySell,167,,,Trades,167,,
168,spx-1950-2018,168,2010-09-01 23:59:59.999989,1049.72,1081.3,1049.72,1080.29,4396880000.0,0.0,MomentumStrategy,168,734016.9999999999,MACD,168,-10.134727437445463,-8.321307347877854,CrossOver,168,0.0,CrossDown,168,0.0,ATR,168,18.349870572827747,SMA,168,1091.1646666666666,Broker,168,99620.6654119962,99620.6654119962,BuySell,168,,,Trades,168,,
169,spx-1950-2018,169,2010-09-02 23:59:59.999989,1080.66,1090.1,1080.39,1090.1,3704210000.0,0.0,MomentumStrategy,169,734017.9999999999,MACD,169,-7.587532915782731,-8.17455246145883,CrossOver,169,1.0,CrossDown,169,0.0,ATR,169,17.73987981762576,SMA,169,1091.0456666666666,Broker,169,99620.6654119962,99620.6654119962,BuySell,169,,,Trades,169,,
170,spx-1950-2018,170,2010-09-03 23:59:59.999989,1093.61,1105.1,1093.61,1104.51,3534500000.0,0.0,MomentumStrategy,170,734018.9999999999,MACD,170,-4.355884411166244,-7.410818851400313,CrossOver,170,0.0,CrossDown,170,0.0,ATR,170,17.54417411636678,SMA,170,1091.1073333333334,Broker,170,89588.46653115959,99720.65623852589,BuySell,170,1093.61,,Trades,170,,
171,spx-1950-2018,171,2010-09-07 23:59:59.999989,1102.6,1102.6,1091.15,1091.84,3107380000.0,0.0,MomentumStrategy,171,734022.9999999999,MACD,171,-2.7850386094164605,-6.485662803003543,CrossOver,171,0.0,CrossDown,171,0.0,ATR,171,17.24530453662629,SMA,171,1090.335,Broker,171,89588.46653115959,99604.42836952304,BuySell,171,,,Trades,171,,
172,spx-1950-2018,172,2010-09-08 23:59:59.999989,1092.36,1103.26,1092.36,1098.87,3224640000.0,0.0,MomentumStrategy,172,734023.9999999999,MACD,172,-0.9617829116418761,-5.38088682473121,CrossOver,172,0.0,CrossDown,172,0.0,ATR,172,16.8292113554387,SMA,172,1089.836,Broker,172,89588.46653115959,99668.91786589952,BuySell,172,,,Trades,172,,
173,spx-1950-2018,173,2010-09-09 23:59:59.999989,1101.15,1110.27,1101.15,1104.18,3387770000.0,0.0,MomentumStrategy,173,734024.9999999999,MACD,173,0.9012440072599475,-4.124460658332978,CrossOver,173,0.0,CrossDown,173,0.0,ATR,173,16.441410544335945,SMA,173,1089.771,Broker,173,89588.46653115959,99717.62899331903,BuySell,173,,,Trades,173,,
174,spx-1950-2018,174,2010-09-10 23:59:59.999989,1104.57,1110.88,1103.92,1109.55,3061160000.0,0.0,MomentumStrategy,174,734025.9999999999,MACD,174,2.7789859635818175,-2.7437713339500194,CrossOver,174,0.0,CrossDown,174,0.0,ATR,174,15.764166934026237,SMA,174,1090.0383333333332,Broker,174,89588.46653115959,99766.89052895796,BuySell,174,,,Trades,174,,
175,spx-1950-2018,175,2010-09-13 23:59:59.999989,1113.38,1123.87,1113.38,1121.9,4521050000.0,0.0,MomentumStrategy,175,734028.9999999999,MACD,175,5.2036671434511845,-1.1542836384697788,CrossOver,175,0.0,CrossDown,175,0.0,ATR,175,15.661012153024359,SMA,175,1090.715,Broker,175,89588.46653115959,99880.18288745718,BuySell,175,,,Trades,175,,
176,spx-1950-2018,176,2010-09-14 23:59:59.999989,1121.16,1127.36,1115.58,1121.1,4521050000.0,0.0,MomentumStrategy,176,734029.9999999999,MACD,176,6.980227416642947,0.4726185725527665,CrossOver,176,0.0,CrossDown,176,0.0,ATR,176,15.383796999236903,SMA,176,1090.5563333333332,Broker,176,89588.46653115959,99872.84411119812,BuySell,176,,,Trades,176,,
177,spx-1950-2018,177,2010-09-15 23:59:59.999989,1119.43,1126.46,1114.63,1125.07,3369840000.0,0.0,MomentumStrategy,177,734030.9999999999,MACD,177,8.609267774082355,2.0999484128586845,CrossOver,177,0.0,CrossDown,177,0.0,ATR,177,15.129954356434263,SMA,177,1090.71,Broker,177,89588.46653115959,99909.2627883837,BuySell,177,,,Trades,177,,
178,spx-1950-2018,178,2010-09-16 23:59:59.999989,1123.89,1125.44,1118.88,1124.66,3364080000.0,0.0,MomentumStrategy,178,734031.9999999999,MACD,178,9.754763578069287,3.6309114459008054,CrossOver,178,0.0,CrossDown,178,0.0,ATR,178,14.517814759546098,SMA,178,1090.624,Broker,178,89588.46653115959,99905.50166555092,BuySell,178,,,Trades,178,,
179,spx-1950-2018,179,2010-09-17 23:59:59.999989,1126.39,1131.47,1122.43,1125.59,4086140000.0,0.0,MomentumStrategy,179,734032.9999999999,MACD,179,10.615254437853082,5.027780044291261,CrossOver,179,0.0,CrossDown,179,0.0,ATR,179,14.126542276721374,SMA,179,1090.6166666666666,Broker,179,89588.46653115959,99914.03299295208,BuySell,179,,,Trades,179,,
180,spx-1950-2018,180,2010-09-20 23:59:59.999989,1126.57,1144.86,1126.57,1142.71,3364080000.0,0.0,MomentumStrategy,180,734035.9999999999,MACD,180,12.534154633548951,6.5290549621428,CrossOver,180,0.0,CrossDown,180,0.0,ATR,180,14.493932114098417,SMA,180,1091.319,Broker,180,89588.46653115959,100071.08280489594,BuySell,180,,,Trades,180,,
181,spx-1950-2018,181,2010-09-21 23:59:59.999989,1142.82,1148.59,1136.22,1139.78,4175660000.0,0.0,MomentumStrategy,181,734036.9999999999,MACD,181,13.66099490500801,7.955442950715842,CrossOver,181,0.0,CrossDown,181,0.0,ATR,181,14.342222677377093,SMA,181,1091.7186666666666,Broker,181,89588.46653115959,100044.20453684714,BuySell,181,,,Trades,181,,
182,spx-1950-2018,182,2010-09-22 23:59:59.999989,1139.49,1144.38,1131.58,1134.28,3911070000.0,0.0,MomentumStrategy,182,734037.9999999999,MACD,182,13.94941967717682,9.154238296008039,CrossOver,182,0.0,CrossDown,182,0.0,ATR,182,14.232063914707313,SMA,182,1092.1593333333333,Broker,182,89588.46653115959,99993.75045006612,BuySell,182,,,Trades,182,,
183,spx-1950-2018,183,2010-09-23 23:59:59.999989,1131.1,1136.77,1122.79,1124.83,3847850000.0,0.0,MomentumStrategy,183,734038.9999999999,MACD,183,13.262579602070218,9.975906557220476,CrossOver,183,0.0,CrossDown,183,0.0,ATR,183,14.214059349371077,SMA,183,1093.338,Broker,183,89588.46653115959,99907.06115550597,BuySell,183,,,Trades,183,,
184,spx-1950-2018,184,2010-09-24 23:59:59.999989,1131.69,1148.9,1131.69,1148.67,4123950000.0,0.0,MomentumStrategy,184,734039.9999999999,MACD,184,14.475082909584444,10.87574182769327,CrossOver,184,0.0,CrossDown,184,0.0,ATR,184,14.918055110130297,SMA,184,1095.5066666666667,Broker,184,99969.9911619274,99969.9911619274,BuySell,184,,1131.69,Trades,184,349.3257499312004,
185,spx-1950-2018,185,2010-09-27 23:59:59.999989,1148.64,1149.92,1142.0,1142.16,3587860000.0,0.0,MomentumStrategy,185,734042.9999999999,MACD,185,14.740775439294111,11.648748550013439,CrossOver,185,0.0,CrossDown,185,0.0,ATR,185,14.41819403083528,SMA,185,1097.6036666666666,Broker,185,99969.9911619274,99969.9911619274,BuySell,185,,,Trades,185,,
186,spx-1950-2018,186,2010-09-28 23:59:59.999989,1142.31,1150.0,1132.09,1147.7,4025840000.0,0.0,MomentumStrategy,186,734043.9999999999,MACD,186,15.222890379216778,12.363576915854107,CrossOver,186,0.0,CrossDown,186,0.0,ATR,186,14.667608742918482,SMA,186,1099.881,Broker,186,99969.9911619274,99969.9911619274,BuySell,186,,,Trades,186,,
187,spx-1950-2018,187,2010-09-29 23:59:59.999989,1146.75,1148.63,1140.26,1144.73,3990280000.0,0.0,MomentumStrategy,187,734044.9999999999,MACD,187,15.19021245033332,12.92890402274995,CrossOver,187,0.0,CrossDown,187,0.0,ATR,187,14.217779546995741,SMA,187,1101.6206666666667,Broker,187,99969.9911619274,99969.9911619274,BuySell,187,,,Trades,187,,
188,spx-1950-2018,188,2010-09-30 23:59:59.999989,1145.97,1157.16,1136.08,1141.2,4284160000.0,0.0,MomentumStrategy,188,734045.9999999999,MACD,188,14.709906808611777,13.285104579922317,CrossOver,188,0.0,CrossDown,188,0.0,ATR,188,14.70793815078177,SMA,188,1103.1886666666664,Broker,188,99969.9911619274,99969.9911619274,BuySell,188,,,Trades,188,,
189,spx-1950-2018,189,2010-10-01 23:59:59.999989,1143.49,1150.3,1139.42,1146.24,4298910000.0,0.0,MomentumStrategy,189,734046.9999999999,MACD,189,14.568015986082173,13.54168686115429,CrossOver,189,0.0,CrossDown,189,0.0,ATR,189,14.434513997154493,SMA,189,1105.5423333333333,Broker,189,99969.9911619274,99969.9911619274,BuySell,189,,,Trades,189,,
190,spx-1950-2018,190,2010-10-04 23:59:59.999989,1144.96,1148.16,1131.87,1137.03,3604110000.0,0.0,MomentumStrategy,190,734049.9999999999,MACD,190,13.556129831837097,13.54457545529085,CrossOver,190,0.0,CrossDown,190,0.0,ATR,190,14.567048711643473,SMA,190,1107.7203333333334,Broker,190,99969.9911619274,99969.9911619274,BuySell,190,,,Trades,190,,
191,spx-1950-2018,191,2010-10-05 23:59:59.999989,1140.68,1162.76,1140.68,1160.75,4068840000.0,0.0,MomentumStrategy,191,734050.9999999999,MACD,191,14.501049456496048,13.73587025553189,CrossOver,191,0.0,CrossDown,191,0.0,ATR,191,15.364402375097512,SMA,191,1110.8333333333333,Broker,191,99969.9911619274,99969.9911619274,BuySell,191,,,Trades,191,,
192,spx-1950-2018,192,2010-10-06 23:59:59.999989,1159.81,1162.33,1154.85,1159.97,4073160000.0,0.0,MomentumStrategy,192,734051.9999999999,MACD,192,15.013894752664783,13.991475154958469,CrossOver,192,0.0,CrossDown,192,0.0,ATR,192,14.801230776876263,SMA,192,1114.4366666666667,Broker,192,99969.9911619274,99969.9911619274,BuySell,192,,,Trades,192,,
193,spx-1950-2018,193,2010-10-07 23:59:59.999989,1161.57,1163.87,1151.41,1158.06,3910550000.0,0.0,MomentumStrategy,193,734052.9999999999,MACD,193,15.092233434818127,14.211626810930401,CrossOver,193,0.0,CrossDown,193,0.0,ATR,193,14.634000007099374,SMA,193,1117.861,Broker,193,99969.9911619274,99969.9911619274,BuySell,193,,,Trades,193,,
194,spx-1950-2018,194,2010-10-08 23:59:59.999989,1158.36,1167.73,1155.58,1165.15,3871420000.0,0.0,MomentumStrategy,194,734053.9999999999,MACD,194,15.547202676563984,14.47874198405712,CrossOver,194,0.0,CrossDown,194,0.0,ATR,194,14.456571435163712,SMA,194,1121.7920000000001,Broker,194,99969.9911619274,99969.9911619274,BuySell,194,,,Trades,194,,
195,spx-1950-2018,195,2010-10-11 23:59:59.999989,1165.32,1168.68,1162.02,1165.32,2505900000.0,0.0,MomentumStrategy,195,734056.9999999999,MACD,195,15.740045214381325,14.73100263012196,CrossOver,195,0.0,CrossDown,195,0.0,ATR,195,13.899673475509166,SMA,195,1125.1496666666667,Broker,195,99969.9911619274,99969.9911619274,BuySell,195,,,Trades,195,,
196,spx-1950-2018,196,2010-10-12 23:59:59.999989,1164.28,1172.58,1155.71,1169.77,4076170000.0,0.0,MomentumStrategy,196,734057.9999999999,MACD,196,16.06674469313407,14.998151042724382,CrossOver,196,0.0,CrossDown,196,0.0,ATR,196,14.111839655829932,SMA,196,1129.1779999999999,Broker,196,99969.9911619274,99969.9911619274,BuySell,196,,,Trades,196,,
197,spx-1950-2018,197,2010-10-13 23:59:59.999989,1171.32,1184.38,1171.32,1178.1,4969410000.0,0.0,MomentumStrategy,197,734058.9999999999,MACD,197,16.80411044209268,15.359342922598042,CrossOver,197,0.0,CrossDown,197,0.0,ATR,197,14.147422537556375,SMA,197,1133.4703333333334,Broker,197,99969.9911619274,99969.9911619274,BuySell,197,,,Trades,197,,
198,spx-1950-2018,198,2010-10-14 23:59:59.999989,1177.82,1178.89,1166.71,1173.81,4969410000.0,0.0,MomentumStrategy,198,734059.9999999999,MACD,198,16.848096593646233,15.657093656807682,CrossOver,198,0.0,CrossDown,198,0.0,ATR,198,14.006892356302354,SMA,198,1136.5876666666666,Broker,198,99969.9911619274,99969.9911619274,BuySell,198,,,Trades,198,,
199,spx-1950-2018,199,2010-10-15 23:59:59.999989,1177.47,1181.2,1167.12,1176.19,5724910000.0,0.0,MomentumStrategy,199,734060.9999999999,MACD,199,16.880415127271817,15.90175795090051,CrossOver,199,0.0,CrossDown,199,0.0,ATR,199,14.012114330852196,SMA,199,1139.4573333333333,Broker,199,99969.9911619274,99969.9911619274,BuySell,199,,,Trades,199,,
200,spx-1950-2018,200,2010-10-18 23:59:59.999989,1176.83,1185.53,1174.55,1184.71,4450050000.0,0.0,MomentumStrategy,200,734063.9999999999,MACD,200,17.393024632223387,16.200011287165086,CrossOver,200,0.0,CrossDown,200,0.0,ATR,200,13.795534735791326,SMA,200,1142.1306666666667,Broker,200,99969.9911619274,99969.9911619274,BuySell,200,,,Trades,200,,
201,spx-1950-2018,201,2010-10-19 23:59:59.999989,1178.64,1178.64,1159.71,1165.9,5600120000.0,0.0,MomentumStrategy,201,734064.9999999999,MACD,201,16.095917838299783,16.179192597392028,CrossOver,201,-1.0,CrossDown,201,1.0,ATR,201,14.595853683234804,SMA,201,1144.5993333333333,Broker,201,99969.9911619274,99969.9911619274,BuySell,201,,,Trades,201,,
202,spx-1950-2018,202,2010-10-20 23:59:59.999989,1166.74,1182.94,1166.74,1178.17,5027880000.0,0.0,MomentumStrategy,202,734065.9999999999,MACD,202,15.87504023236761,16.118362124387147,CrossOver,202,0.0,CrossDown,202,0.0,ATR,202,14.770435563003744,SMA,202,1147.2426666666665,Broker,202,109977.19589646725,99871.95530979602,BuySell,202,,1166.74,Trades,202,,
203,spx-1950-2018,203,2010-10-21 23:59:59.999989,1179.82,1189.43,1171.17,1180.26,4625470000.0,0.0,MomentumStrategy,203,734066.9999999999,MACD,203,15.68779948433098,16.032249596375916,CrossOver,203,0.0,CrossDown,203,0.0,ATR,203,15.019690165646333,SMA,203,1149.7786666666666,Broker,203,109977.19589646725,99854.0292440957,BuySell,203,,,Trades,203,,
204,spx-1950-2018,204,2010-10-22 23:59:59.999989,1180.52,1183.93,1178.99,1183.08,3177890000.0,0.0,MomentumStrategy,204,734067.9999999999,MACD,204,15.587279815819784,15.94325564026469,CrossOver,204,0.0,CrossDown,204,0.0,ATR,204,14.299712296671599,SMA,204,1152.2296666666666,Broker,204,109977.19589646725,99829.84192099766,BuySell,204,,,Trades,204,,
205,spx-1950-2018,205,2010-10-25 23:59:59.999989,1184.74,1196.14,1184.74,1185.62,4221380000.0,0.0,MomentumStrategy,205,734070.9999999999,MACD,205,15.533513353985427,15.861307183008838,CrossOver,205,0.0,CrossDown,205,0.0,ATR,205,14.211161418337927,SMA,205,1154.3536666666666,Broker,205,99815.60399321654,99815.60399321654,BuySell,205,1184.74,,Trades,205,,-154.38716871086712
206,spx-1950-2018,206,2010-10-26 23:59:59.999989,1184.88,1187.11,1177.72,1185.64,4203680000.0,0.0,MomentumStrategy,206,734071.9999999999,MACD,206,15.31596397956855,15.752238542320782,CrossOver,206,0.0,CrossDown,206,0.0,ATR,206,13.866792745599495,SMA,206,1156.505,Broker,206,99815.60399321654,99815.60399321654,BuySell,206,,,Trades,206,,
207,spx-1950-2018,207,2010-10-27 23:59:59.999989,1183.84,1183.84,1171.7,1182.45,4335670000.0,0.0,MomentumStrategy,207,734072.9999999999,MACD,207,14.71650547847753,15.545091929552132,CrossOver,207,0.0,CrossDown,207,0.0,ATR,207,13.872021835199535,SMA,207,1158.4176666666667,Broker,207,99815.60399321654,99815.60399321654,BuySell,207,,,Trades,207,,
208,spx-1950-2018,208,2010-10-28 23:59:59.999989,1184.47,1189.53,1177.1,1183.78,4283460000.0,0.0,MomentumStrategy,208,734073.9999999999,MACD,208,14.185231661628904,15.273119875967488,CrossOver,208,0.0,CrossDown,208,0.0,ATR,208,13.76902027554243,SMA,208,1160.3883333333333,Broker,208,99815.60399321654,99815.60399321654,BuySell,208,,,Trades,208,,
209,spx-1950-2018,209,2010-10-29 23:59:59.999989,1183.87,1185.46,1179.7,1183.26,3537880000.0,0.0,MomentumStrategy,209,734074.9999999999,MACD,209,13.565854948580409,14.931666890490073,CrossOver,209,0.0,CrossDown,209,0.0,ATR,209,13.19694739871797,SMA,209,1162.3106666666667,Broker,209,99815.60399321654,99815.60399321654,BuySell,209,,,Trades,209,,
210,spx-1950-2018,210,2010-11-01 23:59:59.999989,1185.71,1195.81,1177.65,1184.38,4129180000.0,0.0,MomentumStrategy,210,734077.9999999999,MACD,210,13.015336384812144,14.548400789354488,CrossOver,210,0.0,CrossDown,210,0.0,ATR,210,13.55145115595239,SMA,210,1163.6996666666666,Broker,210,99815.60399321654,99815.60399321654,BuySell,210,,,Trades,210,,
211,spx-1950-2018,211,2010-11-02 23:59:59.999989,1187.86,1195.88,1187.86,1193.57,3866200000.0,0.0,MomentumStrategy,211,734078.9999999999,MACD,211,13.168800913087352,14.272480814101062,CrossOver,211,0.0,CrossDown,211,0.0,ATR,211,13.40491893052722,SMA,211,1165.4926666666665,Broker,211,99815.60399321654,99815.60399321654,BuySell,211,,,Trades,211,,
212,spx-1950-2018,212,2010-11-03 23:59:59.999989,1193.79,1198.3,1183.56,1197.96,4665480000.0,0.0,MomentumStrategy,212,734079.9999999999,MACD,212,13.489164279535544,14.115817507187959,CrossOver,212,0.0,CrossDown,212,0.0,ATR,212,13.500281864060991,SMA,212,1167.6153333333334,Broker,212,99815.60399321654,99815.60399321654,BuySell,212,,,Trades,212,,
213,spx-1950-2018,213,2010-11-04 23:59:59.999989,1198.34,1221.25,1198.34,1221.06,5695470000.0,0.0,MomentumStrategy,213,734080.9999999999,MACD,213,15.429173591943254,14.378488724139018,CrossOver,213,1.0,CrossDown,213,0.0,ATR,213,14.19954744519949,SMA,213,1170.823,Broker,213,99815.60399321654,99815.60399321654,BuySell,213,,,Trades,213,,
214,spx-1950-2018,214,2010-11-05 23:59:59.999989,1221.2,1227.08,1220.29,1225.85,5637460000.0,0.0,MomentumStrategy,214,734081.9999999999,MACD,214,17.155401131955614,14.933871205702337,CrossOver,214,0.0,CrossDown,214,0.0,ATR,214,13.670294056256667,SMA,214,1173.3956666666668,Broker,214,99815.60399321654,99815.60399321654,BuySell,214,,,Trades,214,,
215,spx-1950-2018,215,2010-11-08 23:59:59.999989,1223.24,1224.57,1217.55,1223.25,3937230000.0,0.0,MomentumStrategy,215,734084.9999999999,MACD,215,18.10494805211374,15.56808657498462,CrossOver,215,0.0,CrossDown,215,0.0,ATR,215,13.286701623666902,SMA,215,1176.0986666666665,Broker,215,99815.60399321654,99815.60399321654,BuySell,215,,,Trades,215,,
216,spx-1950-2018,216,2010-11-09 23:59:59.999989,1223.59,1226.84,1208.94,1213.4,4848040000.0,0.0,MomentumStrategy,216,734085.9999999999,MACD,216,17.85681588925081,16.02583243783786,CrossOver,216,0.0,CrossDown,216,0.0,ATR,216,13.616222936262115,SMA,216,1178.2886666666668,Broker,216,99815.60399321654,99815.60399321654,BuySell,216,,,Trades,216,,
217,spx-1950-2018,217,2010-11-10 23:59:59.999989,1213.14,1218.75,1204.33,1218.71,4561300000.0,0.0,MomentumStrategy,217,734086.9999999999,MACD,217,17.882503614765483,16.397166673223385,CrossOver,217,0.0,CrossDown,217,0.0,ATR,217,13.67363558367197,SMA,217,1180.7546666666667,Broker,217,99815.60399321654,99815.60399321654,BuySell,217,,,Trades,217,,
218,spx-1950-2018,218,2010-11-11 23:59:59.999989,1213.04,1215.45,1204.49,1213.54,3931120000.0,0.0,MomentumStrategy,218,734087.9999999999,MACD,218,17.28641845823404,16.575017030225517,CrossOver,218,0.0,CrossDown,218,0.0,ATR,218,13.712661613409688,SMA,218,1183.1660000000002,Broker,218,99815.60399321654,99815.60399321654,BuySell,218,,,Trades,218,,
219,spx-1950-2018,219,2010-11-12 23:59:59.999989,1209.07,1210.5,1194.08,1199.21,4213620000.0,0.0,MomentumStrategy,219,734088.9999999999,MACD,219,15.479270048322178,16.355867633844852,CrossOver,219,-1.0,CrossDown,219,1.0,ATR,219,14.123185783880427,SMA,219,1184.9316666666666,Broker,219,99815.60399321654,99815.60399321654,BuySell,219,,,Trades,219,,
220,spx-1950-2018,220,2010-11-15 23:59:59.999989,1200.44,1207.43,1197.15,1197.75,3503370000.0,0.0,MomentumStrategy,220,734091.9999999999,MACD,220,13.770543857669509,15.838802878609785,CrossOver,220,0.0,CrossDown,220,0.0,ATR,220,13.848672513603253,SMA,220,1186.9556666666665,Broker,220,109825.86074557851,99838.03542724394,BuySell,220,,1200.44,Trades,220,,
221,spx-1950-2018,221,2010-11-16 23:59:59.999989,1194.79,1194.79,1173.0,1178.34,5116380000.0,0.0,MomentumStrategy,221,734092.9999999999,MACD,221,10.72649292359506,14.816340887606842,CrossOver,221,0.0,CrossDown,221,0.0,ATR,221,14.627338762631592,SMA,221,1187.5420000000001,Broker,221,109825.86074557851,99999.89198280968,BuySell,221,,,Trades,221,,
222,spx-1950-2018,222,2010-11-17 23:59:59.999989,1178.33,1183.56,1175.82,1178.59,3904780000.0,0.0,MomentumStrategy,222,734093.9999999999,MACD,222,8.239256517427293,13.500924013570932,CrossOver,222,0.0,CrossDown,222,0.0,ATR,222,14.135385993872195,SMA,222,1188.1626666666666,Broker,222,109825.86074557851,99997.80727704507,BuySell,222,,,Trades,222,,
223,spx-1950-2018,223,2010-11-18 23:59:59.999989,1183.75,1200.29,1183.75,1196.69,4687260000.0,0.0,MomentumStrategy,223,734094.9999999999,MACD,223,7.640547008122894,12.328848612481327,CrossOver,223,0.0,CrossDown,223,0.0,ATR,223,14.67571556573847,SMA,223,1189.4503333333334,Broker,223,109825.86074557851,99846.87457968596,BuySell,223,,,Trades,223,,
224,spx-1950-2018,224,2010-11-19 23:59:59.999989,1196.12,1199.97,1189.44,1199.73,3675390000.0,0.0,MomentumStrategy,224,734095.9999999999,MACD,224,7.326907967976922,11.328460483580447,CrossOver,224,0.0,CrossDown,224,0.0,ATR,224,14.379593025328578,SMA,224,1190.6029999999998,Broker,224,99851.62770882931,99851.62770882931,BuySell,224,1196.12,,Trades,224,36.023715612779775,
225,spx-1950-2018,225,2010-11-22 23:59:59.999989,1198.07,1198.94,1184.58,1197.84,3689500000.0,0.0,MomentumStrategy,225,734098.9999999999,MACD,225,6.846912617800172,10.432150910424392,CrossOver,225,0.0,CrossDown,225,0.0,ATR,225,14.434622094947972,SMA,225,1191.6870000000001,Broker,225,99851.62770882931,99851.62770882931,BuySell,225,,,Trades,225,,
226,spx-1950-2018,226,2010-11-23 23:59:59.999989,1192.51,1192.51,1176.91,1180.73,4133070000.0,0.0,MomentumStrategy,226,734099.9999999999,MACD,226,5.0279201056355305,9.35130474946662,CrossOver,226,0.0,CrossDown,226,0.0,ATR,226,14.898577659594535,SMA,226,1192.0523333333333,Broker,226,99851.62770882931,99851.62770882931,BuySell,226,,,Trades,226,,
227,spx-1950-2018,227,2010-11-24 23:59:59.999989,1183.7,1198.62,1183.7,1198.35,3384250000.0,0.0,MomentumStrategy,227,734100.9999999999,MACD,227,4.95106933279294,8.471257666131883,CrossOver,227,0.0,CrossDown,227,0.0,ATR,227,15.112250683909203,SMA,227,1192.7273333333333,Broker,227,99851.62770882931,99851.62770882931,BuySell,227,,,Trades,227,,
228,spx-1950-2018,228,2010-11-26 23:59:59.999989,1194.16,1194.16,1186.93,1189.4,1613820000.0,0.0,MomentumStrategy,228,734102.9999999999,MACD,228,4.1204760568302845,7.601101344271564,CrossOver,228,0.0,CrossDown,228,0.0,ATR,228,14.848518492201393,SMA,228,1193.247,Broker,228,99851.62770882931,99851.62770882931,BuySell,228,,,Trades,228,,
229,spx-1950-2018,229,2010-11-29 23:59:59.999989,1189.08,1190.34,1173.64,1187.76,3673450000.0,0.0,MomentumStrategy,229,734105.9999999999,MACD,229,3.291943136269083,6.739269702671068,CrossOver,229,0.0,CrossDown,229,0.0,ATR,229,14.980767171329852,SMA,229,1193.6326666666669,Broker,229,99851.62770882931,99851.62770882931,BuySell,229,,,Trades,229,,
230,spx-1950-2018,230,2010-11-30 23:59:59.999989,1182.96,1187.4,1174.14,1180.55,4284700000.0,0.0,MomentumStrategy,230,734106.9999999999,MACD,230,2.0301359405439143,5.797442950245638,CrossOver,230,0.0,CrossDown,230,0.0,ATR,230,14.883569516234855,SMA,230,1193.494,Broker,230,99851.62770882931,99851.62770882931,BuySell,230,,,Trades,230,,
231,spx-1950-2018,231,2010-12-01 23:59:59.999989,1186.6,1207.61,1186.6,1206.07,4548110000.0,0.0,MomentumStrategy,231,734107.9999999999,MACD,231,3.0541885827476563,5.248792076746042,CrossOver,231,0.0,CrossDown,231,0.0,ATR,231,15.753314550789504,SMA,231,1194.8329999999999,Broker,231,99851.62770882931,99851.62770882931,BuySell,231,,,Trades,231,,
232,spx-1950-2018,232,2010-12-02 23:59:59.999989,1206.81,1221.89,1206.81,1221.53,4970800000.0,0.0,MomentumStrategy,232,734108.9999999999,MACD,232,5.0549798143003954,5.210029624256913,CrossOver,232,0.0,CrossDown,232,0.0,ATR,232,15.758077797161695,SMA,232,1196.2783333333332,Broker,232,99851.62770882931,99851.62770882931,BuySell,232,,,Trades,232,,
233,spx-1950-2018,233,2010-12-03 23:59:59.999989,1219.93,1225.57,1216.82,1224.71,3735780000.0,0.0,MomentumStrategy,233,734109.9999999999,MACD,233,6.818619898117504,5.531747679029031,CrossOver,233,1.0,CrossDown,233,0.0,ATR,233,15.257500811650146,SMA,233,1197.76,Broker,233,99851.62770882931,99851.62770882931,BuySell,233,,,Trades,233,,
234,spx-1950-2018,234,2010-12-06 23:59:59.999989,1223.87,1225.8,1220.67,1223.12,3527370000.0,0.0,MomentumStrategy,234,734112.9999999999,MACD,234,7.9958465176537175,6.024567446753969,CrossOver,234,0.0,CrossDown,234,0.0,ATR,234,14.53410789653227,SMA,234,1199.0946666666666,Broker,234,99851.62770882931,99851.62770882931,BuySell,234,,,Trades,234,,
235,spx-1950-2018,235,2010-12-07 23:59:59.999989,1227.25,1235.05,1223.25,1223.75,6970630000.0,0.0,MomentumStrategy,235,734113.9999999999,MACD,235,8.877310717943828,6.595116100991942,CrossOver,235,0.0,CrossDown,235,0.0,ATR,235,14.348100189637114,SMA,235,1200.3656666666668,Broker,235,99851.62770882931,99851.62770882931,BuySell,235,,,Trades,235,,
236,spx-1950-2018,236,2010-12-08 23:59:59.999989,1225.02,1228.93,1219.5,1228.28,4607590000.0,0.0,MomentumStrategy,236,734114.9999999999,MACD,236,9.828118160131908,7.241716512819935,CrossOver,236,0.0,CrossDown,236,0.0,ATR,236,13.996807318948754,SMA,236,1201.787,Broker,236,99851.62770882931,99851.62770882931,BuySell,236,,,Trades,236,,
237,spx-1950-2018,237,2010-12-09 23:59:59.999989,1230.14,1234.71,1226.85,1233.0,4522510000.0,0.0,MomentumStrategy,237,734115.9999999999,MACD,237,10.837575635804797,7.9608883374169075,CrossOver,237,0.0,CrossDown,237,0.0,ATR,237,13.558463939023852,SMA,237,1203.472,Broker,237,99851.62770882931,99851.62770882931,BuySell,237,,,Trades,237,,
238,spx-1950-2018,238,2010-12-10 23:59:59.999989,1233.85,1240.4,1232.58,1240.4,4547310000.0,0.0,MomentumStrategy,238,734116.9999999999,MACD,238,12.09526937730584,8.787764545394694,CrossOver,238,0.0,CrossDown,238,0.0,ATR,238,13.148573657665018,SMA,238,1205.3593333333333,Broker,238,99851.62770882931,99851.62770882931,BuySell,238,,,Trades,238,,
239,spx-1950-2018,239,2010-12-13 23:59:59.999989,1242.52,1246.73,1240.34,1240.46,4361240000.0,0.0,MomentumStrategy,239,734119.9999999999,MACD,239,12.947590463925508,9.619729729100857,CrossOver,239,0.0,CrossDown,239,0.0,ATR,239,12.665818396403239,SMA,239,1207.266,Broker,239,99851.62770882931,99851.62770882931,BuySell,239,,,Trades,239,,
240,spx-1950-2018,240,2010-12-14 23:59:59.999989,1241.84,1246.59,1238.17,1241.59,4132350000.0,0.0,MomentumStrategy,240,734120.9999999999,MACD,240,13.55795495670236,10.407374774621157,CrossOver,240,0.0,CrossDown,240,0.0,ATR,240,12.362545653802997,SMA,240,1209.173,Broker,240,99851.62770882931,99851.62770882931,BuySell,240,,,Trades,240,,
241,spx-1950-2018,241,2010-12-15 23:59:59.999989,1241.58,1244.25,1234.01,1235.23,4407340000.0,0.0,MomentumStrategy,241,734121.9999999999,MACD,241,13.374303719343061,11.000760563565539,CrossOver,241,0.0,CrossDown,241,0.0,ATR,241,12.210935249959926,SMA,241,1210.5616666666667,Broker,241,99851.62770882931,99851.62770882931,BuySell,241,,,Trades,241,,
242,spx-1950-2018,242,2010-12-16 23:59:59.999989,1236.34,1243.75,1232.85,1242.87,4736820000.0,0.0,MomentumStrategy,242,734122.9999999999,MACD,242,13.687462394125987,11.53810092967763,CrossOver,242,0.0,CrossDown,242,0.0,ATR,242,12.117297017819938,SMA,242,1212.0586666666668,Broker,242,99851.62770882931,99851.62770882931,BuySell,242,,,Trades,242,,
243,spx-1950-2018,243,2010-12-17 23:59:59.999989,1243.63,1245.81,1239.87,1243.91,4632470000.0,0.0,MomentumStrategy,243,734123.9999999999,MACD,243,13.85979511774076,12.002439767290257,CrossOver,243,0.0,CrossDown,243,0.0,ATR,243,11.67606151654709,SMA,243,1212.8203333333333,Broker,243,99851.62770882931,99851.62770882931,BuySell,243,,,Trades,243,,
244,spx-1950-2018,244,2010-12-20 23:59:59.999989,1245.76,1250.2,1241.51,1247.08,3548140000.0,0.0,MomentumStrategy,244,734126.9999999999,MACD,244,14.089744743162782,12.419900762464763,CrossOver,244,0.0,CrossDown,244,0.0,ATR,244,11.462771408222302,SMA,244,1213.5279999999998,Broker,244,99851.62770882931,99851.62770882931,BuySell,244,,,Trades,244,,
245,spx-1950-2018,245,2010-12-21 23:59:59.999989,1249.43,1255.82,1249.43,1254.6,3479670000.0,0.0,MomentumStrategy,245,734127.9999999999,MACD,245,14.709223854326183,12.877765380837047,CrossOver,245,0.0,CrossDown,245,0.0,ATR,245,11.268287736206425,SMA,245,1214.573,Broker,245,99851.62770882931,99851.62770882931,BuySell,245,,,Trades,245,,
246,spx-1950-2018,246,2010-12-22 23:59:59.999989,1254.94,1259.39,1254.94,1258.84,1285590000.0,0.0,MomentumStrategy,246,734128.9999999999,MACD,246,15.365177871855167,13.375247879040671,CrossOver,246,0.0,CrossDown,246,0.0,ATR,246,10.80555289790598,SMA,246,1216.0876666666666,Broker,246,99851.62770882931,99851.62770882931,BuySell,246,,,Trades,246,,
247,spx-1950-2018,247,2010-12-23 23:59:59.999989,1257.53,1258.59,1254.05,1256.77,2515020000.0,0.0,MomentumStrategy,247,734129.9999999999,MACD,247,15.538872012405136,13.807972705713565,CrossOver,247,0.0,CrossDown,247,0.0,ATR,247,10.37587054805555,SMA,247,1217.3563333333334,Broker,247,99851.62770882931,99851.62770882931,BuySell,247,,,Trades,247,,
248,spx-1950-2018,248,2010-12-27 23:59:59.999989,1254.66,1258.43,1251.48,1257.54,1992470000.0,0.0,MomentumStrategy,248,734133.9999999999,MACD,248,15.559300504147586,14.158238265400371,CrossOver,248,0.0,CrossDown,248,0.0,ATR,248,10.13116550890873,SMA,248,1218.823,Broker,248,99851.62770882931,99851.62770882931,BuySell,248,,,Trades,248,,
249,spx-1950-2018,249,2010-12-28 23:59:59.999989,1259.1,1259.9,1256.22,1258.51,2478450000.0,0.0,MomentumStrategy,249,734134.9999999999,MACD,249,15.475370684240488,14.421664749168395,CrossOver,249,0.0,CrossDown,249,0.0,ATR,249,9.670367972558111,SMA,249,1220.7996666666666,Broker,249,99851.62770882931,99851.62770882931,BuySell,249,,,Trades,249,,
250,spx-1950-2018,250,2010-12-29 23:59:59.999989,1258.78,1262.6,1258.78,1259.78,2214380000.0,0.0,MomentumStrategy,250,734135.9999999999,MACD,250,15.334566743467349,14.604245148028186,CrossOver,250,0.0,CrossDown,250,0.0,ATR,250,9.271770260232525,SMA,250,1222.8673333333331,Broker,250,99851.62770882931,99851.62770882931,BuySell,250,,,Trades,250,,
251,spx-1950-2018,251,2010-12-30 23:59:59.999989,1259.44,1261.09,1256.32,1257.88,1970720000.0,0.0,MomentumStrategy,251,734136.9999999999,MACD,251,14.897930416725103,14.662982201767571,CrossOver,251,0.0,CrossDown,251,0.0,ATR,251,8.950215241644488,SMA,251,1225.5186666666666,Broker,251,99851.62770882931,99851.62770882931,BuySell,251,,,Trades,251,,
252,spx-1950-2018,252,2010-12-31 23:59:59.999989,1256.76,1259.34,1254.19,1257.64,1799770000.0,0.0,MomentumStrategy,252,734137.9999999999,MACD,252,14.36691414458528,14.603768590331114,CrossOver,252,-1.0,CrossDown,252,1.0,ATR,252,8.678771295812728,SMA,252,1228.1536666666666,Broker,252,99851.62770882931,99851.62770882931,BuySell,252,,,Trades,252,,
===============================================================================
Cerebro:
  -----------------------------------------------------------------------------
  - Datas:
    +++++++++++++++++++++++++++++++++++++++++++++++++++++++++++++++++++++++++++
    - Data0:
      - Name: spx-1950-2018
      - Timeframe: Days
      - Compression: 1
  -----------------------------------------------------------------------------
  - Strategies:
    +++++++++++++++++++++++++++++++++++++++++++++++++++++++++++++++++++++++++++
    - MomentumStrategy:
      *************************************************************************
      - Params:
        - macd1: 12
        - macd2: 26
        - macdsig: 9
        - atrperiod: 14
        - atrdist: 1
        - smaperiod: 30
        - dirperiod: 10
      *************************************************************************
      - Indicators:
        .......................................................................
        - MACD:
          - Lines: macd, signal
          ~~~~~~~~~~~~~~~~~~~~~~~~~~~~~~~~~~~~~~~~~~~~~~~~~~~~~~~~~~~~~~~~~~~~~
          - Params:
            - period_me1: 12
            - period_me2: 26
            - period_signal: 9
            - movav: ExponentialMovingAverage
        .......................................................................
        - CrossOver:
          - Lines: crossover
          - Params: None
        .......................................................................
        - CrossDown:
          - Lines: cross
          - Params: None
        .......................................................................
        - ATR:
          - Lines: atr
          ~~~~~~~~~~~~~~~~~~~~~~~~~~~~~~~~~~~~~~~~~~~~~~~~~~~~~~~~~~~~~~~~~~~~~
          - Params:
            - period: 14
            - movav: SmoothedMovingAverage
        .......................................................................
        - SMA:
          - Lines: sma
          ~~~~~~~~~~~~~~~~~~~~~~~~~~~~~~~~~~~~~~~~~~~~~~~~~~~~~~~~~~~~~~~~~~~~~
          - Params:
            - period: 30
      *************************************************************************
      - Observers:
        .......................................................................
        - Broker:
          - Lines: cash, value
          ~~~~~~~~~~~~~~~~~~~~~~~~~~~~~~~~~~~~~~~~~~~~~~~~~~~~~~~~~~~~~~~~~~~~~
          - Params:
            - fund: None
        .......................................................................
        - BuySell:
          - Lines: buy, sell
          ~~~~~~~~~~~~~~~~~~~~~~~~~~~~~~~~~~~~~~~~~~~~~~~~~~~~~~~~~~~~~~~~~~~~~
          - Params:
            - barplot: False
            - bardist: 0.015
        .......................................................................
        - Trades:
          - Lines: pnlplus, pnlminus
          - Params: None
      *************************************************************************
      - Analyzers:
        .......................................................................
        - Value:
          - Begin: 100000.0
          - End: 99851.62770882931
