Id,spx-1950-2018,len,datetime,open,high,low,close,volume,openinterest,MeanReversionStrategy,len,datetime,SimpleMovingAverage,len,sma,StdDev,len,stddev,Broker,len,cash,value,BuySell,len,buy,sell,Trades,len,pnlplus,pnlminus
1,spx-1950-2018,1,2006-01-03 23:59:59.999989,1248.29,1270.22,1245.74,1268.8,2554570000.0,0.0,MeanReversionStrategy,1,732314.9999999999,SimpleMovingAverage,1,,StdDev,1,,Broker,1,100000.0,100000.0,BuySell,1,,,Trades,1,,
2,spx-1950-2018,2,2006-01-04 23:59:59.999989,1268.8,1275.37,1267.74,1273.46,2515330000.0,0.0,MeanReversionStrategy,2,732315.9999999999,SimpleMovingAverage,2,,StdDev,2,,Broker,2,100000.0,100000.0,BuySell,2,,,Trades,2,,
3,spx-1950-2018,3,2006-01-05 23:59:59.999989,1273.46,1276.91,1270.3,1273.48,2433340000.0,0.0,MeanReversionStrategy,3,732316.9999999999,SimpleMovingAverage,3,,StdDev,3,,Broker,3,100000.0,100000.0,BuySell,3,,,Trades,3,,
4,spx-1950-2018,4,2006-01-06 23:59:59.999989,1273.48,1286.09,1273.48,1285.45,2446560000.0,0.0,MeanReversionStrategy,4,732317.9999999999,SimpleMovingAverage,4,,StdDev,4,,Broker,4,100000.0,100000.0,BuySell,4,,,Trades,4,,
5,spx-1950-2018,5,2006-01-09 23:59:59.999989,1285.45,1290.78,1284.82,1290.15,2301490000.0,0.0,MeanReversionStrategy,5,732320.9999999999,SimpleMovingAverage,5,,StdDev,5,,Broker,5,100000.0,100000.0,BuySell,5,,,Trades,5,,
6,spx-1950-2018,6,2006-01-10 23:59:59.999989,1290.15,1290.15,1283.76,1289.69,2373080000.0,0.0,MeanReversionStrategy,6,732321.9999999999,SimpleMovingAverage,6,,StdDev,6,,Broker,6,100000.0,100000.0,BuySell,6,,,Trades,6,,
7,spx-1950-2018,7,2006-01-11 23:59:59.999989,1289.72,1294.9,1288.12,1294.18,2406130000.0,0.0,MeanReversionStrategy,7,732322.9999999999,SimpleMovingAverage,7,,StdDev,7,,Broker,7,100000.0,100000.0,BuySell,7,,,Trades,7,,
8,spx-1950-2018,8,2006-01-12 23:59:59.999989,1294.18,1294.18,1285.04,1286.06,2318350000.0,0.0,MeanReversionStrategy,8,732323.9999999999,SimpleMovingAverage,8,,StdDev,8,,Broker,8,100000.0,100000.0,BuySell,8,,,Trades,8,,
9,spx-1950-2018,9,2006-01-13 23:59:59.999989,1286.06,1288.96,1282.78,1287.61,2206510000.0,0.0,MeanReversionStrategy,9,732324.9999999999,SimpleMovingAverage,9,,StdDev,9,,Broker,9,100000.0,100000.0,BuySell,9,,,Trades,9,,
10,spx-1950-2018,10,2006-01-17 23:59:59.999989,1287.61,1287.61,1278.61,1282.93,2179970000.0,0.0,MeanReversionStrategy,10,732328.9999999999,SimpleMovingAverage,10,,StdDev,10,,Broker,10,100000.0,100000.0,BuySell,10,,,Trades,10,,
11,spx-1950-2018,11,2006-01-18 23:59:59.999989,1282.93,1282.93,1272.08,1277.93,2233200000.0,0.0,MeanReversionStrategy,11,732329.9999999999,SimpleMovingAverage,11,,StdDev,11,,Broker,11,100000.0,100000.0,BuySell,11,,,Trades,11,,
12,spx-1950-2018,12,2006-01-19 23:59:59.999989,1277.93,1287.79,1277.93,1285.04,2444020000.0,0.0,MeanReversionStrategy,12,732330.9999999999,SimpleMovingAverage,12,,StdDev,12,,Broker,12,100000.0,100000.0,BuySell,12,,,Trades,12,,
13,spx-1950-2018,13,2006-01-20 23:59:59.999989,1285.04,1285.04,1260.92,1261.49,2845810000.0,0.0,MeanReversionStrategy,13,732331.9999999999,SimpleMovingAverage,13,,StdDev,13,,Broker,13,100000.0,100000.0,BuySell,13,,,Trades,13,,
14,spx-1950-2018,14,2006-01-23 23:59:59.999989,1261.49,1268.19,1261.49,1263.82,2256070000.0,0.0,MeanReversionStrategy,14,732334.9999999999,SimpleMovingAverage,14,,StdDev,14,,Broker,14,100000.0,100000.0,BuySell,14,,,Trades,14,,
15,spx-1950-2018,15,2006-01-24 23:59:59.999989,1263.82,1271.47,1263.82,1266.86,2608720000.0,0.0,MeanReversionStrategy,15,732335.9999999999,SimpleMovingAverage,15,1279.13,StdDev,15,10.122717685154496,Broker,15,100000.0,100000.0,BuySell,15,,,Trades,15,,
16,spx-1950-2018,16,2006-01-25 23:59:59.999989,1266.86,1271.87,1259.42,1264.68,2617060000.0,0.0,MeanReversionStrategy,16,732336.9999999999,SimpleMovingAverage,16,1278.8553333333334,StdDev,16,10.449890504461344,Broker,16,90000.0,99982.79210015314,BuySell,16,1266.86,,Trades,16,,
17,spx-1950-2018,17,2006-01-26 23:59:59.999989,1264.68,1276.44,1264.68,1273.83,2856780000.0,0.0,MeanReversionStrategy,17,732337.9999999999,SimpleMovingAverage,17,1278.88,StdDev,17,10.437555269297818,Broker,17,90000.0,100055.01791831772,BuySell,17,,,Trades,17,,
18,spx-1950-2018,18,2006-01-27 23:59:59.999989,1273.83,1286.38,1273.83,1283.72,2623620000.0,0.0,MeanReversionStrategy,18,732338.9999999999,SimpleMovingAverage,18,1279.5626666666665,StdDev,18,10.396837638886064,Broker,18,90000.0,100133.08495019181,BuySell,18,,,Trades,18,,
19,spx-1950-2018,19,2006-01-30 23:59:59.999989,1283.72,1287.94,1283.51,1285.19,2282730000.0,0.0,MeanReversionStrategy,19,732341.9999999999,SimpleMovingAverage,19,1279.5453333333332,StdDev,19,10.38722026766994,Broker,19,100133.08495019181,100133.08495019181,BuySell,19,,1283.72,Trades,19,133.08495019181385,
20,spx-1950-2018,20,2006-01-31 23:59:59.999989,1285.2,1285.2,1276.85,1280.08,2708310000.0,0.0,MeanReversionStrategy,20,732342.9999999999,SimpleMovingAverage,20,1278.874,StdDev,20,9.998272384097765,Broker,20,100133.08495019181,100133.08495019181,BuySell,20,,,Trades,20,,
21,spx-1950-2018,21,2006-02-01 23:59:59.999989,1280.08,1283.33,1277.57,1282.46,2589410000.0,0.0,MeanReversionStrategy,21,732343.9999999999,SimpleMovingAverage,21,1278.392,StdDev,21,9.632827345412402,Broker,21,100133.08495019181,100133.08495019181,BuySell,21,,,Trades,21,,
22,spx-1950-2018,22,2006-02-02 23:59:59.999989,1282.46,1282.46,1267.72,1270.84,2565300000.0,0.0,MeanReversionStrategy,22,732344.9999999999,SimpleMovingAverage,22,1276.836,StdDev,22,8.806532272501196,Broker,22,100133.08495019181,100133.08495019181,BuySell,22,,,Trades,22,,
23,spx-1950-2018,23,2006-02-03 23:59:59.999989,1270.84,1270.87,1261.02,1264.03,2282210000.0,0.0,MeanReversionStrategy,23,732345.9999999999,SimpleMovingAverage,23,1275.3673333333331,StdDev,23,8.981024044573722,Broker,23,100133.08495019181,100133.08495019181,BuySell,23,,,Trades,23,,
24,spx-1950-2018,24,2006-02-06 23:59:59.999989,1264.03,1267.04,1261.62,1265.02,2132360000.0,0.0,MeanReversionStrategy,24,732348.9999999999,SimpleMovingAverage,24,1273.8613333333333,StdDev,24,8.691167061386214,Broker,24,90133.08495019181,100140.91704278455,BuySell,24,1264.03,,Trades,24,,
25,spx-1950-2018,25,2006-02-07 23:59:59.999989,1265.02,1265.78,1253.61,1254.78,2366370000.0,0.0,MeanReversionStrategy,25,732349.9999999999,SimpleMovingAverage,25,1271.9846666666667,StdDev,25,9.529162864002725,Broker,25,90133.08495019181,100059.90630727986,BuySell,25,,,Trades,25,,
26,spx-1950-2018,26,2006-02-08 23:59:59.999989,1254.78,1266.47,1254.78,1265.65,2456860000.0,0.0,MeanReversionStrategy,26,732350.9999999999,SimpleMovingAverage,26,1271.166,StdDev,26,9.510702602858538,Broker,26,90133.08495019181,100145.9011017072,BuySell,26,,,Trades,26,,
27,spx-1950-2018,27,2006-02-09 23:59:59.999989,1265.65,1274.56,1262.8,1263.78,2441920000.0,0.0,MeanReversionStrategy,27,732351.9999999999,SimpleMovingAverage,27,1269.7486666666666,StdDev,27,8.902189144003561,Broker,27,90133.08495019181,100131.10714903203,BuySell,27,,,Trades,27,,
28,spx-1950-2018,28,2006-02-10 23:59:59.999989,1263.82,1269.89,1254.98,1266.99,2290050000.0,0.0,MeanReversionStrategy,28,732352.9999999999,SimpleMovingAverage,28,1270.1153333333334,StdDev,28,8.664573747263718,Broker,28,90133.08495019181,100156.50211592363,BuySell,28,,,Trades,28,,
29,spx-1950-2018,29,2006-02-13 23:59:59.999989,1266.99,1266.99,1258.34,1262.86,1850080000.0,0.0,MeanReversionStrategy,29,732355.9999999999,SimpleMovingAverage,29,1270.0513333333333,StdDev,29,8.714240350650625,Broker,29,90133.08495019181,100123.82884076404,BuySell,29,,,Trades,29,,
30,spx-1950-2018,30,2006-02-14 23:59:59.999989,1262.86,1278.21,1260.8,1275.53,2437940000.0,0.0,MeanReversionStrategy,30,732356.9999999999,SimpleMovingAverage,30,1270.6293333333333,StdDev,30,8.770745667021961,Broker,30,90133.08495019181,100224.06380354181,BuySell,30,,,Trades,30,,
31,spx-1950-2018,31,2006-02-15 23:59:59.999989,1275.53,1281.0,1271.06,1280.0,2317590000.0,0.0,MeanReversionStrategy,31,732357.9999999999,SimpleMovingAverage,31,1271.6506666666667,StdDev,31,8.909387159372688,Broker,31,100224.06380354181,100224.06380354181,BuySell,31,,1275.53,Trades,31,90.97885334999961,
32,spx-1950-2018,32,2006-02-16 23:59:59.999989,1280.0,1289.39,1280.0,1289.38,2251490000.0,0.0,MeanReversionStrategy,32,732358.9999999999,SimpleMovingAverage,32,1272.6873333333335,StdDev,32,9.946916752861169,Broker,32,100224.06380354181,100224.06380354181,BuySell,32,,,Trades,32,,
33,spx-1950-2018,33,2006-02-17 23:59:59.999989,1289.38,1289.47,1284.07,1287.24,2128260000.0,0.0,MeanReversionStrategy,33,732359.9999999999,SimpleMovingAverage,33,1272.922,StdDev,33,10.24158724677038,Broker,33,110224.06380354181,100240.66092774103,BuySell,33,,1289.38,Trades,33,,
34,spx-1950-2018,34,2006-02-21 23:59:59.999989,1287.24,1291.92,1281.33,1283.03,2104320000.0,0.0,MeanReversionStrategy,34,732363.9999999999,SimpleMovingAverage,34,1272.7779999999998,StdDev,34,10.08202506116077,Broker,34,110224.06380354181,100273.31227955353,BuySell,34,,,Trades,34,,
35,spx-1950-2018,35,2006-02-22 23:59:59.999989,1283.03,1294.17,1283.03,1292.67,2222380000.0,0.0,MeanReversionStrategy,35,732364.9999999999,SimpleMovingAverage,35,1273.6173333333331,StdDev,35,11.125087844865636,Broker,35,110224.06380354181,100198.54766400188,BuySell,35,,,Trades,35,,
36,spx-1950-2018,36,2006-02-23 23:59:59.999989,1292.67,1293.84,1285.14,1287.79,2144210000.0,0.0,MeanReversionStrategy,36,732365.9999999999,SimpleMovingAverage,36,1273.9726666666668,StdDev,36,11.481264429001088,Broker,36,110224.06380354181,100236.39531170853,BuySell,36,,,Trades,36,,
37,spx-1950-2018,37,2006-02-24 23:59:59.999989,1287.79,1292.11,1285.62,1289.43,1933010000.0,0.0,MeanReversionStrategy,37,732366.9999999999,SimpleMovingAverage,37,1275.212,StdDev,37,12.064736051808001,Broker,37,110224.06380354181,100223.67602026612,BuySell,37,,,Trades,37,,
38,spx-1950-2018,38,2006-02-27 23:59:59.999989,1289.43,1297.57,1289.43,1294.12,1975320000.0,0.0,MeanReversionStrategy,38,732369.9999999999,SimpleMovingAverage,38,1277.218,StdDev,38,12.531247982536826,Broker,38,110224.06380354181,100187.30194900707,BuySell,38,,,Trades,38,,
39,spx-1950-2018,39,2006-02-28 23:59:59.999989,1294.12,1294.12,1278.66,1280.66,2370860000.0,0.0,MeanReversionStrategy,39,732370.9999999999,SimpleMovingAverage,39,1278.2606666666666,StdDev,39,12.116741842978541,Broker,39,110224.06380354181,100291.6932068209,BuySell,39,,,Trades,39,,
40,spx-1950-2018,40,2006-03-01 23:59:59.999989,1280.66,1291.8,1280.66,1291.24,2308320000.0,0.0,MeanReversionStrategy,40,732371.9999999999,SimpleMovingAverage,40,1280.6913333333332,StdDev,40,10.741603770196772,Broker,40,110224.06380354181,100209.6382656864,BuySell,40,,,Trades,40,,
41,spx-1950-2018,41,2006-03-02 23:59:59.999989,1291.24,1291.24,1283.21,1289.14,2494590000.0,0.0,MeanReversionStrategy,41,732372.9999999999,SimpleMovingAverage,41,1282.2573333333335,StdDev,41,10.129441226199727,Broker,41,110224.06380354181,100225.92516326508,BuySell,41,,,Trades,41,,
42,spx-1950-2018,42,2006-03-03 23:59:59.999989,1289.14,1297.33,1284.2,1287.23,2152950000.0,0.0,MeanReversionStrategy,42,732373.9999999999,SimpleMovingAverage,42,1283.8206666666667,StdDev,42,8.890965801788514,Broker,42,110224.06380354181,100240.73848439618,BuySell,42,,,Trades,42,,
43,spx-1950-2018,43,2006-03-06 23:59:59.999989,1287.23,1288.23,1275.67,1278.26,2280190000.0,0.0,MeanReversionStrategy,43,732376.9999999999,SimpleMovingAverage,43,1284.5720000000001,StdDev,43,7.852478334879713,Broker,43,110224.06380354181,100310.30680405369,BuySell,43,,,Trades,43,,
44,spx-1950-2018,44,2006-03-07 23:59:59.999989,1278.26,1278.26,1271.11,1275.88,2268050000.0,0.0,MeanReversionStrategy,44,732377.9999999999,SimpleMovingAverage,44,1285.4399999999998,StdDev,44,5.875144253596378,Broker,44,100310.30680405369,100310.30680405369,BuySell,44,1278.26,,Trades,44,86.24300051187484,
45,spx-1950-2018,45,2006-03-08 23:59:59.999989,1275.88,1280.33,1268.42,1278.47,2442870000.0,0.0,MeanReversionStrategy,45,732378.9999999999,SimpleMovingAverage,45,1285.636,StdDev,45,5.58304791313491,Broker,45,90310.30680405369,100330.6065187604,BuySell,45,1275.88,,Trades,45,,
46,spx-1950-2018,46,2006-03-09 23:59:59.999989,1278.47,1282.74,1272.23,1272.23,2140110000.0,0.0,MeanReversionStrategy,46,732379.9999999999,SimpleMovingAverage,46,1285.118,StdDev,46,6.384814484394134,Broker,46,90310.30680405369,100281.69909799982,BuySell,46,,,Trades,46,,
47,spx-1950-2018,47,2006-03-10 23:59:59.999989,1272.23,1284.37,1271.11,1281.42,2123450000.0,0.0,MeanReversionStrategy,47,732380.9999999999,SimpleMovingAverage,47,1284.5873333333334,StdDev,47,6.339160266854799,Broker,47,90310.30680405369,100353.72781543407,BuySell,47,,,Trades,47,,
48,spx-1950-2018,48,2006-03-13 23:59:59.999989,1281.58,1287.37,1281.58,1284.13,2070330000.0,0.0,MeanReversionStrategy,48,732383.9999999999,SimpleMovingAverage,48,1284.38,StdDev,48,6.29974602661029,Broker,48,90310.30680405369,100374.9680574631,BuySell,48,,,Trades,48,,
49,spx-1950-2018,49,2006-03-14 23:59:59.999989,1284.13,1298.14,1282.67,1297.48,2165270000.0,0.0,MeanReversionStrategy,49,732384.9999999999,SimpleMovingAverage,49,1285.3433333333335,StdDev,49,7.076577955139813,Broker,49,90310.30680405369,100479.60172207106,BuySell,49,,,Trades,49,,
50,spx-1950-2018,50,2006-03-15 23:59:59.999989,1297.48,1304.4,1294.97,1303.02,2293000000.0,0.0,MeanReversionStrategy,50,732385.9999999999,SimpleMovingAverage,50,1286.0333333333333,StdDev,50,8.176439051053967,Broker,50,110479.60172207106,100436.90356872766,BuySell,50,,1297.48,Trades,50,169.29491801736768,
51,spx-1950-2018,51,2006-03-16 23:59:59.999989,1303.02,1310.45,1303.02,1305.33,2292180000.0,0.0,MeanReversionStrategy,51,732386.9999999999,SimpleMovingAverage,51,1287.2026666666668,StdDev,51,9.492374811156653,Broker,51,110479.60172207106,100419.09982608809,BuySell,51,,,Trades,51,,
52,spx-1950-2018,52,2006-03-17 23:59:59.999989,1305.33,1309.79,1305.32,1307.25,2549620000.0,0.0,MeanReversionStrategy,52,732387.9999999999,SimpleMovingAverage,52,1288.3906666666667,StdDev,52,10.731082869665112,Broker,52,110479.60172207106,100404.3019101279,BuySell,52,,,Trades,52,,
53,spx-1950-2018,53,2006-03-20 23:59:59.999989,1307.25,1310.0,1303.59,1305.08,1976830000.0,0.0,MeanReversionStrategy,53,732390.9999999999,SimpleMovingAverage,53,1289.1213333333333,StdDev,53,11.445647129915494,Broker,53,110479.60172207106,100421.02663806206,BuySell,53,,,Trades,53,,
54,spx-1950-2018,54,2006-03-21 23:59:59.999989,1305.08,1310.88,1295.82,1297.23,2147370000.0,0.0,MeanReversionStrategy,54,732391.9999999999,SimpleMovingAverage,54,1290.2259999999999,StdDev,54,11.375103105773935,Broker,54,110479.60172207106,100481.52853404505,BuySell,54,,,Trades,54,,
55,spx-1950-2018,55,2006-03-22 23:59:59.999989,1297.23,1305.97,1295.81,1305.04,2039810000.0,0.0,MeanReversionStrategy,55,732392.9999999999,SimpleMovingAverage,55,1291.146,StdDev,55,11.962789418308176,Broker,55,110479.60172207106,100421.3349279779,BuySell,55,,,Trades,55,,
56,spx-1950-2018,56,2006-03-23 23:59:59.999989,1305.04,1305.04,1298.11,1301.67,1980940000.0,0.0,MeanReversionStrategy,56,732393.9999999999,SimpleMovingAverage,56,1291.9813333333334,StdDev,56,12.228079089630771,Broker,56,110479.60172207106,100447.30835338715,BuySell,56,,,Trades,56,,
57,spx-1950-2018,57,2006-03-24 23:59:59.999989,1301.67,1306.53,1298.89,1302.95,2326070000.0,0.0,MeanReversionStrategy,57,732394.9999999999,SimpleMovingAverage,57,1293.0293333333332,StdDev,57,12.447625458538736,Broker,57,110479.60172207106,100437.44307608038,BuySell,57,,,Trades,57,,
58,spx-1950-2018,58,2006-03-27 23:59:59.999989,1302.95,1303.74,1299.09,1301.61,2029700000.0,0.0,MeanReversionStrategy,58,732397.9999999999,SimpleMovingAverage,58,1294.586,StdDev,58,11.953513179532647,Broker,58,110479.60172207106,100447.77078826091,BuySell,58,,,Trades,58,,
59,spx-1950-2018,59,2006-03-28 23:59:59.999989,1301.61,1306.24,1291.84,1293.23,2148580000.0,0.0,MeanReversionStrategy,59,732398.9999999999,SimpleMovingAverage,59,1295.7426666666665,StdDev,59,10.87858230144454,Broker,59,110479.60172207106,100512.35752562873,BuySell,59,,,Trades,59,,
60,spx-1950-2018,60,2006-03-29 23:59:59.999989,1293.23,1305.6,1293.23,1302.89,2143540000.0,0.0,MeanReversionStrategy,60,732399.9999999999,SimpleMovingAverage,60,1297.3706666666667,StdDev,60,9.960377815232723,Broker,60,100512.35752562873,100512.35752562873,BuySell,60,1293.23,,Trades,60,32.75580355766563,
61,spx-1950-2018,61,2006-03-30 23:59:59.999989,1302.89,1310.15,1296.72,1300.25,2294560000.0,0.0,MeanReversionStrategy,61,732400.9999999999,SimpleMovingAverage,61,1299.2386666666669,StdDev,61,7.357685203592414,Broker,61,100512.35752562873,100512.35752562873,BuySell,61,,,Trades,61,,
62,spx-1950-2018,62,2006-03-31 23:59:59.999989,1300.25,1303.0,1294.87,1294.87,2236710000.0,0.0,MeanReversionStrategy,62,732401.9999999999,SimpleMovingAverage,62,1300.1353333333332,StdDev,62,5.782462989309947,Broker,62,100512.35752562873,100512.35752562873,BuySell,62,,,Trades,62,,
63,spx-1950-2018,63,2006-04-03 23:59:59.999989,1302.88,1309.19,1296.65,1297.81,2494080000.0,0.0,MeanReversionStrategy,63,732404.9999999999,SimpleMovingAverage,63,1301.0473333333332,StdDev,63,3.9859210005146357,Broker,63,100512.35752562873,100512.35752562873,BuySell,63,,,Trades,63,,
64,spx-1950-2018,64,2006-04-04 23:59:59.999989,1297.81,1307.55,1294.71,1305.93,2147660000.0,0.0,MeanReversionStrategy,64,732405.9999999999,SimpleMovingAverage,64,1301.6106666666667,StdDev,64,4.03871178580083,Broker,64,100512.35752562873,100512.35752562873,BuySell,64,,,Trades,64,,
65,spx-1950-2018,65,2006-04-05 23:59:59.999989,1305.93,1312.81,1304.82,1311.56,2420020000.0,0.0,MeanReversionStrategy,65,732406.9999999999,SimpleMovingAverage,65,1302.18,StdDev,65,4.7385567422757635,Broker,65,100512.35752562873,100512.35752562873,BuySell,65,,,Trades,65,,
66,spx-1950-2018,66,2006-04-06 23:59:59.999989,1311.56,1311.99,1302.44,1309.04,2281680000.0,0.0,MeanReversionStrategy,66,732407.9999999999,SimpleMovingAverage,66,1302.4273333333333,StdDev,66,4.986837964957712,Broker,66,110512.35752562873,100531.57128634116,BuySell,66,,1311.56,Trades,66,,
67,spx-1950-2018,67,2006-04-07 23:59:59.999989,1309.04,1314.07,1294.18,1295.5,2082470000.0,0.0,MeanReversionStrategy,67,732408.9999999999,SimpleMovingAverage,67,1301.644,StdDev,67,5.08955767559772,Broker,67,110512.35752562873,100634.8071276294,BuySell,67,,,Trades,67,,
68,spx-1950-2018,68,2006-04-10 23:59:59.999989,1295.51,1300.74,1293.17,1296.62,1898320000.0,0.0,MeanReversionStrategy,68,732411.9999999999,SimpleMovingAverage,68,1301.0800000000002,StdDev,68,5.1459822515183316,Broker,68,90634.65369227319,100643.29900296405,BuySell,68,1295.51,,Trades,68,122.37335691847842,
69,spx-1950-2018,69,2006-04-11 23:59:59.999989,1296.6,1300.71,1282.96,1286.57,2232880000.0,0.0,MeanReversionStrategy,69,732412.9999999999,SimpleMovingAverage,69,1300.3693333333333,StdDev,69,6.2469133355973545,Broker,69,90634.65369227319,100565.72277756844,BuySell,69,,,Trades,69,,
70,spx-1950-2018,70,2006-04-12 23:59:59.999989,1286.57,1290.93,1286.45,1288.12,1938100000.0,0.0,MeanReversionStrategy,70,732413.9999999999,SimpleMovingAverage,70,1299.2413333333332,StdDev,70,6.804430778739248,Broker,70,90634.65369227319,100577.68727004238,BuySell,70,,,Trades,70,,
71,spx-1950-2018,71,2006-04-13 23:59:59.999989,1288.12,1292.09,1283.37,1289.12,1891940000.0,0.0,MeanReversionStrategy,71,732414.9999999999,SimpleMovingAverage,71,1298.4046666666666,StdDev,71,7.213630492967335,Broker,71,90634.65369227319,100585.40629744493,BuySell,71,,,Trades,71,,
72,spx-1950-2018,72,2006-04-17 23:59:59.999989,1289.12,1292.45,1280.74,1285.33,1794650000.0,0.0,MeanReversionStrategy,72,732418.9999999999,SimpleMovingAverage,72,1297.23,StdDev,72,7.789463824070329,Broker,72,90634.65369227319,100556.15118358929,BuySell,72,,,Trades,72,,
73,spx-1950-2018,73,2006-04-18 23:59:59.999989,1285.33,1309.02,1285.33,1307.28,2595440000.0,0.0,MeanReversionStrategy,73,732419.9999999999,SimpleMovingAverage,73,1297.608,StdDev,73,8.123263055375334,Broker,73,90634.65369227319,100725.5838350752,BuySell,73,,,Trades,73,,
74,spx-1950-2018,74,2006-04-19 23:59:59.999989,1307.65,1310.39,1302.79,1309.93,2447310000.0,0.0,MeanReversionStrategy,74,732420.9999999999,SimpleMovingAverage,74,1298.7213333333334,StdDev,74,8.578590301177504,Broker,74,100728.43987521414,100728.43987521414,BuySell,74,,1307.65,Trades,74,93.70899266692473,
75,spx-1950-2018,75,2006-04-20 23:59:59.999989,1309.93,1318.16,1306.38,1311.46,2512920000.0,0.0,MeanReversionStrategy,75,732421.9999999999,SimpleMovingAverage,75,1299.2926666666667,StdDev,75,9.106344650226106,Broker,75,110728.43987521414,100716.75986177831,BuySell,75,,1309.93,Trades,75,,
76,spx-1950-2018,76,2006-04-21 23:59:59.999989,1311.46,1317.67,1306.59,1311.28,2392630000.0,0.0,MeanReversionStrategy,76,732422.9999999999,SimpleMovingAverage,76,1300.0279999999998,StdDev,76,9.586628326312953,Broker,76,110728.43987521414,100718.13398100606,BuySell,76,,,Trades,76,,
77,spx-1950-2018,77,2006-04-24 23:59:59.999989,1311.28,1311.28,1303.79,1308.11,2117330000.0,0.0,MeanReversionStrategy,77,732425.9999999999,SimpleMovingAverage,77,1300.9106666666667,StdDev,77,9.680147703185375,Broker,77,110728.43987521414,100742.33374740579,BuySell,77,,,Trades,77,,
78,spx-1950-2018,78,2006-04-25 23:59:59.999989,1308.11,1310.79,1299.17,1301.74,2366380000.0,0.0,MeanReversionStrategy,78,732426.9999999999,SimpleMovingAverage,78,1301.1726666666666,StdDev,78,9.645803555025152,Broker,78,110728.43987521414,100790.96230007654,BuySell,78,,,Trades,78,,
79,spx-1950-2018,79,2006-04-26 23:59:59.999989,1301.74,1310.97,1301.74,1305.41,2502690000.0,0.0,MeanReversionStrategy,79,732427.9999999999,SimpleMovingAverage,79,1301.138,StdDev,79,9.629564337676463,Broker,79,110728.43987521414,100762.94553582196,BuySell,79,,,Trades,79,,
80,spx-1950-2018,80,2006-04-27 23:59:59.999989,1305.41,1315.0,1295.57,1309.72,2772010000.0,0.0,MeanReversionStrategy,80,732428.9999999999,SimpleMovingAverage,80,1301.0153333333333,StdDev,80,9.506960865014493,Broker,80,110728.43987521414,100730.04301431318,BuySell,80,,,Trades,80,,
81,spx-1950-2018,81,2006-04-28 23:59:59.999989,1309.72,1316.04,1306.16,1310.61,2419920000.0,0.0,MeanReversionStrategy,81,732429.9999999999,SimpleMovingAverage,81,1301.12,StdDev,81,9.602890537062557,Broker,81,110728.43987521414,100723.24875813155,BuySell,81,,,Trades,81,,
82,spx-1950-2018,82,2006-05-01 23:59:59.999989,1310.61,1317.21,1303.46,1305.19,2437040000.0,0.0,MeanReversionStrategy,82,732432.9999999999,SimpleMovingAverage,82,1301.7659999999998,StdDev,82,9.528740245538293,Broker,82,110728.43987521414,100764.6250148781,BuySell,82,,,Trades,82,,
83,spx-1950-2018,83,2006-05-02 23:59:59.999989,1305.19,1313.66,1305.19,1313.21,2403470000.0,0.0,MeanReversionStrategy,83,732433.9999999999,SimpleMovingAverage,83,1302.8719999999998,StdDev,83,9.825438548336965,Broker,83,110728.43987521414,100703.40036928635,BuySell,83,,,Trades,83,,
84,spx-1950-2018,84,2006-05-03 23:59:59.999989,1313.21,1313.47,1303.92,1308.12,2395230000.0,0.0,MeanReversionStrategy,84,732434.9999999999,SimpleMovingAverage,84,1304.3086666666668,StdDev,84,8.8653436606704,Broker,84,110728.43987521414,100742.25740744869,BuySell,84,,,Trades,84,,
85,spx-1950-2018,85,2006-05-04 23:59:59.999989,1307.85,1315.14,1307.85,1312.25,2431450000.0,0.0,MeanReversionStrategy,85,732435.9999999999,SimpleMovingAverage,85,1305.9173333333333,StdDev,85,7.92081432401631,Broker,85,110728.43987521414,100710.72900516765,BuySell,85,,,Trades,85,,
86,spx-1950-2018,86,2006-05-05 23:59:59.999989,1312.25,1326.53,1312.25,1325.76,2294760000.0,0.0,MeanReversionStrategy,86,732436.9999999999,SimpleMovingAverage,86,1308.3600000000001,StdDev,86,8.013202439284786,Broker,86,110728.43987521414,100607.59372312968,BuySell,86,,,Trades,86,,
87,spx-1950-2018,87,2006-05-08 23:59:59.999989,1325.76,1326.7,1322.87,1324.66,2151300000.0,0.0,MeanReversionStrategy,87,732439.9999999999,SimpleMovingAverage,87,1310.982,StdDev,87,6.3000372485753084,Broker,87,110728.43987521414,100615.99111841034,BuySell,87,,,Trades,87,,
88,spx-1950-2018,88,2006-05-09 23:59:59.999989,1324.66,1326.6,1322.48,1325.14,2157290000.0,0.0,MeanReversionStrategy,88,732440.9999999999,SimpleMovingAverage,88,1312.1726666666666,StdDev,88,7.121965521483895,Broker,88,110728.43987521414,100612.32680046969,BuySell,88,,,Trades,88,,
89,spx-1950-2018,89,2006-05-10 23:59:59.999989,1324.57,1325.51,1317.44,1322.85,2268550000.0,0.0,MeanReversionStrategy,89,732441.9999999999,SimpleMovingAverage,89,1313.0339999999999,StdDev,89,7.566079389854138,Broker,89,110728.43987521414,100629.80865064489,BuySell,89,,,Trades,89,,
90,spx-1950-2018,90,2006-05-11 23:59:59.999989,1322.63,1322.63,1303.45,1305.92,2531520000.0,0.0,MeanReversionStrategy,90,732442.9999999999,SimpleMovingAverage,90,1312.6646666666668,StdDev,90,7.766461113126047,Broker,90,110728.43987521414,100759.05219801002,BuySell,90,,,Trades,90,,
91,spx-1950-2018,91,2006-05-12 23:59:59.999989,1305.88,1305.88,1290.38,1291.24,2567970000.0,0.0,MeanReversionStrategy,91,732443.9999999999,SimpleMovingAverage,91,1311.3286666666668,StdDev,91,9.434314577924606,Broker,91,100759.3575578384,100759.3575578384,BuySell,91,1305.88,,Trades,91,30.917682624262014,
92,spx-1950-2018,92,2006-05-15 23:59:59.999989,1291.19,1294.81,1284.51,1294.5,2505660000.0,0.0,MeanReversionStrategy,92,732446.9999999999,SimpleMovingAverage,92,1310.4213333333332,StdDev,92,10.31371182241429,Broker,92,90759.74478252165,100784.99183186957,BuySell,92,1291.19,,Trades,92,,
93,spx-1950-2018,93,2006-05-16 23:59:59.999989,1294.5,1297.88,1288.51,1292.08,2386210000.0,0.0,MeanReversionStrategy,93,732447.9999999999,SimpleMovingAverage,93,1309.7773333333332,StdDev,93,11.10677779057559,Broker,93,90759.74478252165,100766.25015720025,BuySell,93,,,Trades,93,,
94,spx-1950-2018,94,2006-05-17 23:59:59.999989,1291.73,1291.73,1267.31,1270.32,2830200000.0,0.0,MeanReversionStrategy,94,732448.9999999999,SimpleMovingAverage,94,1307.4379999999999,StdDev,94,14.846162332414734,Broker,94,90759.74478252165,100597.72997504976,BuySell,94,,,Trades,94,,
95,spx-1950-2018,95,2006-05-18 23:59:59.999989,1270.25,1274.89,1261.75,1261.81,2537490000.0,0.0,MeanReversionStrategy,95,732449.9999999999,SimpleMovingAverage,95,1304.244,StdDev,95,18.672279560890438,Broker,95,90759.74478252165,100531.82433396058,BuySell,95,,,Trades,95,,
96,spx-1950-2018,96,2006-05-19 23:59:59.999989,1261.81,1272.15,1256.28,1267.03,2982300000.0,0.0,MeanReversionStrategy,96,732450.9999999999,SimpleMovingAverage,96,1301.3386666666668,StdDev,96,20.732505514011677,Broker,96,90759.74478252165,100572.2505908919,BuySell,96,,,Trades,96,,
97,spx-1950-2018,97,2006-05-22 23:59:59.999989,1267.03,1268.77,1252.98,1262.07,2773010000.0,0.0,MeanReversionStrategy,97,732453.9999999999,SimpleMovingAverage,97,1298.464,StdDev,97,22.877633269200594,Broker,97,90759.74478252165,100533.83790231348,BuySell,97,,,Trades,97,,
98,spx-1950-2018,98,2006-05-23 23:59:59.999989,1262.06,1273.67,1256.15,1256.58,2605250000.0,0.0,MeanReversionStrategy,98,732454.9999999999,SimpleMovingAverage,98,1294.6886666666664,StdDev,98,24.730304450667823,Broker,98,90759.74478252165,100491.32063209261,BuySell,98,,,Trades,98,,
99,spx-1950-2018,99,2006-05-24 23:59:59.999989,1256.56,1264.53,1245.34,1258.57,2999030000.0,0.0,MeanReversionStrategy,99,732455.9999999999,SimpleMovingAverage,99,1291.3853333333332,StdDev,99,25.99268688604094,Broker,99,90759.74478252165,100506.73217448597,BuySell,99,,,Trades,99,,
100,spx-1950-2018,100,2006-05-25 23:59:59.999989,1258.41,1273.26,1258.41,1272.88,2372730000.0,0.0,MeanReversionStrategy,100,732456.9999999999,SimpleMovingAverage,100,1288.7606666666666,StdDev,100,25.739821928077752,Broker,100,90759.74478252165,100617.55587883218,BuySell,100,,,Trades,100,,
101,spx-1950-2018,101,2006-05-26 23:59:59.999989,1272.71,1280.54,1272.5,1280.16,1814020000.0,0.0,MeanReversionStrategy,101,732457.9999999999,SimpleMovingAverage,101,1285.7206666666668,StdDev,101,23.81102446812824,Broker,101,90759.74478252165,100673.93579271341,BuySell,101,,,Trades,101,,
102,spx-1950-2018,102,2006-05-30 23:59:59.999989,1280.04,1280.04,1259.87,1259.87,2176190000.0,0.0,MeanReversionStrategy,102,732461.9999999999,SimpleMovingAverage,102,1281.4013333333335,StdDev,102,22.175976450997982,Broker,102,90759.74478252165,100516.80001625046,BuySell,102,,,Trades,102,,
103,spx-1950-2018,103,2006-05-31 23:59:59.999989,1259.38,1270.09,1259.38,1270.09,2692160000.0,0.0,MeanReversionStrategy,103,732462.9999999999,SimpleMovingAverage,103,1277.7313333333334,StdDev,103,18.955123798642315,Broker,103,90759.74478252165,100595.94874150681,BuySell,103,,,Trades,103,,
104,spx-1950-2018,104,2006-06-01 23:59:59.999989,1270.05,1285.71,1269.19,1285.71,2360160000.0,0.0,MeanReversionStrategy,104,732463.9999999999,SimpleMovingAverage,104,1275.2553333333333,StdDev,104,14.889497805132311,Broker,104,90759.74478252165,100716.91773255418,BuySell,104,,,Trades,104,,
105,spx-1950-2018,105,2006-06-02 23:59:59.999989,1285.71,1290.68,1280.22,1288.22,2295540000.0,0.0,MeanReversionStrategy,105,732464.9999999999,SimpleMovingAverage,105,1274.0753333333334,StdDev,105,12.99315710499422,Broker,105,100716.91773255418,100716.91773255418,BuySell,105,,1285.71,Trades,105,,-42.439825284223055
106,spx-1950-2018,106,2006-06-05 23:59:59.999989,1288.16,1288.16,1264.66,1265.29,2313470000.0,0.0,MeanReversionStrategy,106,732467.9999999999,SimpleMovingAverage,106,1272.3453333333334,StdDev,106,12.301747229100966,Broker,106,100716.91773255418,100716.91773255418,BuySell,106,,,Trades,106,,
107,spx-1950-2018,107,2006-06-06 23:59:59.999989,1265.23,1269.88,1254.46,1263.85,2697650000.0,0.0,MeanReversionStrategy,107,732468.9999999999,SimpleMovingAverage,107,1270.302,StdDev,107,10.920036752076854,Broker,107,100716.91773255418,100716.91773255418,BuySell,107,,,Trades,107,,
108,spx-1950-2018,108,2006-06-07 23:59:59.999989,1263.61,1272.47,1255.77,1256.15,2644170000.0,0.0,MeanReversionStrategy,108,732469.9999999999,SimpleMovingAverage,108,1267.9066666666665,StdDev,108,9.759240179904388,Broker,108,100716.91773255418,100716.91773255418,BuySell,108,,,Trades,108,,
109,spx-1950-2018,109,2006-06-08 23:59:59.999989,1256.08,1259.85,1235.18,1257.93,3543790000.0,0.0,MeanReversionStrategy,109,732470.9999999999,SimpleMovingAverage,109,1267.0806666666665,StdDev,109,10.04030907007845,Broker,109,90717.4749908434,100731.64527305492,BuySell,109,1256.08,,Trades,109,,
110,spx-1950-2018,110,2006-06-09 23:59:59.999989,1257.93,1262.58,1250.03,1252.3,2214000000.0,0.0,MeanReversionStrategy,110,732471.9999999999,SimpleMovingAverage,110,1266.4466666666667,StdDev,110,10.635713213298468,Broker,110,90717.4749908434,100686.82578493646,BuySell,110,,,Trades,110,,
111,spx-1950-2018,111,2006-06-12 23:59:59.999989,1252.27,1255.22,1236.43,1237.44,2247010000.0,0.0,MeanReversionStrategy,111,732474.9999999999,SimpleMovingAverage,111,1264.474,StdDev,111,12.856778134506865,Broker,111,90717.4749908434,100568.52781096839,BuySell,111,,,Trades,111,,
112,spx-1950-2018,112,2006-06-13 23:59:59.999989,1236.08,1243.37,1222.52,1223.69,3215770000.0,0.0,MeanReversionStrategy,112,732475.9999999999,SimpleMovingAverage,112,1261.9153333333334,StdDev,112,16.408950755270954,Broker,112,90717.4749908434,100459.06636130075,BuySell,112,,,Trades,112,,
113,spx-1950-2018,113,2006-06-14 23:59:59.999989,1223.66,1231.46,1219.29,1230.04,2667990000.0,0.0,MeanReversionStrategy,113,732476.9999999999,SimpleMovingAverage,113,1260.146,StdDev,113,18.219802340678957,Broker,113,90717.4749908434,100509.61764896545,BuySell,113,,,Trades,113,,
114,spx-1950-2018,114,2006-06-15 23:59:59.999989,1230.01,1258.64,1230.01,1256.16,2775480000.0,0.0,MeanReversionStrategy,114,732477.9999999999,SimpleMovingAverage,114,1259.9853333333333,StdDev,114,18.243601934808847,Broker,114,90717.4749908434,100717.55459917043,BuySell,114,,,Trades,114,,
115,spx-1950-2018,115,2006-06-16 23:59:59.999989,1256.16,1256.27,1246.33,1251.54,2783390000.0,0.0,MeanReversionStrategy,115,732478.9999999999,SimpleMovingAverage,115,1258.5626666666665,StdDev,115,18.01319274558679,Broker,115,90717.4749908434,100680.77555208211,BuySell,115,,,Trades,115,,
116,spx-1950-2018,116,2006-06-19 23:59:59.999989,1251.54,1255.93,1237.17,1240.13,2517200000.0,0.0,MeanReversionStrategy,116,732481.9999999999,SimpleMovingAverage,116,1255.894,StdDev,116,17.575775677526778,Broker,116,90717.4749908434,100589.94245093974,BuySell,116,,,Trades,116,,
117,spx-1950-2018,117,2006-06-20 23:59:59.999989,1240.12,1249.01,1238.87,1240.12,2232950000.0,0.0,MeanReversionStrategy,117,732482.9999999999,SimpleMovingAverage,117,1254.5773333333334,StdDev,117,17.964083970206488,Broker,117,90717.4749908434,100589.8628426127,BuySell,117,,,Trades,117,,
118,spx-1950-2018,118,2006-06-21 23:59:59.999989,1240.09,1257.96,1240.09,1252.2,2361230000.0,0.0,MeanReversionStrategy,118,732483.9999999999,SimpleMovingAverage,118,1253.3846666666666,StdDev,118,17.481984580963463,Broker,118,90717.4749908434,100686.02970166615,BuySell,118,,,Trades,118,,
119,spx-1950-2018,119,2006-06-22 23:59:59.999989,1251.92,1251.92,1241.53,1245.6,2148180000.0,0.0,MeanReversionStrategy,119,732484.9999999999,SimpleMovingAverage,119,1250.7106666666666,StdDev,119,15.259350124511602,Broker,119,90717.4749908434,100633.48820582569,BuySell,119,,,Trades,119,,
120,spx-1950-2018,120,2006-06-23 23:59:59.999989,1245.59,1253.13,1241.43,1244.5,2017270000.0,0.0,MeanReversionStrategy,120,732485.9999999999,SimpleMovingAverage,120,1247.7959999999998,StdDev,120,11.53808060295621,Broker,120,90717.4749908434,100624.73128985228,BuySell,120,,,Trades,120,,
121,spx-1950-2018,121,2006-06-26 23:59:59.999989,1244.5,1250.92,1243.68,1250.56,1878580000.0,0.0,MeanReversionStrategy,121,732488.9999999999,SimpleMovingAverage,121,1246.8139999999999,StdDev,121,10.5957361235742,Broker,121,90717.4749908434,100672.97393603307,BuySell,121,,,Trades,121,,
122,spx-1950-2018,122,2006-06-27 23:59:59.999989,1250.55,1253.37,1238.94,1239.2,2203130000.0,0.0,MeanReversionStrategy,122,732489.9999999999,SimpleMovingAverage,122,1245.1706666666666,StdDev,122,9.699772826657401,Broker,122,100672.89432770603,100672.89432770603,BuySell,122,,1250.55,Trades,122,,-44.023404848146896
123,spx-1950-2018,123,2006-06-28 23:59:59.999989,1238.99,1247.06,1237.59,1246.0,2085490000.0,0.0,MeanReversionStrategy,123,732490.9999999999,SimpleMovingAverage,123,1244.494,StdDev,123,9.254036092448592,Broker,123,100672.89432770603,100672.89432770603,BuySell,123,,,Trades,123,,
124,spx-1950-2018,124,2006-06-29 23:59:59.999989,1245.94,1272.88,1245.94,1272.87,2621250000.0,0.0,MeanReversionStrategy,124,732491.9999999999,SimpleMovingAverage,124,1245.49,StdDev,124,11.23787880340977,Broker,124,100672.89432770603,100672.89432770603,BuySell,124,,,Trades,124,,
125,spx-1950-2018,125,2006-06-30 23:59:59.999989,1272.86,1276.3,1270.2,1270.2,3049560000.0,0.0,MeanReversionStrategy,125,732492.9999999999,SimpleMovingAverage,125,1246.6833333333334,StdDev,125,12.74675418380039,Broker,125,110672.8157650877,100693.79198418313,BuySell,125,,1272.86,Trades,125,,
126,spx-1950-2018,126,2006-07-03 23:59:59.999989,1270.06,1280.38,1270.06,1280.19,1114470000.0,0.0,MeanReversionStrategy,126,732495.9999999999,SimpleMovingAverage,126,1249.5333333333333,StdDev,126,14.950175324127997,Broker,126,110672.8157650877,100615.30792846651,BuySell,126,,,Trades,126,,
127,spx-1950-2018,127,2006-07-05 23:59:59.999989,1280.05,1280.05,1265.91,1270.91,2165070000.0,0.0,MeanReversionStrategy,127,732497.9999999999,SimpleMovingAverage,127,1252.6813333333334,StdDev,127,14.125748530801163,Broker,127,110672.8157650877,100688.21403828135,BuySell,127,,,Trades,127,,
128,spx-1950-2018,128,2006-07-06 23:59:59.999989,1270.58,1278.32,1270.58,1274.08,2009160000.0,0.0,MeanReversionStrategy,128,732498.9999999999,SimpleMovingAverage,128,1255.6173333333331,StdDev,128,13.684597408133033,Broker,128,110672.8157650877,100663.30968826916,BuySell,128,,,Trades,128,,
129,spx-1950-2018,129,2006-07-07 23:59:59.999989,1274.08,1275.38,1263.13,1265.48,1988150000.0,0.0,MeanReversionStrategy,129,732499.9999999999,SimpleMovingAverage,129,1256.2386666666669,StdDev,129,13.904939106486392,Broker,129,110672.8157650877,100730.87354003722,BuySell,129,,,Trades,129,,
130,spx-1950-2018,130,2006-07-10 23:59:59.999989,1265.46,1274.06,1264.46,1267.34,1854590000.0,0.0,MeanReversionStrategy,130,732502.9999999999,SimpleMovingAverage,130,1257.2920000000001,StdDev,130,14.106096648838797,Broker,130,110672.8157650877,100716.26089302692,BuySell,130,,,Trades,130,,
131,spx-1950-2018,131,2006-07-11 23:59:59.999989,1267.26,1273.64,1259.65,1272.43,2310850000.0,0.0,MeanReversionStrategy,131,732503.9999999999,SimpleMovingAverage,131,1259.4453333333333,StdDev,131,13.783568897618085,Broker,131,110672.8157650877,100676.27252029443,BuySell,131,,,Trades,131,,
132,spx-1950-2018,132,2006-07-12 23:59:59.999989,1272.39,1273.31,1257.29,1258.6,2250450000.0,0.0,MeanReversionStrategy,132,732504.9999999999,SimpleMovingAverage,132,1260.6773333333333,StdDev,132,12.791352009159878,Broker,132,110672.8157650877,100784.92462145166,BuySell,132,,,Trades,132,,
133,spx-1950-2018,133,2006-07-13 23:59:59.999989,1258.58,1258.58,1241.43,1242.28,2545760000.0,0.0,MeanReversionStrategy,133,732505.9999999999,SimpleMovingAverage,133,1260.0159999999998,StdDev,133,13.451930617336116,Broker,133,100785.08174668833,100785.08174668833,BuySell,133,1258.58,,Trades,133,112.18741898229963,
134,spx-1950-2018,134,2006-07-14 23:59:59.999989,1242.29,1242.7,1228.45,1236.2,2467120000.0,0.0,MeanReversionStrategy,134,732506.9999999999,SimpleMovingAverage,134,1259.3893333333333,StdDev,134,14.301064513604416,Broker,134,90785.00124953793,100736.0589820942,BuySell,134,1242.29,,Trades,134,,
135,spx-1950-2018,135,2006-07-17 23:59:59.999989,1236.2,1240.07,1231.49,1234.49,2146410000.0,0.0,MeanReversionStrategy,135,732509.9999999999,SimpleMovingAverage,135,1258.7220000000002,StdDev,135,15.186422093413066,Broker,135,90785.00124953793,100722.29396937565,BuySell,135,,,Trades,135,,
136,spx-1950-2018,136,2006-07-18 23:59:59.999989,1234.48,1239.86,1224.54,1236.86,2481750000.0,0.0,MeanReversionStrategy,136,732510.9999999999,SimpleMovingAverage,136,1257.8086666666668,StdDev,136,16.037928738517873,Broker,136,90785.00124953793,100741.37179402066,BuySell,136,,,Trades,136,,
137,spx-1950-2018,137,2006-07-19 23:59:59.999989,1236.74,1261.81,1236.74,1259.81,2701980000.0,0.0,MeanReversionStrategy,137,732511.9999999999,SimpleMovingAverage,137,1259.1826666666666,StdDev,137,15.248239446649285,Broker,137,90785.00124953793,100926.11275419066,BuySell,137,,,Trades,137,,
138,spx-1950-2018,138,2006-07-20 23:59:59.999989,1259.81,1262.56,1249.13,1249.13,2345580000.0,0.0,MeanReversionStrategy,138,732512.9999999999,SimpleMovingAverage,138,1259.3913333333333,StdDev,138,15.0869753393147,Broker,138,100926.11275419066,100926.11275419066,BuySell,138,,1259.81,Trades,138,141.03100750233426,
139,spx-1950-2018,139,2006-07-21 23:59:59.999989,1249.12,1250.96,1238.72,1240.29,2704090000.0,0.0,MeanReversionStrategy,139,732513.9999999999,SimpleMovingAverage,139,1257.2193333333335,StdDev,139,15.333351652150613,Broker,139,100926.11275419066,100926.11275419066,BuySell,139,,,Trades,139,,
140,spx-1950-2018,140,2006-07-24 23:59:59.999989,1240.25,1262.5,1240.25,1260.91,2312720000.0,0.0,MeanReversionStrategy,140,732516.9999999999,SimpleMovingAverage,140,1256.6,StdDev,140,14.980086337097198,Broker,140,100926.11275419066,100926.11275419066,BuySell,140,,,Trades,140,,
141,spx-1950-2018,141,2006-07-25 23:59:59.999989,1260.91,1272.39,1257.19,1268.88,2563930000.0,0.0,MeanReversionStrategy,141,732517.9999999999,SimpleMovingAverage,141,1255.846,StdDev,141,14.02813211610067,Broker,141,100926.11275419066,100926.11275419066,BuySell,141,,,Trades,141,,
142,spx-1950-2018,142,2006-07-26 23:59:59.999989,1268.87,1273.89,1261.94,1268.4,2667710000.0,0.0,MeanReversionStrategy,142,732518.9999999999,SimpleMovingAverage,142,1255.6786666666667,StdDev,142,13.861424105127696,Broker,142,100926.11275419066,100926.11275419066,BuySell,142,,,Trades,142,,
143,spx-1950-2018,143,2006-07-27 23:59:59.999989,1268.2,1275.85,1261.92,1263.2,2776710000.0,0.0,MeanReversionStrategy,143,732519.9999999999,SimpleMovingAverage,143,1254.9533333333334,StdDev,143,13.14573678252147,Broker,143,100926.11275419066,100926.11275419066,BuySell,143,,,Trades,143,,
144,spx-1950-2018,144,2006-07-28 23:59:59.999989,1263.15,1280.42,1263.15,1278.55,2480420000.0,0.0,MeanReversionStrategy,144,732520.9999999999,SimpleMovingAverage,144,1255.8246666666666,StdDev,144,14.20506851639692,Broker,144,100926.11275419066,100926.11275419066,BuySell,144,,,Trades,144,,
145,spx-1950-2018,145,2006-07-31 23:59:59.999989,1278.53,1278.66,1274.31,1276.66,2461300000.0,0.0,MeanReversionStrategy,145,732523.9999999999,SimpleMovingAverage,145,1256.446,StdDev,145,14.882824463124548,Broker,145,110925.95632698797,100940.73869764223,BuySell,145,,1278.53,Trades,145,,
146,spx-1950-2018,146,2006-08-01 23:59:59.999989,1278.53,1278.66,1265.71,1270.92,2527690000.0,0.0,MeanReversionStrategy,146,732524.9999999999,SimpleMovingAverage,146,1256.3453333333334,StdDev,146,14.779114482566635,Broker,146,110925.95632698797,100985.63330481442,BuySell,146,,,Trades,146,,
147,spx-1950-2018,147,2006-08-02 23:59:59.999989,1270.73,1283.42,1270.73,1277.41,2610750000.0,0.0,MeanReversionStrategy,147,732525.9999999999,SimpleMovingAverage,147,1257.5993333333333,StdDev,147,15.68732459308746,Broker,147,110925.95632698797,100934.87267754134,BuySell,147,,,Trades,147,,
148,spx-1950-2018,148,2006-08-03 23:59:59.999989,1278.22,1283.96,1271.25,1280.27,2728440000.0,0.0,MeanReversionStrategy,148,732526.9999999999,SimpleMovingAverage,148,1260.132,StdDev,148,16.07159697519668,Broker,148,110925.95632698797,100912.50358755658,BuySell,148,,,Trades,148,,
149,spx-1950-2018,149,2006-08-04 23:59:59.999989,1280.26,1292.92,1273.82,1279.36,2530970000.0,0.0,MeanReversionStrategy,149,732527.9999999999,SimpleMovingAverage,149,1263.0093333333332,StdDev,149,15.377977962750306,Broker,149,110925.95632698797,100919.621025279,BuySell,149,,,Trades,149,,
150,spx-1950-2018,150,2006-08-07 23:59:59.999989,1279.31,1279.31,1273.0,1275.77,2045660000.0,0.0,MeanReversionStrategy,150,732530.9999999999,SimpleMovingAverage,150,1265.7613333333334,StdDev,150,13.62133809710088,Broker,150,110925.95632698797,100947.69970816196,BuySell,150,,,Trades,150,,
151,spx-1950-2018,151,2006-08-08 23:59:59.999989,1275.67,1282.75,1268.37,1271.48,2457840000.0,0.0,MeanReversionStrategy,151,732531.9999999999,SimpleMovingAverage,151,1268.0693333333334,StdDev,151,11.256482260857789,Broker,151,110925.95632698797,100981.25334313908,BuySell,151,,,Trades,151,,
152,spx-1950-2018,152,2006-08-09 23:59:59.999989,1271.13,1283.74,1264.73,1265.95,2555180000.0,0.0,MeanReversionStrategy,152,732532.9999999999,SimpleMovingAverage,152,1268.4786666666666,StdDev,152,11.058594164232272,Broker,152,110925.95632698797,101024.50546468302,BuySell,152,,,Trades,152,,
153,spx-1950-2018,153,2006-08-10 23:59:59.999989,1265.72,1272.55,1261.3,1271.81,2402190000.0,0.0,MeanReversionStrategy,153,732533.9999999999,SimpleMovingAverage,153,1269.9906666666668,StdDev,153,9.787142222766056,Broker,153,101026.30437751395,101026.30437751395,BuySell,153,1265.72,,Trades,153,100.1916233232955,
154,spx-1950-2018,154,2006-08-11 23:59:59.999989,1271.64,1271.64,1262.08,1266.74,2004540000.0,0.0,MeanReversionStrategy,154,732534.9999999999,SimpleMovingAverage,154,1271.7540000000001,StdDev,154,5.8800190475783625,Broker,154,101026.30437751395,101026.30437751395,BuySell,154,,,Trades,154,,
155,spx-1950-2018,155,2006-08-14 23:59:59.999989,1266.67,1278.9,1266.67,1268.21,2118020000.0,0.0,MeanReversionStrategy,155,732537.9999999999,SimpleMovingAverage,155,1272.2406666666668,StdDev,155,5.228347688832542,Broker,155,101026.30437751395,101026.30437751395,BuySell,155,,,Trades,155,,
156,spx-1950-2018,156,2006-08-15 23:59:59.999989,1268.19,1286.23,1268.19,1285.58,2334100000.0,0.0,MeanReversionStrategy,156,732538.9999999999,SimpleMovingAverage,156,1273.354,StdDev,156,6.0996467657207445,Broker,156,101026.30437751395,101026.30437751395,BuySell,156,,,Trades,156,,
157,spx-1950-2018,157,2006-08-16 23:59:59.999989,1285.27,1296.21,1285.27,1295.43,2554570000.0,0.0,MeanReversionStrategy,157,732539.9999999999,SimpleMovingAverage,157,1275.156,StdDev,157,8.050610577274837,Broker,157,111023.89301454938,100947.27390099752,BuySell,157,,1285.27,Trades,157,,
158,spx-1950-2018,158,2006-08-17 23:59:59.999989,1295.37,1300.78,1292.71,1297.48,2458340000.0,0.0,MeanReversionStrategy,158,732540.9999999999,SimpleMovingAverage,158,1277.4413333333332,StdDev,158,9.126002313315798,Broker,158,111023.89301454938,100931.32779107048,BuySell,158,,,Trades,158,,
159,spx-1950-2018,159,2006-08-18 23:59:59.999989,1297.48,1302.3,1293.57,1302.3,2033910000.0,0.0,MeanReversionStrategy,159,732541.9999999999,SimpleMovingAverage,159,1279.0246666666667,StdDev,159,11.040467300886963,Broker,159,111023.89301454938,100893.83498626642,BuySell,159,,,Trades,159,,
160,spx-1950-2018,160,2006-08-21 23:59:59.999989,1302.3,1302.3,1295.51,1297.52,1759240000.0,0.0,MeanReversionStrategy,160,732544.9999999999,SimpleMovingAverage,160,1280.4153333333334,StdDev,160,11.932742555199553,Broker,160,111023.89301454938,100931.01664746215,BuySell,160,,,Trades,160,,
161,spx-1950-2018,161,2006-08-22 23:59:59.999989,1297.52,1302.49,1294.44,1298.82,1908740000.0,0.0,MeanReversionStrategy,161,732545.9999999999,SimpleMovingAverage,161,1282.2753333333335,StdDev,161,12.470048311391473,Broker,161,111023.89301454938,100920.90448019134,BuySell,161,,,Trades,161,,
162,spx-1950-2018,162,2006-08-23 23:59:59.999989,1298.73,1301.5,1289.82,1292.99,1893670000.0,0.0,MeanReversionStrategy,162,732546.9999999999,SimpleMovingAverage,162,1283.3139999999999,StdDev,162,12.668811467557628,Broker,162,111023.89301454938,100966.2536611058,BuySell,162,,,Trades,162,,
163,spx-1950-2018,163,2006-08-24 23:59:59.999989,1292.97,1297.23,1291.4,1296.06,1930320000.0,0.0,MeanReversionStrategy,163,732547.9999999999,SimpleMovingAverage,163,1284.3666666666666,StdDev,163,13.023196569548944,Broker,163,111023.89301454938,100942.37338916629,BuySell,163,,,Trades,163,,
164,spx-1950-2018,164,2006-08-25 23:59:59.999989,1295.92,1298.88,1292.39,1295.09,1667580000.0,0.0,MeanReversionStrategy,164,732548.9999999999,SimpleMovingAverage,164,1285.4153333333334,StdDev,164,13.209800334934677,Broker,164,111023.89301454938,100949.91862166834,BuySell,164,,,Trades,164,,
165,spx-1950-2018,165,2006-08-28 23:59:59.999989,1295.09,1305.02,1293.97,1301.78,1834920000.0,0.0,MeanReversionStrategy,165,732551.9999999999,SimpleMovingAverage,165,1287.1493333333333,StdDev,165,13.533048174342023,Broker,165,111023.89301454938,100897.87985317475,BuySell,165,,,Trades,165,,
166,spx-1950-2018,166,2006-08-29 23:59:59.999989,1301.57,1305.02,1295.29,1304.28,2093720000.0,0.0,MeanReversionStrategy,166,732552.9999999999,SimpleMovingAverage,166,1289.336,StdDev,166,13.474321157912765,Broker,166,111023.89301454938,100878.43337765397,BuySell,166,,,Trades,166,,
167,spx-1950-2018,167,2006-08-30 23:59:59.999989,1303.7,1306.74,1302.15,1305.37,2060690000.0,0.0,MeanReversionStrategy,167,732553.9999999999,SimpleMovingAverage,167,1291.964,StdDev,167,12.463141284072902,Broker,167,111023.89301454938,100869.95471432692,BuySell,167,,,Trades,167,,
168,spx-1950-2018,168,2006-08-31 23:59:59.999989,1304.25,1306.11,1302.45,1303.82,1974540000.0,0.0,MeanReversionStrategy,168,732554.9999999999,SimpleMovingAverage,168,1294.0980000000002,StdDev,168,11.53551050738029,Broker,168,111023.89301454938,100882.0115291498,BuySell,168,,,Trades,168,,
169,spx-1950-2018,169,2006-09-01 23:59:59.999989,1303.8,1312.03,1303.8,1311.01,1800520000.0,0.0,MeanReversionStrategy,169,732555.9999999999,SimpleMovingAverage,169,1297.0493333333332,StdDev,169,9.670987861773208,Broker,169,111023.89301454938,100826.08346555204,BuySell,169,,,Trades,169,,
170,spx-1950-2018,170,2006-09-05 23:59:59.999989,1310.94,1314.67,1308.82,1313.25,2114480000.0,0.0,MeanReversionStrategy,170,732559.9999999999,SimpleMovingAverage,170,1300.052,StdDev,170,6.823657084003889,Broker,170,111023.89301454938,100808.65942348543,BuySell,170,,,Trades,170,,
171,spx-1950-2018,171,2006-09-06 23:59:59.999989,1313.04,1313.04,1299.28,1300.26,2329870000.0,0.0,MeanReversionStrategy,171,732560.9999999999,SimpleMovingAverage,171,1301.0306666666665,StdDev,171,5.625371651946606,Broker,171,111023.89301454938,100909.70331029138,BuySell,171,,,Trades,171,,
172,spx-1950-2018,172,2006-09-07 23:59:59.999989,1300.21,1301.25,1292.13,1294.02,2325850000.0,0.0,MeanReversionStrategy,172,732561.9999999999,SimpleMovingAverage,172,1300.9366666666667,StdDev,172,5.728999524816706,Broker,172,100910.0922398018,100910.0922398018,BuySell,172,1300.21,,Trades,172,,-116.21213771216148
173,spx-1950-2018,173,2006-09-08 23:59:59.999989,1294.02,1300.14,1294.02,1298.92,2132890000.0,0.0,MeanReversionStrategy,173,732562.9999999999,SimpleMovingAverage,173,1301.0326666666665,StdDev,173,5.682145682394791,Broker,173,90910.0922398018,100947.9587333645,BuySell,173,1294.02,,Trades,173,,
174,spx-1950-2018,174,2006-09-11 23:59:59.999989,1298.86,1302.36,1290.93,1299.54,2506430000.0,0.0,MeanReversionStrategy,174,732565.9999999999,SimpleMovingAverage,174,1300.8486666666665,StdDev,174,5.68281487372867,Broker,174,90910.0922398018,100952.75000397855,BuySell,174,,,Trades,174,,
175,spx-1950-2018,175,2006-09-12 23:59:59.999989,1299.53,1314.28,1299.53,1313.0,2791580000.0,0.0,MeanReversionStrategy,175,732566.9999999999,SimpleMovingAverage,175,1301.8806666666667,StdDev,175,6.350933229759654,Broker,175,90910.0922398018,101056.76694343853,BuySell,175,,,Trades,175,,
176,spx-1950-2018,176,2006-09-13 23:59:59.999989,1312.74,1319.92,1311.12,1318.07,2597220000.0,0.0,MeanReversionStrategy,176,732567.9999999999,SimpleMovingAverage,176,1303.164,StdDev,176,7.452238858220786,Broker,176,111052.77750290316,101014.16364151702,BuySell,176,,1312.74,Trades,176,144.66546112115753,
177,spx-1950-2018,177,2006-09-14 23:59:59.999989,1318.0,1318.0,1313.25,1316.28,2351220000.0,0.0,MeanReversionStrategy,177,732568.9999999999,SimpleMovingAverage,177,1304.7166666666667,StdDev,177,7.59559316679993,Broker,177,111052.77750290316,101027.79654326873,BuySell,177,,,Trades,177,,
178,spx-1950-2018,178,2006-09-15 23:59:59.999989,1316.28,1324.65,1316.28,1319.66,3198030000.0,0.0,MeanReversionStrategy,178,732569.9999999999,SimpleMovingAverage,178,1306.29,StdDev,178,8.068994980793025,Broker,178,111052.77750290316,101002.05396901131,BuySell,178,,,Trades,178,,
179,spx-1950-2018,179,2006-09-18 23:59:59.999989,1319.85,1324.87,1318.16,1321.18,2325080000.0,0.0,MeanReversionStrategy,179,732572.9999999999,SimpleMovingAverage,179,1308.0293333333332,StdDev,179,8.276565686084824,Broker,179,111052.77750290316,100990.4774267417,BuySell,179,,,Trades,179,,
180,spx-1950-2018,180,2006-09-19 23:59:59.999989,1321.17,1322.04,1312.17,1317.64,2390850000.0,0.0,MeanReversionStrategy,180,732573.9999999999,SimpleMovingAverage,180,1309.0866666666666,StdDev,180,8.422448311247184,Broker,180,111052.77750290316,101017.43858439593,BuySell,180,,,Trades,180,,
181,spx-1950-2018,181,2006-09-20 23:59:59.999989,1318.28,1328.53,1318.28,1325.18,2543070000.0,0.0,MeanReversionStrategy,181,732574.9999999999,SimpleMovingAverage,181,1310.48,StdDev,181,9.2044742743263,Broker,181,111052.77750290316,100960.01284182166,BuySell,181,,,Trades,181,,
182,spx-1950-2018,182,2006-09-21 23:59:59.999989,1324.89,1328.19,1315.45,1318.03,2627440000.0,0.0,MeanReversionStrategy,182,732575.9999999999,SimpleMovingAverage,182,1311.324,StdDev,182,9.277357957226767,Broker,182,111052.77750290316,101014.46828736622,BuySell,182,,,Trades,182,,
183,spx-1950-2018,183,2006-09-22 23:59:59.999989,1318.03,1318.03,1310.94,1314.78,2162880000.0,0.0,MeanReversionStrategy,183,732576.9999999999,SimpleMovingAverage,183,1312.0546666666667,StdDev,183,9.087230503423621,Broker,183,111052.77750290316,101039.22076261375,BuySell,183,,,Trades,183,,
184,spx-1950-2018,184,2006-09-25 23:59:59.999989,1314.78,1329.35,1311.58,1326.37,2710240000.0,0.0,MeanReversionStrategy,184,732579.9999999999,SimpleMovingAverage,184,1313.0786666666668,StdDev,184,9.752863419980287,Broker,184,111052.77750290316,100950.94962780796,BuySell,184,,,Trades,184,,
185,spx-1950-2018,185,2006-09-26 23:59:59.999989,1326.35,1336.6,1325.3,1336.35,2673350000.0,0.0,MeanReversionStrategy,185,732580.9999999999,SimpleMovingAverage,185,1314.6186666666665,StdDev,185,11.351143182778525,Broker,185,111052.77750290316,100874.94048843249,BuySell,185,,,Trades,185,,
186,spx-1950-2018,186,2006-09-27 23:59:59.999989,1336.12,1340.08,1333.54,1336.59,2749190000.0,0.0,MeanReversionStrategy,186,732581.9999999999,SimpleMovingAverage,186,1317.0406666666668,StdDev,186,11.892024479543274,Broker,186,111052.77750290316,100873.11261333729,BuySell,186,,,Trades,186,,
187,spx-1950-2018,187,2006-09-28 23:59:59.999989,1336.56,1340.28,1333.75,1338.88,2397820000.0,0.0,MeanReversionStrategy,187,732582.9999999999,SimpleMovingAverage,187,1320.0313333333334,StdDev,187,11.355315270334367,Broker,187,111052.77750290316,100855.67163847057,BuySell,187,,,Trades,187,,
188,spx-1950-2018,188,2006-09-29 23:59:59.999989,1339.15,1339.88,1335.64,1335.85,2273430000.0,0.0,MeanReversionStrategy,188,732583.9999999999,SimpleMovingAverage,188,1322.4933333333333,StdDev,188,10.480992107401528,Broker,188,111052.77750290316,100878.74856154749,BuySell,188,,,Trades,188,,
189,spx-1950-2018,189,2006-10-02 23:59:59.999989,1335.82,1338.54,1330.28,1331.32,2154480000.0,0.0,MeanReversionStrategy,189,732586.9999999999,SimpleMovingAverage,189,1324.612,StdDev,189,8.685202895345956,Broker,189,111052.77750290316,100913.24970396943,BuySell,189,,,Trades,189,,
190,spx-1950-2018,190,2006-10-03 23:59:59.999989,1331.32,1338.31,1327.1,1334.11,2682690000.0,0.0,MeanReversionStrategy,190,732587.9999999999,SimpleMovingAverage,190,1326.0193333333334,StdDev,190,8.39506161711991,Broker,190,111052.77750290316,100892.00065598771,BuySell,190,,,Trades,190,,
191,spx-1950-2018,191,2006-10-04 23:59:59.999989,1333.81,1350.2,1331.48,1350.2,3019880000.0,0.0,MeanReversionStrategy,191,732588.9999999999,SimpleMovingAverage,191,1328.1613333333332,StdDev,191,10.032766894323247,Broker,191,111052.77750290316,100769.45686314687,BuySell,191,,,Trades,191,,
192,spx-1950-2018,192,2006-10-05 23:59:59.999989,1349.84,1353.79,1347.75,1353.22,2817240000.0,0.0,MeanReversionStrategy,192,732589.9999999999,SimpleMovingAverage,192,1330.624,StdDev,192,11.271338163672144,Broker,192,111052.77750290316,100746.45610153225,BuySell,192,,,Trades,192,,
193,spx-1950-2018,193,2006-10-06 23:59:59.999989,1353.22,1353.22,1344.21,1349.59,2523000000.0,0.0,MeanReversionStrategy,193,732590.9999999999,SimpleMovingAverage,193,1332.6193333333333,StdDev,193,11.791029056958783,Broker,193,111052.77750290316,100774.10271234719,BuySell,193,,,Trades,193,,
194,spx-1950-2018,194,2006-10-09 23:59:59.999989,1349.58,1352.69,1346.55,1350.66,1935170000.0,0.0,MeanReversionStrategy,194,732593.9999999999,SimpleMovingAverage,194,1334.5846666666666,StdDev,194,12.17126335085232,Broker,194,111052.77750290316,100765.95343588108,BuySell,194,,,Trades,194,,
195,spx-1950-2018,195,2006-10-10 23:59:59.999989,1350.62,1354.23,1348.6,1353.42,2376140000.0,0.0,MeanReversionStrategy,195,732594.9999999999,SimpleMovingAverage,195,1336.97,StdDev,195,12.12269387002797,Broker,195,111052.77750290316,100744.93287228626,BuySell,195,,,Trades,195,,
196,spx-1950-2018,196,2006-10-11 23:59:59.999989,1353.28,1353.97,1343.57,1349.95,2521000000.0,0.0,MeanReversionStrategy,196,732595.9999999999,SimpleMovingAverage,196,1338.6213333333333,StdDev,196,12.091232011482274,Broker,196,111052.77750290316,100771.36089970438,BuySell,196,,,Trades,196,,
197,spx-1950-2018,197,2006-10-12 23:59:59.999989,1349.94,1363.76,1349.94,1362.83,2514350000.0,0.0,MeanReversionStrategy,197,732596.9999999999,SimpleMovingAverage,197,1341.608,StdDev,197,12.168873516754847,Broker,197,111052.77750290316,100673.26493626188,BuySell,197,,,Trades,197,,
198,spx-1950-2018,198,2006-10-13 23:59:59.999989,1362.82,1366.63,1360.5,1365.62,2482920000.0,0.0,MeanReversionStrategy,198,732597.9999999999,SimpleMovingAverage,198,1344.9973333333332,StdDev,198,11.271625417649199,Broker,198,111052.77750290316,100652.01588828016,BuySell,198,,,Trades,198,,
199,spx-1950-2018,199,2006-10-16 23:59:59.999989,1365.61,1370.2,1364.48,1369.06,2305920000.0,0.0,MeanReversionStrategy,199,732600.9999999999,SimpleMovingAverage,199,1347.8433333333335,StdDev,199,11.593911428919018,Broker,199,111052.77750290316,100625.81634524894,BuySell,199,,,Trades,199,,
200,spx-1950-2018,200,2006-10-17 23:59:59.999989,1369.05,1369.05,1356.87,1364.05,2519620000.0,0.0,MeanReversionStrategy,200,732601.9999999999,SimpleMovingAverage,200,1349.6899999999998,StdDev,200,11.820006768212806,Broker,200,111052.77750290316,100663.97323786127,BuySell,200,,,Trades,200,,
201,spx-1950-2018,201,2006-10-18 23:59:59.999989,1363.93,1372.87,1360.95,1365.8,2658840000.0,0.0,MeanReversionStrategy,201,732602.9999999999,SimpleMovingAverage,201,1351.6373333333333,StdDev,201,11.907221599606919,Broker,201,111052.77750290316,100650.64498195876,BuySell,201,,,Trades,201,,
202,spx-1950-2018,202,2006-10-19 23:59:59.999989,1365.95,1368.09,1362.06,1366.96,2619830000.0,0.0,MeanReversionStrategy,202,732603.9999999999,SimpleMovingAverage,202,1353.5093333333332,StdDev,202,11.961598815476938,Broker,202,111052.77750290316,100641.81025233195,BuySell,202,,,Trades,202,,
203,spx-1950-2018,203,2006-10-20 23:59:59.999989,1366.94,1368.66,1362.1,1368.6,2526410000.0,0.0,MeanReversionStrategy,203,732604.9999999999,SimpleMovingAverage,203,1355.6926666666666,StdDev,203,11.519750267357942,Broker,203,111052.77750290316,100629.31977251473,BuySell,203,,,Trades,203,,
204,spx-1950-2018,204,2006-10-23 23:59:59.999989,1368.58,1377.4,1363.94,1377.02,2480430000.0,0.0,MeanReversionStrategy,204,732607.9999999999,SimpleMovingAverage,204,1358.7393333333334,StdDev,204,10.68383605679419,Broker,204,111052.77750290316,100565.19182125808,BuySell,204,,,Trades,204,,
205,spx-1950-2018,205,2006-10-24 23:59:59.999989,1377.02,1377.78,1372.42,1377.38,2876890000.0,0.0,MeanReversionStrategy,205,732608.9999999999,SimpleMovingAverage,205,1361.624,StdDev,205,9.40998108392705,Broker,205,111052.77750290316,100562.45000861527,BuySell,205,,,Trades,205,,
206,spx-1950-2018,206,2006-10-25 23:59:59.999989,1377.36,1383.61,1376.0,1382.22,2953540000.0,0.0,MeanReversionStrategy,206,732609.9999999999,SimpleMovingAverage,206,1363.7586666666668,StdDev,206,10.176939858751272,Broker,206,111052.77750290316,100525.58786086204,BuySell,206,,,Trades,206,,
207,spx-1950-2018,207,2006-10-26 23:59:59.999989,1382.21,1389.45,1379.47,1389.08,2793350000.0,0.0,MeanReversionStrategy,207,732610.9999999999,SimpleMovingAverage,207,1366.1493333333333,StdDev,207,11.541024487558674,Broker,207,111052.77750290316,100473.34109772419,BuySell,207,,,Trades,207,,
208,spx-1950-2018,208,2006-10-27 23:59:59.999989,1388.89,1388.89,1375.85,1377.34,2458450000.0,0.0,MeanReversionStrategy,208,732611.9999999999,SimpleMovingAverage,208,1367.9993333333332,StdDev,208,10.947178307186308,Broker,208,111052.77750290316,100562.75465446447,BuySell,208,,,Trades,208,,
209,spx-1950-2018,209,2006-10-30 23:59:59.999989,1377.3,1381.22,1373.46,1377.93,2770440000.0,0.0,MeanReversionStrategy,209,732614.9999999999,SimpleMovingAverage,209,1369.8173333333332,StdDev,209,10.152173801172395,Broker,209,111052.77750290316,100558.26112818877,BuySell,209,,,Trades,209,,
210,spx-1950-2018,210,2006-10-31 23:59:59.999989,1377.93,1381.21,1372.19,1377.94,2803030000.0,0.0,MeanReversionStrategy,210,732615.9999999999,SimpleMovingAverage,210,1371.452,StdDev,210,9.320309866091359,Broker,210,111052.77750290316,100558.18496672646,BuySell,210,,,Trades,210,,
211,spx-1950-2018,211,2006-11-01 23:59:59.999989,1377.76,1381.95,1366.26,1367.81,2821160000.0,0.0,MeanReversionStrategy,211,732616.9999999999,SimpleMovingAverage,211,1372.6426666666666,StdDev,211,7.450662133140764,Broker,211,111052.77750290316,100635.33652803645,BuySell,211,,,Trades,211,,
212,spx-1950-2018,212,2006-11-02 23:59:59.999989,1367.44,1368.39,1362.21,1367.34,2646180000.0,0.0,MeanReversionStrategy,212,732617.9999999999,SimpleMovingAverage,212,1372.9433333333334,StdDev,212,7.132831758051933,Broker,212,100638.15450214155,100638.15450214155,BuySell,212,1367.4400000000003,,Trades,212,,-416.60319878141695
213,spx-1950-2018,213,2006-11-03 23:59:59.999989,1367.31,1371.68,1360.98,1364.3,2419730000.0,0.0,MeanReversionStrategy,213,732618.9999999999,SimpleMovingAverage,213,1372.8553333333332,StdDev,213,7.2301183638977315,Broker,213,100638.15450214155,100638.15450214155,BuySell,213,,,Trades,213,,
214,spx-1950-2018,214,2006-11-06 23:59:59.999989,1364.27,1381.4,1364.27,1379.78,2533550000.0,0.0,MeanReversionStrategy,214,732621.9999999999,SimpleMovingAverage,214,1373.57,StdDev,214,7.348489187126577,Broker,214,100638.15450214155,100638.15450214155,BuySell,214,,,Trades,214,,
215,spx-1950-2018,215,2006-11-07 23:59:59.999989,1379.75,1388.19,1379.19,1382.84,2636390000.0,0.0,MeanReversionStrategy,215,732622.9999999999,SimpleMovingAverage,215,1374.8226666666667,StdDev,215,7.219276479594856,Broker,215,100638.15450214155,100638.15450214155,BuySell,215,,,Trades,215,,
216,spx-1950-2018,216,2006-11-08 23:59:59.999989,1382.5,1388.61,1379.33,1385.72,2814820000.0,0.0,MeanReversionStrategy,216,732623.9999999999,SimpleMovingAverage,216,1376.1506666666667,StdDev,216,7.269382795141306,Broker,216,100638.15450214155,100638.15450214155,BuySell,216,,,Trades,216,,
217,spx-1950-2018,217,2006-11-09 23:59:59.999989,1385.43,1388.92,1377.31,1378.33,3012050000.0,0.0,MeanReversionStrategy,217,732624.9999999999,SimpleMovingAverage,217,1376.9086666666667,StdDev,217,6.852355183093014,Broker,217,110636.0617272664,100689.39140425742,BuySell,217,,1385.43,Trades,217,,
218,spx-1950-2018,218,2006-11-10 23:59:59.999989,1378.33,1381.04,1375.6,1380.9,2290200000.0,0.0,MeanReversionStrategy,218,732625.9999999999,SimpleMovingAverage,218,1377.7286666666666,StdDev,218,6.537748712075515,Broker,218,110636.0617272664,100670.8450889845,BuySell,218,,,Trades,218,,
219,spx-1950-2018,219,2006-11-13 23:59:59.999989,1380.58,1387.61,1378.8,1384.42,2386340000.0,0.0,MeanReversionStrategy,219,732628.9999999999,SimpleMovingAverage,219,1378.2220000000002,StdDev,219,6.7416785248766,Broker,219,110636.0617272664,100645.44313187916,BuySell,219,,,Trades,219,,
220,spx-1950-2018,220,2006-11-14 23:59:59.999989,1384.36,1394.49,1379.07,1393.22,3027480000.0,0.0,MeanReversionStrategy,220,732629.9999999999,SimpleMovingAverage,220,1379.2779999999998,StdDev,220,7.699599296973782,Broker,220,110636.0617272664,100581.93823911583,BuySell,220,,,Trades,220,,
221,spx-1950-2018,221,2006-11-15 23:59:59.999989,1392.91,1401.35,1392.13,1396.57,2831130000.0,0.0,MeanReversionStrategy,221,732630.9999999999,SimpleMovingAverage,221,1380.2346666666667,StdDev,221,8.816224336714846,Broker,221,110636.0617272664,100557.76308107525,BuySell,221,,,Trades,221,,
222,spx-1950-2018,222,2006-11-16 23:59:59.999989,1396.53,1403.76,1396.53,1399.76,2835730000.0,0.0,MeanReversionStrategy,222,732631.9999999999,SimpleMovingAverage,222,1380.9466666666667,StdDev,222,9.870095350202282,Broker,222,110636.0617272664,100534.74255744854,BuySell,222,,,Trades,222,,
223,spx-1950-2018,223,2006-11-17 23:59:59.999989,1399.76,1401.21,1394.55,1401.2,2726100000.0,0.0,MeanReversionStrategy,223,732632.9999999999,SimpleMovingAverage,223,1382.5373333333334,StdDev,223,11.01670819960189,Broker,223,110636.0617272664,100524.35084772363,BuySell,223,,,Trades,223,,
224,spx-1950-2018,224,2006-11-20 23:59:59.999989,1401.17,1404.37,1397.85,1400.5,2546710000.0,0.0,MeanReversionStrategy,224,732635.9999999999,SimpleMovingAverage,224,1384.0420000000001,StdDev,224,11.79826947760646,Broker,224,110636.0617272664,100529.40237328435,BuySell,224,,,Trades,224,,
225,spx-1950-2018,225,2006-11-21 23:59:59.999989,1400.43,1403.49,1399.99,1402.81,2597940000.0,0.0,MeanReversionStrategy,225,732636.9999999999,SimpleMovingAverage,225,1385.7,StdDev,225,12.547925193684367,Broker,225,110636.0617272664,100512.73233893397,BuySell,225,,,Trades,225,,
226,spx-1950-2018,226,2006-11-22 23:59:59.999989,1402.69,1407.89,1402.26,1406.09,2237710000.0,0.0,MeanReversionStrategy,226,732637.9999999999,SimpleMovingAverage,226,1388.252,StdDev,226,12.542636192873323,Broker,226,110636.0617272664,100489.06233344946,BuySell,226,,,Trades,226,,
227,spx-1950-2018,227,2006-11-24 23:59:59.999989,1405.94,1405.94,1399.25,1400.95,832550000.0,0.0,MeanReversionStrategy,227,732639.9999999999,SimpleMovingAverage,227,1390.4926666666665,StdDev,227,11.571184017018645,Broker,227,110636.0617272664,100526.15496399532,BuySell,227,,,Trades,227,,
228,spx-1950-2018,228,2006-11-27 23:59:59.999989,1400.95,1400.95,1381.44,1381.96,2711210000.0,0.0,MeanReversionStrategy,228,732642.9999999999,SimpleMovingAverage,228,1391.6699999999998,StdDev,228,9.57198481683229,Broker,228,110636.0617272664,100663.19563599254,BuySell,228,,,Trades,228,,
229,spx-1950-2018,229,2006-11-28 23:59:59.999989,1381.61,1387.91,1377.83,1386.72,2639750000.0,0.0,MeanReversionStrategy,229,732643.9999999999,SimpleMovingAverage,229,1392.1326666666669,StdDev,229,9.144261928760985,Broker,229,100665.7213987729,100665.7213987729,BuySell,229,1381.61,,Trades,229,27.566896631355277,
230,spx-1950-2018,230,2006-11-29 23:59:59.999989,1386.11,1401.14,1386.11,1399.48,2790970000.0,0.0,MeanReversionStrategy,230,732644.9999999999,SimpleMovingAverage,230,1393.242,StdDev,230,8.957057701439131,Broker,230,100665.7213987729,100665.7213987729,BuySell,230,,,Trades,230,,
231,spx-1950-2018,231,2006-11-30 23:59:59.999989,1399.47,1406.3,1393.83,1400.63,4006230000.0,0.0,MeanReversionStrategy,231,732645.9999999999,SimpleMovingAverage,231,1394.236,StdDev,231,8.894248178823078,Broker,231,100665.7213987729,100665.7213987729,BuySell,231,,,Trades,231,,
232,spx-1950-2018,232,2006-12-01 23:59:59.999989,1400.63,1402.46,1385.93,1396.71,2800980000.0,0.0,MeanReversionStrategy,232,732646.9999999999,SimpleMovingAverage,232,1395.4613333333334,StdDev,232,7.819688712186687,Broker,232,100665.7213987729,100665.7213987729,BuySell,232,,,Trades,232,,
233,spx-1950-2018,233,2006-12-04 23:59:59.999989,1396.67,1411.23,1396.67,1409.12,2766320000.0,0.0,MeanReversionStrategy,233,732649.9999999999,SimpleMovingAverage,233,1397.3426666666667,StdDev,233,7.477292260946629,Broker,233,100665.7213987729,100665.7213987729,BuySell,233,,,Trades,233,,
234,spx-1950-2018,234,2006-12-05 23:59:59.999989,1409.1,1415.27,1408.78,1414.76,2755700000.0,0.0,MeanReversionStrategy,234,732650.9999999999,SimpleMovingAverage,234,1399.3653333333334,StdDev,234,7.804481504583784,Broker,234,110665.57946621925,100625.55448608981,BuySell,234,,1409.1,Trades,234,,
235,spx-1950-2018,235,2006-12-06 23:59:59.999989,1414.4,1415.93,1411.05,1412.9,2725280000.0,0.0,MeanReversionStrategy,235,732651.9999999999,SimpleMovingAverage,235,1400.6773333333333,StdDev,235,8.29960197171044,Broker,235,110665.57946621925,100638.7542135793,BuySell,235,,,Trades,235,,
236,spx-1950-2018,236,2006-12-07 23:59:59.999989,1412.86,1418.27,1406.8,1407.29,2743150000.0,0.0,MeanReversionStrategy,236,732652.9999999999,SimpleMovingAverage,236,1401.392,StdDev,236,8.376343036570386,Broker,236,110665.57946621925,100678.56629487827,BuySell,236,,,Trades,236,,
237,spx-1950-2018,237,2006-12-08 23:59:59.999989,1407.27,1414.09,1403.67,1409.84,2440460000.0,0.0,MeanReversionStrategy,237,732653.9999999999,SimpleMovingAverage,237,1402.0639999999999,StdDev,237,8.619274370112937,Broker,237,110665.57946621925,100660.46989428783,BuySell,237,,,Trades,237,,
238,spx-1950-2018,238,2006-12-11 23:59:59.999989,1409.81,1415.6,1408.56,1413.04,2289900000.0,0.0,MeanReversionStrategy,238,732656.9999999999,SimpleMovingAverage,238,1402.8533333333332,StdDev,238,9.036071171836841,Broker,238,110665.57946621925,100637.76068570375,BuySell,238,,,Trades,238,,
239,spx-1950-2018,239,2006-12-12 23:59:59.999989,1413.0,1413.78,1404.75,1411.56,2738170000.0,0.0,MeanReversionStrategy,239,732657.9999999999,SimpleMovingAverage,239,1403.5906666666667,StdDev,239,9.262367204013906,Broker,239,110665.57946621925,100648.2636946739,BuySell,239,,,Trades,239,,
240,spx-1950-2018,240,2006-12-13 23:59:59.999989,1411.32,1416.64,1411.05,1413.21,2552260000.0,0.0,MeanReversionStrategy,240,732658.9999999999,SimpleMovingAverage,240,1404.2839999999999,StdDev,240,9.562367768165691,Broker,240,110665.57946621925,100636.55425899773,BuySell,240,,,Trades,240,,
241,spx-1950-2018,241,2006-12-14 23:59:59.999989,1413.16,1427.23,1413.16,1425.49,2729700000.0,0.0,MeanReversionStrategy,241,732659.9999999999,SimpleMovingAverage,241,1405.5773333333334,StdDev,241,10.93290230856079,Broker,241,110665.57946621925,100549.40767105631,BuySell,241,,,Trades,241,,
242,spx-1950-2018,242,2006-12-15 23:59:59.999989,1425.48,1431.63,1425.48,1427.09,3229580000.0,0.0,MeanReversionStrategy,242,732660.9999999999,SimpleMovingAverage,242,1407.32,StdDev,242,12.079609817108041,Broker,242,110665.57946621925,100538.05306676427,BuySell,242,,,Trades,242,,
243,spx-1950-2018,243,2006-12-18 23:59:59.999989,1427.08,1431.81,1420.65,1422.48,2568140000.0,0.0,MeanReversionStrategy,243,732663.9999999999,SimpleMovingAverage,243,1410.0213333333334,StdDev,243,10.538793648020016,Broker,243,110665.57946621925,100570.7685203807,BuySell,243,,,Trades,243,,
244,spx-1950-2018,244,2006-12-19 23:59:59.999989,1422.42,1428.3,1414.88,1425.55,2717060000.0,0.0,MeanReversionStrategy,244,732664.9999999999,SimpleMovingAverage,244,1412.6100000000001,StdDev,244,9.178460292062992,Broker,244,110665.57946621925,100548.98187339536,BuySell,244,,,Trades,244,,
245,spx-1950-2018,245,2006-12-20 23:59:59.999989,1425.51,1429.05,1423.51,1423.53,2387630000.0,0.0,MeanReversionStrategy,245,732665.9999999999,SimpleMovingAverage,245,1414.2133333333334,StdDev,245,8.839122631180091,Broker,245,110665.57946621925,100563.31706131405,BuySell,245,,,Trades,245,,
246,spx-1950-2018,246,2006-12-21 23:59:59.999989,1423.2,1426.4,1415.9,1418.3,2322410000.0,0.0,MeanReversionStrategy,246,732666.9999999999,SimpleMovingAverage,246,1415.3913333333333,StdDev,246,8.096624701421007,Broker,246,110665.57946621925,100600.43242409367,BuySell,246,,,Trades,246,,
247,spx-1950-2018,247,2006-12-22 23:59:59.999989,1418.1,1418.82,1410.28,1410.76,1647590000.0,0.0,MeanReversionStrategy,247,732667.9999999999,SimpleMovingAverage,247,1416.328,StdDev,247,6.545363957289359,Broker,247,110665.57946621925,100653.9409968199,BuySell,247,,,Trades,247,,
248,spx-1950-2018,248,2006-12-26 23:59:59.999989,1410.75,1417.91,1410.45,1416.9,1310310000.0,0.0,MeanReversionStrategy,248,732671.9999999999,SimpleMovingAverage,248,1416.8466666666668,StdDev,248,6.2554697842681675,Broker,248,100654.01196309674,100654.01196309674,BuySell,248,1410.75,,Trades,248,,-11.709435676167331
249,spx-1950-2018,249,2006-12-27 23:59:59.999989,1416.63,1427.72,1416.63,1426.84,1667370000.0,0.0,MeanReversionStrategy,249,732672.9999999999,SimpleMovingAverage,249,1417.6519999999998,StdDev,249,6.6970025136135956,Broker,249,100654.01196309674,100654.01196309674,BuySell,249,,,Trades,249,,
250,spx-1950-2018,250,2006-12-28 23:59:59.999989,1426.77,1427.26,1422.05,1424.73,1508570000.0,0.0,MeanReversionStrategy,250,732673.9999999999,SimpleMovingAverage,250,1418.4406666666666,StdDev,250,6.786920231012057,Broker,250,110653.52136849609,100668.30929145872,BuySell,250,,1426.77,Trades,250,,
251,spx-1950-2018,251,2006-12-29 23:59:59.999989,1424.71,1427.0,1416.84,1418.3,1678200000.0,0.0,MeanReversionStrategy,251,732674.9999999999,SimpleMovingAverage,251,1419.1746666666666,StdDev,251,6.102105501855544,Broker,251,110653.52136849609,100713.37390977613,BuySell,251,,,Trades,251,,
===============================================================================
Cerebro:
  -----------------------------------------------------------------------------
  - Datas:
    +++++++++++++++++++++++++++++++++++++++++++++++++++++++++++++++++++++++++++
    - Data0:
      - Name: spx-1950-2018
      - Timeframe: Days
      - Compression: 1
  -----------------------------------------------------------------------------
  - Strategies:
    +++++++++++++++++++++++++++++++++++++++++++++++++++++++++++++++++++++++++++
    - MeanReversionStrategy:
      *************************************************************************
      - Params:
        - period_BB: 15
        - devfactor: 1.2
      *************************************************************************
      - Indicators:
        .......................................................................
        - SimpleMovingAverage:
          - Lines: sma
          ~~~~~~~~~~~~~~~~~~~~~~~~~~~~~~~~~~~~~~~~~~~~~~~~~~~~~~~~~~~~~~~~~~~~~
          - Params:
            - period: 15
        .......................................................................
        - StdDev:
          - Lines: stddev
          ~~~~~~~~~~~~~~~~~~~~~~~~~~~~~~~~~~~~~~~~~~~~~~~~~~~~~~~~~~~~~~~~~~~~~
          - Params:
            - period: 15
            - movav: SimpleMovingAverage
            - safepow: True
      *************************************************************************
      - Observers:
        .......................................................................
        - Broker:
          - Lines: cash, value
          ~~~~~~~~~~~~~~~~~~~~~~~~~~~~~~~~~~~~~~~~~~~~~~~~~~~~~~~~~~~~~~~~~~~~~
          - Params:
            - fund: None
        .......................................................................
        - BuySell:
          - Lines: buy, sell
          ~~~~~~~~~~~~~~~~~~~~~~~~~~~~~~~~~~~~~~~~~~~~~~~~~~~~~~~~~~~~~~~~~~~~~
          - Params:
            - barplot: False
            - bardist: 0.015
        .......................................................................
        - Trades:
          - Lines: pnlplus, pnlminus
          - Params: None
      *************************************************************************
      - Analyzers:
        .......................................................................
        - Value:
          - Begin: 100000.0
          - End: 100713.37390977613
