date,Open,High,Low,Close,Adj Close,Volume
2010-01-04,30.95,30.95,30.95,30.95,30.95,30.95
2010-01-05,30.93,30.93,30.93,30.93,30.93,30.93
2010-01-06,30.75,30.75,30.75,30.75,30.75,30.75
2010-01-07,30.45,30.45,30.45,30.45,30.45,30.45
2010-01-08,30.68,30.68,30.68,30.68,30.68,30.68
2010-01-11,30.24,30.24,30.24,30.24,30.24,30.24
2010-01-12,30.03,30.03,30.03,30.03,30.03,30.03
2010-01-13,30.37,30.37,30.37,30.37,30.37,30.37
2010-01-14,31.01,31.01,31.01,31.01,31.01,31.01
2010-01-15,30.9,30.9,30.9,30.9,30.9,30.9
2010-01-19,31.1,31.1,31.1,31.1,31.1,31.1
2010-01-20,30.61,30.61,30.61,30.61,30.61,30.61
2010-01-21,30.06,30.06,30.06,30.06,30.06,30.06
2010-01-22,28.95,28.95,28.95,28.95,28.95,28.95
2010-01-25,29.37,29.37,29.37,29.37,29.37,29.37
2010-01-26,29.55,29.55,29.55,29.55,29.55,29.55
2010-01-27,29.7,29.7,29.7,29.7,29.7,29.7
2010-01-28,29.29,29.29,29.29,29.29,29.29,29.29
2010-01-29,28.12,28.12,28.12,28.12,28.12,28.12
2010-02-01,28.37,28.37,28.37,28.37,28.37,28.37
2010-02-02,28.47,28.47,28.47,28.47,28.47,28.47
2010-02-03,28.61,28.61,28.61,28.61,28.61,28.61
2010-02-04,27.86,27.86,27.86,27.86,27.86,27.86
2010-02-05,28.01,28.01,28.01,28.01,28.01,28.01
2010-02-08,27.72,27.72,27.72,27.72,27.72,27.72
2010-02-09,28.02,28.02,28.02,28.02,28.02,28.02
2010-02-10,27.97,27.97,27.97,27.97,27.97,27.97
2010-02-11,28.13,28.13,28.13,28.13,28.13,28.13
2010-02-12,27.95,27.95,27.95,27.95,27.95,27.95
2010-02-16,28.35,28.35,28.35,28.35,28.35,28.35
2010-02-17,28.61,28.61,28.61,28.61,28.61,28.61
2010-02-18,28.97,28.97,28.97,28.97,28.97,28.97
2010-02-19,28.78,28.78,28.78,28.78,28.78,28.78
2010-02-22,28.73,28.73,28.73,28.73,28.73,28.73
2010-02-23,28.34,28.34,28.34,28.34,28.34,28.34
2010-02-24,28.64,28.64,28.64,28.64,28.64,28.64
2010-02-25,28.61,28.61,28.61,28.61,28.61,28.61
2010-02-26,28.67,28.67,28.67,28.67,28.67,28.67
2010-03-01,28.96,28.96,28.96,28.96,28.96,28.96
2010-03-02,28.44,28.44,28.44,28.44,28.44,28.44
2010-03-03,28.47,28.47,28.47,28.47,28.47,28.47
2010-03-04,28.56,28.56,28.56,28.56,28.56,28.56
2010-03-05,28.58,28.58,28.58,28.58,28.58,28.58
2010-03-08,28.66,28.66,28.66,28.66,28.66,28.66
2010-03-09,28.79,28.79,28.79,28.79,28.79,28.79
2010-03-10,28.97,28.97,28.97,28.97,28.97,28.97
2010-03-11,29.16,29.16,29.16,29.16,29.16,29.16
2010-03-12,29.28,29.28,29.28,29.28,29.28,29.28
2010-03-15,29.28,29.28,29.28,29.28,29.28,29.28
2010-03-16,29.34,29.34,29.34,29.34,29.34,29.34
2010-03-17,29.59,29.59,29.59,29.59,29.59,29.59
2010-03-18,29.6,29.6,29.6,29.6,29.6,29.6
2010-03-19,29.56,29.56,29.56,29.56,29.56,29.56
2010-03-22,29.6,29.6,29.6,29.6,29.6,29.6
2010-03-23,29.85,29.85,29.85,29.85,29.85,29.85
2010-03-24,29.68,29.68,29.68,29.68,29.68,29.68
2010-03-25,30.05,30.05,30.05,30.05,30.05,30.05
2010-03-26,29.69,29.69,29.69,29.69,29.69,29.69
2010-03-29,29.58,29.58,29.58,29.58,29.58,29.58
2010-03-30,29.75,29.75,29.75,29.75,29.75,29.75
2010-03-31,29.28,29.28,29.28,29.28,29.28,29.28
2010-04-01,29.12,29.12,29.12,29.12,29.12,29.12
2010-04-05,29.27,29.27,29.27,29.27,29.27,29.27
2010-04-06,29.35,29.35,29.35,29.35,29.35,29.35
2010-04-07,29.33,29.33,29.33,29.33,29.33,29.33
2010-04-08,29.9,29.9,29.9,29.9,29.9,29.9
2010-04-09,30.34,30.34,30.34,30.34,30.34,30.34
2010-04-12,30.34,30.34,30.34,30.34,30.34,30.34
2010-04-13,30.5,30.5,30.5,30.5,30.5,30.5
2010-04-14,30.87,30.87,30.87,30.87,30.87,30.87
2010-04-15,30.89,30.89,30.89,30.89,30.89,30.89
2010-04-16,30.75,30.75,30.75,30.75,30.75,30.75
2010-04-19,31.04,31.04,31.04,31.04,31.04,31.04
2010-04-20,31.37,31.37,31.37,31.37,31.37,31.37
2010-04-21,31.36,31.36,31.36,31.36,31.36,31.36
2010-04-22,31.44,31.44,31.44,31.44,31.44,31.44
2010-04-23,30.89,30.89,30.89,30.89,30.89,30.89
2010-04-26,31.18,31.18,31.18,31.18,31.18,31.18
2010-04-27,30.92,30.92,30.92,30.92,30.92,30.92
2010-04-28,30.93,30.93,30.93,30.93,30.93,30.93
2010-04-29,31.05,31.05,31.05,31.05,31.05,31.05
2010-04-30,30.57,30.57,30.57,30.57,30.57,30.57
2010-05-03,30.96,30.96,30.96,30.96,30.96,30.96
2010-05-04,30.09,30.09,30.09,30.09,30.09,30.09
2010-05-05,29.87,29.87,29.87,29.87,29.87,29.87
2010-05-06,29.67,29.67,29.67,29.67,29.67,29.67
2010-05-07,28.17,28.17,28.17,28.17,28.17,28.17
2010-05-10,28.91,28.91,28.91,28.91,28.91,28.91
2010-05-11,29.02,29.02,29.02,29.02,29.02,29.02
2010-05-12,29.5,29.5,29.5,29.5,29.5,29.5
2010-05-13,29.26,29.26,29.26,29.26,29.26,29.26
2010-05-14,28.89,28.89,28.89,28.89,28.89,28.89
2010-05-17,28.91,28.91,28.91,28.91,28.91,28.91
2010-05-18,28.61,28.61,28.61,28.61,28.61,28.61
2010-05-19,28.2,28.2,28.2,28.2,28.2,28.2
2010-05-20,27.4,27.4,27.4,27.4,27.4,27.4
2010-05-21,26.81,26.81,26.81,26.81,26.81,26.81
2010-05-24,26.3,26.3,26.3,26.3,26.3,26.3
2010-05-25,25.94,25.94,25.94,25.94,25.94,25.94
2010-05-26,25.03,25.03,25.03,25.03,25.03,25.03
2010-05-27,25.93,25.93,25.93,25.93,25.93,25.93
2010-05-28,25.84,25.84,25.84,25.84,25.84,25.84
2010-06-01,26.12,26.12,26.12,26.12,26.12,26.12
2010-06-02,26.45,26.45,26.45,26.45,26.45,26.45
2010-06-03,26.88,26.88,26.88,26.88,26.88,26.88
2010-06-04,25.7,25.7,25.7,25.7,25.7,25.7
2010-06-07,25.35,25.35,25.35,25.35,25.35,25.35
2010-06-08,25.02,25.02,25.02,25.02,25.02,25.02
2010-06-09,24.84,24.84,24.84,24.84,24.84,24.84
2010-06-10,24.94,24.94,24.94,24.94,24.94,24.94
2010-06-11,25.61,25.61,25.61,25.61,25.61,25.61
2010-06-14,25.49,25.49,25.49,25.49,25.49,25.49
2010-06-15,26.58,26.58,26.58,26.58,26.58,26.58
2010-06-16,26.34,26.34,26.34,26.34,26.34,26.34
2010-06-17,26.33,26.33,26.33,26.33,26.33,26.33
2010-06-18,26.42,26.42,26.42,26.42,26.42,26.42
2010-06-21,25.93,25.93,25.93,25.93,25.93,25.93
2010-06-22,25.85,25.85,25.85,25.85,25.85,25.85
2010-06-23,25.37,25.37,25.37,25.37,25.37,25.37
2010-06-24,25.02,25.02,25.02,25.02,25.02,25.02
2010-06-25,24.7,24.7,24.7,24.7,24.7,24.7
2010-06-28,24.34,24.34,24.34,24.34,24.34,24.34
2010-06-29,23.31,23.31,23.31,23.31,23.31,23.31
2010-06-30,23.22,23.22,23.22,23.22,23.22,23.22
2010-07-01,23.2,23.2,23.2,23.2,23.2,23.2
2010-07-02,23.45,23.45,23.45,23.45,23.45,23.45
2010-07-06,23.73,23.73,23.73,23.73,23.73,23.73
2010-07-07,24.24,24.24,24.24,24.24,24.24,24.24
2010-07-08,24.35,24.35,24.35,24.35,24.35,24.35
2010-07-09,24.24,24.24,24.24,24.24,24.24,24.24
2010-07-12,24.81,24.81,24.81,24.81,24.81,24.81
2010-07-13,25.18,25.18,25.18,25.18,25.18,25.18
2010-07-14,25.38,25.38,25.38,25.38,25.38,25.38
2010-07-15,25.49,25.49,25.49,25.49,25.49,25.49
2010-07-16,24.92,24.92,24.92,24.92,24.92,24.92
2010-07-19,25.27,25.27,25.27,25.27,25.27,25.27
2010-07-20,25.4,25.4,25.4,25.4,25.4,25.4
2010-07-21,25.53,25.53,25.53,25.53,25.53,25.53
2010-07-22,25.86,25.86,25.86,25.86,25.86,25.86
2010-07-23,25.79,25.79,25.79,25.79,25.79,25.79
2010-07-26,26.08,26.08,26.08,26.08,26.08,26.08
2010-07-27,26.15,26.15,26.15,26.15,26.15,26.15
2010-07-28,25.95,25.95,25.95,25.95,25.95,25.95
2010-07-29,26.09,26.09,26.09,26.09,26.09,26.09
2010-07-30,25.79,25.79,25.79,25.79,25.79,25.79
2010-08-02,26.28,26.28,26.28,26.28,26.28,26.28
2010-08-03,26.11,26.11,26.11,26.11,26.11,26.11
2010-08-04,25.72,25.72,25.72,25.72,25.72,25.72
2010-08-05,25.34,25.34,25.34,25.34,25.34,25.34
2010-08-06,25.52,25.52,25.52,25.52,25.52,25.52
2010-08-09,25.59,25.59,25.59,25.59,25.59,25.59
2010-08-10,25.06,25.06,25.06,25.06,25.06,25.06
2010-08-11,24.78,24.78,24.78,24.78,24.78,24.78
2010-08-12,24.48,24.48,24.48,24.48,24.48,24.48
2010-08-13,24.43,24.43,24.43,24.43,24.43,24.43
2010-08-16,24.52,24.52,24.52,24.52,24.52,24.52
2010-08-17,24.77,24.77,24.77,24.77,24.77,24.77
2010-08-18,24.88,24.88,24.88,24.88,24.88,24.88
2010-08-19,24.45,24.45,24.45,24.45,24.45,24.45
2010-08-20,24.24,24.24,24.24,24.24,24.24,24.24
2010-08-23,24.34,24.34,24.34,24.34,24.34,24.34
2010-08-24,24.08,24.08,24.08,24.08,24.08,24.08
2010-08-25,24.12,24.12,24.12,24.12,24.12,24.12
2010-08-26,23.92,23.92,23.92,23.92,23.92,23.92
2010-08-27,23.95,23.95,23.95,23.95,23.95,23.95
2010-08-30,23.68,23.68,23.68,23.68,23.68,23.68
2010-08-31,23.49,23.49,23.49,23.49,23.49,23.49
2010-09-01,23.94,23.94,23.94,23.94,23.94,23.94
2010-09-02,23.9,23.9,23.9,23.9,23.9,23.9
2010-09-03,24.29,24.29,24.29,24.29,24.29,24.29
2010-09-07,23.99,23.99,23.99,23.99,23.99,23.99
2010-09-08,23.94,23.94,23.94,23.94,23.94,23.94
2010-09-09,24.02,24.02,24.02,24.02,24.02,24.02
2010-09-10,23.81,23.81,23.81,23.81,23.81,23.81
2010-09-13,25.16,25.16,25.16,25.16,25.16,25.16
2010-09-14,25.05,25.05,25.05,25.05,25.05,25.05
2010-09-15,25.12,25.12,25.12,25.12,25.12,25.12
2010-09-16,25.31,25.31,25.31,25.31,25.31,25.31
2010-09-17,25.19,25.19,25.19,25.19,25.19,25.19
2010-09-20,25.43,25.43,25.43,25.43,25.43,25.43
2010-09-21,25.13,25.13,25.13,25.13,25.13,25.13
2010-09-22,24.55,24.55,24.55,24.55,24.55,24.55
2010-09-23,24.44,24.44,24.44,24.44,24.44,24.44
2010-09-24,24.78,24.78,24.78,24.78,24.78,24.78
2010-09-27,24.78,24.78,24.78,24.78,24.78,24.78
2010-09-28,24.7,24.7,24.7,24.7,24.7,24.7
2010-09-29,24.49,24.49,24.49,24.49,24.49,24.49
2010-09-30,24.55,24.55,24.55,24.55,24.55,24.55
2010-10-01,24.37,24.37,24.37,24.37,24.37,24.37
2010-10-04,23.88,23.88,23.88,23.88,23.88,23.88
2010-10-05,24.41,24.41,24.41,24.41,24.41,24.41
2010-10-06,24.36,24.36,24.36,24.36,24.36,24.36
2010-10-07,24.51,24.51,24.51,24.51,24.51,24.51
2010-10-08,24.62,24.62,24.62,24.62,24.62,24.62
2010-10-11,24.56,24.56,24.56,24.56,24.56,24.56
2010-10-12,24.88,24.88,24.88,24.88,24.88,24.88
2010-10-13,25.41,25.41,25.41,25.41,25.41,25.41
2010-10-14,25.19,25.19,25.19,25.19,25.19,25.19
2010-10-15,25.55,25.55,25.55,25.55,25.55,25.55
2010-10-18,25.81,25.81,25.81,25.81,25.81,25.81
2010-10-19,25.06,25.06,25.06,25.06,25.06,25.06
2010-10-20,25.34,25.34,25.34,25.34,25.34,25.34
2010-10-21,25.38,25.38,25.38,25.38,25.38,25.38
2010-10-22,25.36,25.36,25.36,25.36,25.36,25.36
2010-10-25,25.23,25.23,25.23,25.23,25.23,25.23
2010-10-26,25.91,25.91,25.91,25.91,25.91,25.91
2010-10-27,26.04,26.04,26.04,26.04,26.04,26.04
2010-10-28,26.37,26.37,26.37,26.37,26.37,26.37
2010-10-29,26.66,26.66,26.66,26.66,26.66,26.66
2010-11-01,26.88,26.88,26.88,26.88,26.88,26.88
2010-11-02,27.41,27.41,27.41,27.41,27.41,27.41
2010-11-03,27.04,27.04,27.04,27.04,27.04,27.04
2010-11-04,27.08,27.08,27.08,27.08,27.08,27.08
2010-11-05,26.74,26.74,26.74,26.74,26.74,26.74
2010-11-08,26.78,26.78,26.78,26.78,26.78,26.78
2010-11-09,26.88,26.88,26.88,26.88,26.88,26.88
2010-11-10,26.95,26.95,26.95,26.95,26.95,26.95
2010-11-11,26.63,26.63,26.63,26.63,26.63,26.63
2010-11-12,26.27,26.27,26.27,26.27,26.27,26.27
2010-11-15,26.28,26.28,26.28,26.28,26.28,26.28
2010-11-16,25.86,25.86,25.86,25.86,25.86,25.86
2010-11-17,25.66,25.66,25.66,25.66,25.66,25.66
2010-11-18,25.86,25.86,25.86,25.86,25.86,25.86
2010-11-19,25.69,25.69,25.69,25.69,25.69,25.69
2010-11-22,25.7,25.7,25.7,25.7,25.7,25.7
2010-11-23,25.17,25.17,25.17,25.17,25.17,25.17
2010-11-24,25.35,25.35,25.35,25.35,25.35,25.35
2010-11-26,25.33,25.33,25.33,25.33,25.33,25.33
2010-11-29,25.37,25.37,25.37,25.37,25.37,25.37
2010-11-30,25.31,25.31,25.31,25.31,25.31,25.31
2010-12-01,26.13,26.13,26.13,26.13,26.13,26.13
2010-12-02,26.86,26.86,26.86,26.86,26.86,26.86
2010-12-03,27.06,27.06,27.06,27.06,27.06,27.06
2010-12-06,26.83,26.83,26.83,26.83,26.83,26.83
2010-12-07,26.87,26.87,26.87,26.87,26.87,26.87
2010-12-08,27.2,27.2,27.2,27.2,27.2,27.2
2010-12-09,27.11,27.11,27.11,27.11,27.11,27.11
2010-12-10,27.37,27.37,27.37,27.37,27.37,27.37
2010-12-13,27.33,27.33,27.33,27.33,27.33,27.33
2010-12-14,27.58,27.58,27.58,27.58,27.58,27.58
2010-12-15,27.92,27.92,27.92,27.92,27.92,27.92
2010-12-16,27.98,27.98,27.98,27.98,27.98,27.98
2010-12-17,27.91,27.91,27.91,27.91,27.91,27.91
2010-12-20,27.86,27.86,27.86,27.86,27.86,27.86
2010-12-21,28.13,28.13,28.13,28.13,28.13,28.13
2010-12-22,28.2,28.2,28.2,28.2,28.2,28.2
2010-12-23,28.28,28.28,28.28,28.28,28.28,28.28
2010-12-27,28.11,28.11,28.11,28.11,28.11,28.11
2010-12-28,28.03,28.03,28.03,28.03,28.03,28.03
2010-12-29,28.08,28.08,28.08,28.08,28.08,28.08
2010-12-30,27.87,27.87,27.87,27.87,27.87,27.87
2010-12-31,27.77,27.77,27.77,27.77,27.77,27.77
2011-01-03,27.99,27.99,27.99,27.99,27.99,27.99
2011-01-04,28.06,28.06,28.06,28.06,28.06,28.06
2011-01-05,27.99,27.99,27.99,27.99,27.99,27.99
2011-01-06,28.79,28.79,28.79,28.79,28.79,28.79
2011-01-07,28.56,28.56,28.56,28.56,28.56,28.56
2011-01-10,28.19,28.19,28.19,28.19,28.19,28.19
2011-01-11,28.2,28.2,28.2,28.2,28.2,28.2
2011-01-12,28.48,28.48,28.48,28.48,28.48,28.48
2011-01-13,28.2,28.2,28.2,28.2,28.2,28.2
2011-01-14,28.26,28.26,28.26,28.26,28.26,28.26
2011-01-18,28.67,28.67,28.67,28.67,28.67,28.67
2011-01-19,28.45,28.45,28.45,28.45,28.45,28.45
2011-01-20,28.34,28.34,28.34,28.34,28.34,28.34
2011-01-21,28.04,28.04,28.04,28.04,28.04,28.04
2011-01-24,28.38,28.38,28.38,28.38,28.38,28.38
2011-01-25,28.44,28.44,28.44,28.44,28.44,28.44
2011-01-26,28.88,28.88,28.88,28.88,28.88,28.88
2011-01-27,28.86,28.86,28.86,28.86,28.86,28.86
2011-01-28,27.79,27.79,27.79,27.79,27.79,27.79
2011-01-31,27.62,27.62,27.62,27.62,27.62,27.62
2011-02-01,27.99,27.99,27.99,27.99,27.99,27.99
2011-02-02,27.91,27.91,27.91,27.91,27.91,27.91
2011-02-03,27.7,27.7,27.7,27.7,27.7,27.7
2011-02-04,27.73,27.73,27.73,27.73,27.73,27.73
2011-02-07,28.24,28.24,28.24,28.24,28.24,28.24
2011-02-08,28.24,28.24,28.24,28.24,28.24,28.24
2011-02-09,27.98,27.98,27.98,27.98,27.98,27.98
2011-02-10,27.49,27.49,27.49,27.49,27.49,27.49
2011-02-11,27.28,27.28,27.28,27.28,27.28,27.28
2011-02-14,27.2,27.2,27.2,27.2,27.2,27.2
2011-02-15,26.98,26.98,26.98,26.98,26.98,26.98
2011-02-16,26.97,26.97,26.97,26.97,26.97,26.97
2011-02-17,27.2,27.2,27.2,27.2,27.2,27.2
2011-02-18,27.04,27.04,27.04,27.04,27.04,27.04
2011-02-22,26.74,26.74,26.74,26.74,26.74,26.74
2011-02-23,26.63,26.63,26.63,26.63,26.63,26.63
2011-02-24,26.83,26.83,26.83,26.83,26.83,26.83
2011-02-25,26.53,26.53,26.53,26.53,26.53,26.53
2011-02-28,26.61,26.61,26.61,26.61,26.61,26.61
2011-03-01,26.19,26.19,26.19,26.19,26.19,26.19
2011-03-02,26.15,26.15,26.15,26.15,26.15,26.15
2011-03-03,26.22,26.22,26.22,26.22,26.22,26.22
2011-03-04,25.9,25.9,25.9,25.9,25.9,25.9
2011-03-07,25.7,25.7,25.7,25.7,25.7,25.7
2011-03-08,25.99,25.99,25.99,25.99,25.99,25.99
2011-03-09,25.86,25.86,25.86,25.86,25.86,25.86
2011-03-10,25.48,25.48,25.48,25.48,25.48,25.48
2011-03-11,25.72,25.72,25.72,25.72,25.72,25.72
2011-03-14,25.7,25.7,25.7,25.7,25.7,25.7
2011-03-15,25.29,25.29,25.29,25.29,25.29,25.29
2011-03-16,24.81,24.81,24.81,24.81,24.81,24.81
2011-03-17,24.81,24.81,24.81,24.81,24.81,24.81
2011-03-18,25.02,25.02,25.02,25.02,25.02,25.02
2011-03-21,25.34,25.34,25.34,25.34,25.34,25.34
2011-03-22,25.34,25.34,25.34,25.34,25.34,25.34
2011-03-23,25.55,25.55,25.55,25.55,25.55,25.55
2011-03-24,25.83,25.83,25.83,25.83,25.83,25.83
2011-03-25,25.62,25.62,25.62,25.62,25.62,25.62
2011-03-28,25.49,25.49,25.49,25.49,25.49,25.49
2011-03-29,25.44,25.44,25.44,25.44,25.44,25.44
2011-03-30,25.58,25.58,25.58,25.58,25.58,25.58
2011-03-31,25.38,25.38,25.38,25.38,25.38,25.38
2011-04-01,25.41,25.41,25.41,25.41,25.41,25.41
2011-04-04,25.54,25.54,25.54,25.54,25.54,25.54
2011-04-05,25.77,25.77,25.77,25.77,25.77,25.77
2011-04-06,26.15,26.15,26.15,26.15,26.15,26.15
2011-04-07,26.18,26.18,26.18,26.18,26.18,26.18
2011-04-08,26.05,26.05,26.05,26.05,26.05,26.05
2011-04-11,25.91,25.91,25.91,25.91,25.91,25.91
2011-04-12,25.59,25.59,25.59,25.59,25.59,25.59
2011-04-13,25.76,25.76,25.76,25.76,25.76,25.76
2011-04-14,25.38,25.38,25.38,25.38,25.38,25.38
2011-04-15,25.33,25.33,25.33,25.33,25.33,25.33
2011-04-18,25.13,25.13,25.13,25.13,25.13,25.13
2011-04-19,25.15,25.15,25.15,25.15,25.15,25.15
2011-04-20,25.76,25.76,25.76,25.76,25.76,25.76
2011-04-21,25.52,25.52,25.52,25.52,25.52,25.52
2011-04-25,25.55,25.55,25.55,25.55,25.55,25.55
2011-04-26,26.2,26.2,26.2,26.2,26.2,26.2
2011-04-27,26.35,26.35,26.35,26.35,26.35,26.35
2011-04-28,26.74,26.74,26.74,26.74,26.74,26.74
2011-04-29,25.85,25.85,25.85,25.85,25.85,25.85
2011-05-02,25.54,25.54,25.54,25.54,25.54,25.54
2011-05-03,25.8,25.8,25.8,25.8,25.8,25.8
2011-05-04,26.15,26.15,26.15,26.15,26.15,26.15
2011-05-05,25.76,25.76,25.76,25.76,25.76,25.76
2011-05-06,25.88,25.88,25.88,25.88,25.88,25.88
2011-05-09,25.85,25.85,25.85,25.85,25.85,25.85
2011-05-10,25.48,25.48,25.48,25.48,25.48,25.48
2011-05-11,25.28,25.28,25.28,25.28,25.28,25.28
2011-05-12,25.31,25.31,25.31,25.31,25.31,25.31
2011-05-13,25.06,25.06,25.06,25.06,25.06,25.06
2011-05-16,24.68,24.68,24.68,24.68,24.68,24.68
2011-05-17,24.52,24.52,24.52,24.52,24.52,24.52
2011-05-18,24.67,24.67,24.67,24.67,24.67,24.67
2011-05-19,24.7,24.7,24.7,24.7,24.7,24.7
2011-05-20,24.49,24.49,24.49,24.49,24.49,24.49
2011-05-23,24.18,24.18,24.18,24.18,24.18,24.18
2011-05-24,24.2,24.2,24.2,24.2,24.2,24.2
2011-05-25,24.26,24.26,24.26,24.26,24.26,24.26
2011-05-26,24.76,24.76,24.76,24.76,24.76,24.76
2011-05-27,24.79,24.79,24.79,24.79,24.79,24.79
2011-05-31,24.98,24.98,24.98,24.98,24.98,24.98
2011-06-01,24.44,24.44,24.44,24.44,24.44,24.44
2011-06-02,24.23,24.23,24.23,24.23,24.23,24.23
2011-06-03,23.93,23.93,23.93,23.93,23.93,23.93
2011-06-06,24.13,24.13,24.13,24.13,24.13,24.13
2011-06-07,23.97,23.97,23.97,23.97,23.97,23.97
2011-06-08,23.9,23.9,23.9,23.9,23.9,23.9
2011-06-09,24.01,24.01,24.01,24.01,24.01,24.01
2011-06-10,23.73,23.73,23.73,23.73,23.73,23.73
2011-06-13,24.05,24.05,24.05,24.05,24.05,24.05
2011-06-14,24.24,24.24,24.24,24.24,24.24,24.24
2011-06-15,23.74,23.74,23.74,23.74,23.74,23.74
2011-06-16,24.01,24.01,24.01,24.01,24.01,24.01
2011-06-17,24.27,24.27,24.27,24.27,24.27,24.27
2011-06-20,24.49,24.49,24.49,24.49,24.49,24.49
2011-06-21,24.72,24.72,24.72,24.72,24.72,24.72
2011-06-22,24.67,24.67,24.67,24.67,24.67,24.67
2011-06-23,24.6,24.6,24.6,24.6,24.6,24.6
2011-06-24,24.28,24.28,24.28,24.28,24.28,24.28
2011-06-27,25.28,25.28,25.28,25.28,25.28,25.28
2011-06-28,25.51,25.51,25.51,25.51,25.51,25.51
2011-06-29,25.65,25.65,25.65,25.65,25.65,25.65
2011-06-30,25.98,25.98,25.98,25.98,25.98,25.98
2011-07-01,26.06,26.06,26.06,26.06,26.06,26.06
2011-07-05,25.99,25.99,25.99,25.99,25.99,25.99
2011-07-06,26.27,26.27,26.27,26.27,26.27,26.27
2011-07-07,26.78,26.78,26.78,26.78,26.78,26.78
2011-07-08,26.87,26.87,26.87,26.87,26.87,26.87
2011-07-11,26.58,26.58,26.58,26.58,26.58,26.58
2011-07-12,26.58,26.58,26.58,26.58,26.58,26.58
2011-07-13,26.56,26.56,26.56,26.56,26.56,26.56
2011-07-14,26.52,26.52,26.52,26.52,26.52,26.52
2011-07-15,26.8,26.8,26.8,26.8,26.8,26.8
2011-07-18,26.61,26.61,26.61,26.61,26.61,26.61
2011-07-19,27.54,27.54,27.54,27.54,27.54,27.54
2011-07-20,27.04,27.04,27.04,27.04,27.04,27.04
2011-07-21,27.12,27.12,27.12,27.12,27.12,27.12
2011-07-22,27.54,27.54,27.54,27.54,27.54,27.54
2011-07-25,27.81,27.81,27.81,27.81,27.81,27.81
2011-07-26,28.03,28.03,28.03,28.03,28.03,28.03
2011-07-27,27.3,27.3,27.3,27.3,27.3,27.3
2011-07-28,27.81,27.81,27.81,27.81,27.81,27.81
2011-07-29,27.49,27.49,27.49,27.49,27.49,27.49
2011-08-01,27.22,27.22,27.22,27.22,27.22,27.22
2011-08-02,26.94,26.94,26.94,26.94,26.94,26.94
2011-08-03,26.92,26.92,26.92,26.92,26.92,26.92
2011-08-04,25.97,25.97,25.97,25.97,25.97,25.97
2011-08-05,25.7,25.7,25.7,25.7,25.7,25.7
2011-08-08,24.52,24.52,24.52,24.52,24.52,24.52
2011-08-09,24.91,24.91,24.91,24.91,24.91,24.91
2011-08-10,24.38,24.38,24.38,24.38,24.38,24.38
2011-08-11,25.2,25.2,25.2,25.2,25.2,25.2
2011-08-12,25.09,25.09,25.09,25.09,25.09,25.09
2011-08-15,25.45,25.45,25.45,25.45,25.45,25.45
2011-08-16,25.41,25.41,25.41,25.41,25.41,25.41
2011-08-17,25.18,25.18,25.18,25.18,25.18,25.18
2011-08-18,24.54,24.54,24.54,24.54,24.54,24.54
2011-08-19,24.03,24.03,24.03,24.03,24.03,24.03
2011-08-22,24.01,24.01,24.01,24.01,24.01,24.01
2011-08-23,24.65,24.65,24.65,24.65,24.65,24.65
2011-08-24,24.86,24.86,24.86,24.86,24.86,24.86
2011-08-25,24.63,24.63,24.63,24.63,24.63,24.63
2011-08-26,25.24,25.24,25.24,25.24,25.24,25.24
2011-08-29,25.81,25.81,25.81,25.81,25.81,25.81
2011-08-30,26.34,26.34,26.34,26.34,26.34,26.34
2011-08-31,26.59,26.59,26.59,26.59,26.59,26.59
2011-09-01,26.27,26.27,26.27,26.27,26.27,26.27
2011-09-02,25.94,25.94,25.94,25.94,25.94,25.94
2011-09-06,25.47,25.47,25.47,25.47,25.47,25.47
2011-09-07,25.92,25.92,25.92,25.92,25.92,25.92
2011-09-08,26.31,26.31,26.31,26.31,26.31,26.31
2011-09-09,25.8,25.8,25.8,25.8,25.8,25.8
2011-09-12,25.73,25.73,25.73,25.73,25.73,25.73
2011-09-13,26.05,26.05,26.05,26.05,26.05,26.05
2011-09-14,26.63,26.63,26.63,26.63,26.63,26.63
2011-09-15,26.95,26.95,26.95,26.95,26.95,26.95
2011-09-16,27.16,27.16,27.16,27.16,27.16,27.16
2011-09-19,27.26,27.26,27.26,27.26,27.26,27.26
2011-09-20,26.98,26.98,26.98,26.98,26.98,26.98
2011-09-21,26.13,26.13,26.13,26.13,26.13,26.13
2011-09-22,25.16,25.16,25.16,25.16,25.16,25.16
2011-09-23,25.01,25.01,25.01,25.01,25.01,25.01
2011-09-26,25.4,25.4,25.4,25.4,25.4,25.4
2011-09-27,25.62,25.62,25.62,25.62,25.62,25.62
2011-09-28,25.74,25.74,25.74,25.74,25.74,25.74
2011-09-29,25.38,25.38,25.38,25.38,25.38,25.38
2011-09-30,24.95,24.95,24.95,24.95,24.95,24.95
2011-10-03,24.7,24.7,24.7,24.7,24.7,24.7
2011-10-04,25.35,25.35,25.35,25.35,25.35,25.35
2011-10-05,25.88,25.88,25.88,25.88,25.88,25.88
2011-10-06,26.3,26.3,26.3,26.3,26.3,26.3
2011-10-07,26.43,26.43,26.43,26.43,26.43,26.43
2011-10-10,26.7,26.7,26.7,26.7,26.7,26.7
2011-10-11,27.02,27.02,27.02,27.02,27.02,27.02
2011-10-12,26.95,26.95,26.95,26.95,26.95,26.95
2011-10-13,27.15,27.15,27.15,27.15,27.15,27.15
2011-10-14,27.23,27.23,27.23,27.23,27.23,27.23
2011-10-17,26.94,26.94,26.94,26.94,26.94,26.94
2011-10-18,27.35,27.35,27.35,27.35,27.35,27.35
2011-10-19,27.19,27.19,27.19,27.19,27.19,27.19
2011-10-20,27.12,27.12,27.12,27.12,27.12,27.12
2011-10-21,27.02,27.02,27.02,27.02,27.02,27.02
2011-10-24,27.3,27.3,27.3,27.3,27.3,27.3
2011-10-25,26.77,26.77,26.77,26.77,26.77,26.77
2011-10-26,26.56,26.56,26.56,26.56,26.56,26.56
2011-10-27,27.13,27.13,27.13,27.13,27.13,27.13
2011-10-28,26.92,26.92,26.92,26.92,26.92,26.92
2011-10-31,26.74,26.74,26.74,26.74,26.74,26.74
2011-11-01,25.95,25.95,25.95,25.95,25.95,25.95
2011-11-02,26.06,26.06,26.06,26.06,26.06,26.06
2011-11-03,26.47,26.47,26.47,26.47,26.47,26.47
2011-11-04,26.2,26.2,26.2,26.2,26.2,26.2
2011-11-07,26.74,26.74,26.74,26.74,26.74,26.74
2011-11-08,27.16,27.16,27.16,27.16,27.16,27.16
2011-11-09,26.24,26.24,26.24,26.24,26.24,26.24
2011-11-10,26.31,26.31,26.31,26.31,26.31,26.31
2011-11-11,26.92,26.92,26.92,26.92,26.92,26.92
2011-11-14,26.78,26.78,26.78,26.78,26.78,26.78
2011-11-15,26.78,26.78,26.78,26.78,26.78,26.78
2011-11-16,26.13,26.13,26.13,26.13,26.13,26.13
2011-11-17,25.49,25.49,25.49,25.49,25.49,25.49
2011-11-18,25.3,25.3,25.3,25.3,25.3,25.3
2011-11-21,25.05,25.05,25.05,25.05,25.05,25.05
2011-11-22,24.74,24.74,24.74,24.74,24.74,24.74
2011-11-23,24.63,24.63,24.63,24.63,24.63,24.63
2011-11-25,24.31,24.31,24.31,24.31,24.31,24.31
2011-11-28,24.74,24.74,24.74,24.74,24.74,24.74
2011-11-29,24.86,24.86,24.86,24.86,24.86,24.86
2011-11-30,25.54,25.54,25.54,25.54,25.54,25.54
2011-12-01,25.28,25.28,25.28,25.28,25.28,25.28
2011-12-02,25.23,25.23,25.23,25.23,25.23,25.23
2011-12-05,25.69,25.69,25.69,25.69,25.69,25.69
2011-12-06,25.69,25.69,25.69,25.69,25.69,25.69
2011-12-07,25.7,25.7,25.7,25.7,25.7,25.7
2011-12-08,25.55,25.55,25.55,25.55,25.55,25.55
2011-12-09,25.74,25.74,25.74,25.74,25.74,25.74
2011-12-12,25.52,25.52,25.52,25.52,25.52,25.52
2011-12-13,25.72,25.72,25.72,25.72,25.72,25.72
2011-12-14,25.62,25.62,25.62,25.62,25.62,25.62
2011-12-15,25.63,25.63,25.63,25.63,25.63,25.63
2011-12-16,26.02,26.02,26.02,26.02,26.02,26.02
2011-12-19,25.49,25.49,25.49,25.49,25.49,25.49
2011-12-20,26.04,26.04,26.04,26.04,26.04,26.04
2011-12-21,25.7,25.7,25.7,25.7,25.7,25.7
2011-12-22,25.79,25.79,25.79,25.79,25.79,25.79
2011-12-23,25.98,25.98,25.98,25.98,25.98,25.98
2011-12-27,26.06,26.06,26.06,26.06,26.06,26.06
2011-12-28,25.81,25.81,25.81,25.81,25.81,25.81
2011-12-29,25.99,25.99,25.99,25.99,25.99,25.99
2011-12-30,26.03,26.03,26.03,26.03,26.03,26.03
2012-01-03,26.87,26.87,26.87,26.87,26.87,26.87
2012-01-04,27.38,27.38,27.38,27.38,27.38,27.38
2012-01-05,27.68,27.68,27.68,27.68,27.68,27.68
2012-01-06,28.13,28.13,28.13,28.13,28.13,28.13
2012-01-09,27.79,27.79,27.79,27.79,27.79,27.79
2012-01-10,27.79,27.79,27.79,27.79,27.79,27.79
2012-01-11,27.86,27.86,27.86,27.86,27.86,27.86
2012-01-12,27.99,27.99,27.99,27.99,27.99,27.99
2012-01-13,28.18,28.18,28.18,28.18,28.18,28.18
2012-01-17,28.2,28.2,28.2,28.2,28.2,28.2
2012-01-18,28.2,28.2,28.2,28.2,28.2,28.2
2012-01-19,28.09,28.09,28.09,28.09,28.09,28.09
2012-01-20,29.56,29.56,29.56,29.56,29.56,29.56
2012-01-23,29.77,29.77,29.77,29.77,29.77,29.77
2012-01-24,29.32,29.32,29.32,29.32,29.32,29.32
2012-01-25,29.58,29.58,29.58,29.58,29.58,29.58
2012-01-26,29.51,29.51,29.51,29.51,29.51,29.51
2012-01-27,29.26,29.26,29.26,29.26,29.26,29.26
2012-01-30,29.59,29.59,29.59,29.59,29.59,29.59
2012-01-31,29.54,29.54,29.54,29.54,29.54,29.54
2012-02-01,30.0,30.0,30.0,30.0,30.0,30.0
2012-02-02,30.0,30.0,30.0,30.0,30.0,30.0
2012-02-03,30.25,30.25,30.25,30.25,30.25,30.25
2012-02-06,30.15,30.15,30.15,30.15,30.15,30.15
2012-02-07,30.36,30.36,30.36,30.36,30.36,30.36
2012-02-08,30.62,30.62,30.62,30.62,30.62,30.62
2012-02-09,30.73,30.73,30.73,30.73,30.73,30.73
2012-02-10,30.44,30.44,30.44,30.44,30.44,30.44
2012-02-13,30.58,30.58,30.58,30.58,30.58,30.58
2012-02-14,30.16,30.16,30.16,30.16,30.16,30.16
2012-02-15,30.16,30.16,30.16,30.16,30.16,30.16
2012-02-16,31.34,31.34,31.34,31.34,31.34,31.34
2012-02-17,31.23,31.23,31.23,31.23,31.23,31.23
2012-02-21,31.34,31.34,31.34,31.34,31.34,31.34
2012-02-22,31.26,31.26,31.26,31.26,31.26,31.26
2012-02-23,31.4,31.4,31.4,31.4,31.4,31.4
2012-02-24,31.43,31.43,31.43,31.43,31.43,31.43
2012-02-27,31.39,31.39,31.39,31.39,31.39,31.39
2012-02-28,31.83,31.83,31.83,31.83,31.83,31.83
2012-02-29,31.74,31.74,31.74,31.74,31.74,31.74
2012-03-01,32.28,32.28,32.28,32.28,32.28,32.28
2012-03-02,32.05,32.05,32.05,32.05,32.05,32.05
2012-03-05,31.83,31.83,31.83,31.83,31.83,31.83
2012-03-06,31.58,31.58,31.58,31.58,31.58,31.58
2012-03-07,31.89,31.89,31.89,31.89,31.89,31.89
2012-03-08,32.11,32.11,32.11,32.11,32.11,32.11
2012-03-09,32.0,32.0,32.0,32.0,32.0,32.0
2012-03-12,32.08,32.08,32.08,32.08,32.08,32.08
2012-03-13,32.53,32.53,32.53,32.53,32.53,32.53
2012-03-14,32.72,32.72,32.72,32.72,32.72,32.72
2012-03-15,32.82,32.82,32.82,32.82,32.82,32.82
2012-03-16,32.63,32.63,32.63,32.63,32.63,32.63
2012-03-19,32.25,32.25,32.25,32.25,32.25,32.25
2012-03-20,31.9,31.9,31.9,31.9,31.9,31.9
2012-03-21,32.03,32.03,32.03,32.03,32.03,32.03
2012-03-22,32.0,32.0,32.0,32.0,32.0,32.0
2012-03-23,31.99,31.99,31.99,31.99,31.99,31.99
2012-03-26,32.5,32.5,32.5,32.5,32.5,32.5
2012-03-27,32.5,32.5,32.5,32.5,32.5,32.5
2012-03-28,32.22,32.22,32.22,32.22,32.22,32.22
2012-03-29,32.17,32.17,32.17,32.17,32.17,32.17
2012-03-30,32.21,32.21,32.21,32.21,32.21,32.21
2012-04-02,32.3,32.3,32.3,32.3,32.3,32.3
2012-04-03,31.83,31.83,31.83,31.83,31.83,31.83
2012-04-04,31.3,31.3,31.3,31.3,31.3,31.3
2012-04-05,31.5,31.5,31.5,31.5,31.5,31.5
2012-04-09,31.22,31.22,31.22,31.22,31.22,31.22
2012-04-10,30.43,30.43,30.43,30.43,30.43,30.43
2012-04-11,30.3,30.3,30.3,30.3,30.3,30.3
2012-04-12,31.02,31.02,31.02,31.02,31.02,31.02
2012-04-13,30.91,30.91,30.91,30.91,30.91,30.91
2012-04-16,31.13,31.13,31.13,31.13,31.13,31.13
2012-04-17,31.55,31.55,31.55,31.55,31.55,31.55
2012-04-18,31.2,31.2,31.2,31.2,31.2,31.2
2012-04-19,31.07,31.07,31.07,31.07,31.07,31.07
2012-04-20,32.45,32.45,32.45,32.45,32.45,32.45
2012-04-23,32.11,32.11,32.11,32.11,32.11,32.11
2012-04-24,31.87,31.87,31.87,31.87,31.87,31.87
2012-04-25,32.22,32.22,32.22,32.22,32.22,32.22
2012-04-26,32.14,32.14,32.14,32.14,32.14,32.14
2012-04-27,31.98,31.98,31.98,31.98,31.98,31.98
2012-04-30,32.03,32.03,32.03,32.03,32.03,32.03
2012-05-01,32.05,32.05,32.05,32.05,32.05,32.05
2012-05-02,31.79,31.79,31.79,31.79,31.79,31.79
2012-05-03,31.73,31.73,31.73,31.73,31.73,31.73
2012-05-04,31.09,31.09,31.09,31.09,31.09,31.09
2012-05-07,30.74,30.74,30.74,30.74,30.74,30.74
2012-05-08,30.51,30.51,30.51,30.51,30.51,30.51
2012-05-09,30.73,30.73,30.73,30.73,30.73,30.73
2012-05-10,30.69,30.69,30.69,30.69,30.69,30.69
2012-05-11,31.23,31.23,31.23,31.23,31.23,31.23
2012-05-14,30.73,30.73,30.73,30.73,30.73,30.73
2012-05-15,30.21,30.21,30.21,30.21,30.21,30.21
2012-05-16,29.93,29.93,29.93,29.93,29.93,29.93
2012-05-17,29.91,29.91,29.91,29.91,29.91,29.91
2012-05-18,29.3,29.3,29.3,29.3,29.3,29.3
2012-05-21,29.76,29.76,29.76,29.76,29.76,29.76
2012-05-22,29.73,29.73,29.73,29.73,29.73,29.73
2012-05-23,29.07,29.07,29.07,29.07,29.07,29.07
2012-05-24,28.98,28.98,28.98,28.98,28.98,28.98
2012-05-25,29.05,29.05,29.05,29.05,29.05,29.05
2012-05-29,29.62,29.62,29.62,29.62,29.62,29.62
2012-05-30,29.43,29.43,29.43,29.43,29.43,29.43
2012-05-31,29.23,29.23,29.23,29.23,29.23,29.23
2012-06-01,28.51,28.51,28.51,28.51,28.51,28.51
2012-06-04,28.48,28.48,28.48,28.48,28.48,28.48
2012-06-05,28.51,28.51,28.51,28.51,28.51,28.51
2012-06-06,29.27,29.27,29.27,29.27,29.27,29.27
2012-06-07,29.2,29.2,29.2,29.2,29.2,29.2
2012-06-08,29.63,29.63,29.63,29.63,29.63,29.63
2012-06-11,28.95,28.95,28.95,28.95,28.95,28.95
2012-06-12,29.23,29.23,29.23,29.23,29.23,29.23
2012-06-13,29.12,29.12,29.12,29.12,29.12,29.12
2012-06-14,29.38,29.38,29.38,29.38,29.38,29.38
2012-06-15,29.98,29.98,29.98,29.98,29.98,29.98
2012-06-18,29.8,29.8,29.8,29.8,29.8,29.8
2012-06-19,30.7,30.7,30.7,30.7,30.7,30.7
2012-06-20,30.87,30.87,30.87,30.87,30.87,30.87
2012-06-21,30.14,30.14,30.14,30.14,30.14,30.14
2012-06-22,30.56,30.56,30.56,30.56,30.56,30.56
2012-06-25,29.87,29.87,29.87,29.87,29.87,29.87
2012-06-26,30.05,30.05,30.05,30.05,30.05,30.05
2012-06-27,30.14,30.14,30.14,30.14,30.14,30.14
2012-06-28,29.88,29.88,29.88,29.88,29.88,29.88
2012-06-29,30.52,30.52,30.52,30.52,30.52,30.52
2012-07-02,30.49,30.49,30.49,30.49,30.49,30.49
2012-07-03,30.71,30.71,30.71,30.71,30.71,30.71
2012-07-05,30.73,30.73,30.73,30.73,30.73,30.73
2012-07-06,30.13,30.13,30.13,30.13,30.13,30.13
2012-07-09,29.98,29.98,29.98,29.98,29.98,29.98
2012-07-10,29.52,29.52,29.52,29.52,29.52,29.52
2012-07-11,29.31,29.31,29.31,29.31,29.31,29.31
2012-07-12,28.73,28.73,28.73,28.73,28.73,28.73
2012-07-13,29.41,29.41,29.41,29.41,29.41,29.41
2012-07-16,29.38,29.38,29.38,29.38,29.38,29.38
2012-07-17,29.55,29.55,29.55,29.55,29.55,29.55
2012-07-18,30.38,30.38,30.38,30.38,30.38,30.38
2012-07-19,30.68,30.68,30.68,30.68,30.68,30.68
2012-07-20,30.13,30.13,30.13,30.13,30.13,30.13
2012-07-23,29.27,29.27,29.27,29.27,29.27,29.27
2012-07-24,29.09,29.09,29.09,29.09,29.09,29.09
2012-07-25,28.81,28.81,28.81,28.81,28.81,28.81
2012-07-26,29.23,29.23,29.23,29.23,29.23,29.23
2012-07-27,29.79,29.79,29.79,29.79,29.79,29.79
2012-07-30,29.59,29.59,29.59,29.59,29.59,29.59
2012-07-31,29.51,29.51,29.51,29.51,29.51,29.51
2012-08-01,29.45,29.45,29.45,29.45,29.45,29.45
2012-08-02,29.16,29.16,29.16,29.16,29.16,29.16
2012-08-03,29.8,29.8,29.8,29.8,29.8,29.8
2012-08-06,29.96,29.96,29.96,29.96,29.96,29.96
2012-08-07,30.27,30.27,30.27,30.27,30.27,30.27
2012-08-08,30.3,30.3,30.3,30.3,30.3,30.3
2012-08-09,30.48,30.48,30.48,30.48,30.48,30.48
2012-08-10,30.32,30.32,30.32,30.32,30.32,30.32
2012-08-13,30.34,30.34,30.34,30.34,30.34,30.34
2012-08-14,30.05,30.05,30.05,30.05,30.05,30.05
2012-08-15,30.16,30.16,30.16,30.16,30.16,30.16
2012-08-16,30.87,30.87,30.87,30.87,30.87,30.87
2012-08-17,30.89,30.89,30.89,30.89,30.89,30.89
2012-08-20,30.73,30.73,30.73,30.73,30.73,30.73
2012-08-21,30.73,30.73,30.73,30.73,30.73,30.73
2012-08-22,30.55,30.55,30.55,30.55,30.55,30.55
2012-08-23,30.27,30.27,30.27,30.27,30.27,30.27
2012-08-24,30.52,30.52,30.52,30.52,30.52,30.52
2012-08-27,30.63,30.63,30.63,30.63,30.63,30.63
2012-08-28,30.66,30.66,30.66,30.66,30.66,30.66
2012-08-29,30.66,30.66,30.66,30.66,30.66,30.66
2012-08-30,30.34,30.34,30.34,30.34,30.34,30.34
2012-08-31,30.91,30.91,30.91,30.91,30.91,30.91
2012-09-04,30.38,30.38,30.38,30.38,30.38,30.38
2012-09-05,30.34,30.34,30.34,30.34,30.34,30.34
2012-09-06,31.31,31.31,31.31,31.31,31.31,31.31
2012-09-07,30.93,30.93,30.93,30.93,30.93,30.93
2012-09-10,30.74,30.74,30.74,30.74,30.74,30.74
2012-09-11,30.84,30.84,30.84,30.84,30.84,30.84
2012-09-12,30.8,30.8,30.8,30.8,30.8,30.8
2012-09-13,30.93,30.93,30.93,30.93,30.93,30.93
2012-09-14,31.14,31.14,31.14,31.14,31.14,31.14
2012-09-17,31.18,31.18,31.18,31.18,31.18,31.18
2012-09-18,31.16,31.16,31.16,31.16,31.16,31.16
2012-09-19,31.11,31.11,31.11,31.11,31.11,31.11
2012-09-20,31.38,31.38,31.38,31.38,31.38,31.38
2012-09-21,31.21,31.21,31.21,31.21,31.21,31.21
2012-09-24,30.79,30.79,30.79,30.79,30.79,30.79
2012-09-25,30.41,30.41,30.41,30.41,30.41,30.41
2012-09-26,30.13,30.13,30.13,30.13,30.13,30.13
2012-09-27,30.24,30.24,30.24,30.24,30.24,30.24
2012-09-28,29.76,29.76,29.76,29.76,29.76,29.76
2012-10-01,29.48,29.48,29.48,29.48,29.48,29.48
2012-10-02,29.63,29.63,29.63,29.63,29.63,29.63
2012-10-03,29.82,29.82,29.82,29.82,29.82,29.82
2012-10-04,29.96,29.96,29.96,29.96,29.96,29.96
2012-10-05,29.8,29.8,29.8,29.8,29.8,29.8
2012-10-08,29.8,29.8,29.8,29.8,29.8,29.8
2012-10-09,29.24,29.24,29.24,29.24,29.24,29.24
2012-10-10,28.98,28.98,28.98,28.98,28.98,28.98
2012-10-11,29.01,29.01,29.01,29.01,29.01,29.01
2012-10-12,29.21,29.21,29.21,29.21,29.21,29.21
2012-10-15,29.51,29.51,29.51,29.51,29.51,29.51
2012-10-16,29.55,29.55,29.55,29.55,29.55,29.55
2012-10-17,29.59,29.59,29.59,29.59,29.59,29.59
2012-10-18,29.45,29.45,29.45,29.45,29.45,29.45
2012-10-19,28.55,28.55,28.55,28.55,28.55,28.55
2012-10-22,27.96,27.96,27.96,27.96,27.96,27.96
2012-10-23,28.09,28.09,28.09,28.09,28.09,28.09
2012-10-24,27.95,27.95,27.95,27.95,27.95,27.95
2012-10-25,27.91,27.91,27.91,27.91,27.91,27.91
2012-10-26,28.23,28.23,28.23,28.23,28.23,28.23
2012-11-01,29.48,29.48,29.48,29.48,29.48,29.48
2012-11-02,29.54,29.54,29.54,29.54,29.54,29.54
2012-11-05,29.67,29.67,29.67,29.67,29.67,29.67
2012-11-06,29.86,29.86,29.86,29.86,29.86,29.86
2012-11-07,29.16,29.16,29.16,29.16,29.16,29.16
2012-11-08,28.91,28.91,28.91,28.91,28.91,28.91
2012-11-09,28.87,28.87,28.87,28.87,28.87,28.87
2012-11-12,28.23,28.23,28.23,28.23,28.23,28.23
2012-11-13,27.09,27.09,27.09,27.09,27.09,27.09
2012-11-14,26.96,26.96,26.96,26.96,26.96,26.96
2012-11-15,26.7,26.7,26.7,26.7,26.7,26.7
2012-11-16,26.63,26.63,26.63,26.63,26.63,26.63
2012-11-19,26.76,26.76,26.76,26.76,26.76,26.76
2012-11-20,26.62,26.62,26.62,26.62,26.62,26.62
2012-11-21,26.96,26.96,26.96,26.96,26.96,26.96
2012-11-23,27.63,27.63,27.63,27.63,27.63,27.63
2012-11-26,27.34,27.34,27.34,27.34,27.34,27.34
2012-11-27,27.16,27.16,27.16,27.16,27.16,27.16
2012-11-28,27.38,27.38,27.38,27.38,27.38,27.38
2012-11-29,26.95,26.95,26.95,26.95,26.95,26.95
2012-11-30,26.62,26.62,26.62,26.62,26.62,26.62
2012-12-03,26.48,26.48,26.48,26.48,26.48,26.48
2012-12-04,26.38,26.38,26.38,26.38,26.38,26.38
2012-12-05,26.63,26.63,26.63,26.63,26.63,26.63
2012-12-06,26.71,26.71,26.71,26.71,26.71,26.71
2012-12-07,26.45,26.45,26.45,26.45,26.45,26.45
2012-12-10,26.91,26.91,26.91,26.91,26.91,26.91
2012-12-11,27.3,27.3,27.3,27.3,27.3,27.3
2012-12-12,27.2,27.2,27.2,27.2,27.2,27.2
2012-12-13,27.06,27.06,27.06,27.06,27.06,27.06
2012-12-14,26.77,26.77,26.77,26.77,26.77,26.77
2012-12-17,26.98,26.98,26.98,26.98,26.98,26.98
2012-12-18,27.63,27.63,27.63,27.63,27.63,27.63
2012-12-19,27.3,27.3,27.3,27.3,27.3,27.3
2012-12-20,27.64,27.64,27.64,27.64,27.64,27.64
2012-12-21,27.24,27.24,27.24,27.24,27.24,27.24
2012-12-24,27.07,27.07,27.07,27.07,27.07,27.07
2012-12-26,26.84,26.84,26.84,26.84,26.84,26.84
2012-12-27,26.98,26.98,26.98,26.98,26.98,26.98
2012-12-28,26.64,26.64,26.64,26.64,26.64,26.64
2012-12-31,26.66,26.66,26.66,26.66,26.66,26.66
2013-01-03,27.24,27.24,27.24,27.24,27.24,27.24
2013-01-04,26.75,26.75,26.75,26.75,26.75,26.75
2013-01-07,26.7,26.7,26.7,26.7,26.7,26.7
2013-01-08,26.55,26.55,26.55,26.55,26.55,26.55
2013-01-09,26.66,26.66,26.66,26.66,26.66,26.66
2013-01-10,26.46,26.46,26.46,26.46,26.46,26.46
2013-01-11,26.89,26.89,26.89,26.89,26.89,26.89
2013-01-14,26.8,26.8,26.8,26.8,26.8,26.8
2013-01-15,27.23,27.23,27.23,27.23,27.23,27.23
2013-01-16,27.11,27.11,27.11,27.11,27.11,27.11
2013-01-17,27.36,27.36,27.36,27.36,27.36,27.36
2013-01-18,27.23,27.23,27.23,27.23,27.23,27.23
2013-01-22,27.09,27.09,27.09,27.09,27.09,27.09
2013-01-23,27.57,27.57,27.57,27.57,27.57,27.57
2013-01-24,27.74,27.74,27.74,27.74,27.74,27.74
2013-01-25,27.85,27.85,27.85,27.85,27.85,27.85
2013-01-28,27.93,27.93,27.93,27.93,27.93,27.93
2013-01-29,28.03,28.03,28.03,28.03,28.03,28.03
2013-01-30,27.83,27.83,27.83,27.83,27.83,27.83
2013-01-31,27.42,27.42,27.42,27.42,27.42,27.42
2013-02-01,27.88,27.88,27.88,27.88,27.88,27.88
2013-02-04,27.44,27.44,27.44,27.44,27.44,27.44
2013-02-05,27.48,27.48,27.48,27.48,27.48,27.48
2013-02-06,27.3,27.3,27.3,27.3,27.3,27.3
2013-02-07,27.19,27.19,27.19,27.19,27.19,27.19
2013-02-08,27.48,27.48,27.48,27.48,27.48,27.48
2013-02-11,27.9,27.9,27.9,27.9,27.9,27.9
2013-02-12,27.89,27.89,27.89,27.89,27.89,27.89
2013-02-13,27.98,27.98,27.98,27.98,27.98,27.98
2013-02-14,28.01,28.01,28.01,28.01,28.01,28.01
2013-02-15,27.97,27.97,27.97,27.97,27.97,27.97
2013-02-19,28.01,28.01,28.01,28.01,28.01,28.01
2013-02-20,27.95,27.95,27.95,27.95,27.95,27.95
2013-02-21,27.52,27.52,27.52,27.52,27.52,27.52
2013-02-22,27.69,27.69,27.69,27.69,27.69,27.69
2013-02-25,27.43,27.43,27.43,27.43,27.43,27.43
2013-02-26,27.38,27.38,27.38,27.38,27.38,27.38
2013-02-27,27.97,27.97,27.97,27.97,27.97,27.97
2013-02-28,27.88,27.88,27.88,27.88,27.88,27.88
2013-03-01,27.97,27.97,27.97,27.97,27.97,27.97
2013-03-04,28.1,28.1,28.1,28.1,28.1,28.1
2013-03-05,28.27,28.27,28.27,28.27,28.27,28.27
2013-03-06,28.14,28.14,28.14,28.14,28.14,28.14
2013-03-07,28.18,28.18,28.18,28.18,28.18,28.18
2013-03-08,28.09,28.09,28.09,28.09,28.09,28.09
2013-03-11,27.85,27.85,27.85,27.85,27.85,27.85
2013-03-12,27.92,27.92,27.92,27.92,27.92,27.92
2013-03-13,27.97,27.97,27.97,27.97,27.97,27.97
2013-03-14,28.12,28.12,28.12,28.12,28.12,28.12
2013-03-15,28.04,28.04,28.04,28.04,28.04,28.04
2013-03-18,28.12,28.12,28.12,28.12,28.12,28.12
2013-03-19,28.09,28.09,28.09,28.09,28.09,28.09
2013-03-20,28.32,28.32,28.32,28.32,28.32,28.32
2013-03-21,28.15,28.15,28.15,28.15,28.15,28.15
2013-03-22,28.2,28.2,28.2,28.2,28.2,28.2
2013-03-25,28.13,28.13,28.13,28.13,28.13,28.13
2013-03-26,28.19,28.19,28.19,28.19,28.19,28.19
2013-03-27,28.4,28.4,28.4,28.4,28.4,28.4
2013-03-28,28.6,28.6,28.6,28.6,28.6,28.6
2013-04-01,28.52,28.52,28.52,28.52,28.52,28.52
2013-04-02,28.77,28.77,28.77,28.77,28.77,28.77
2013-04-03,28.58,28.58,28.58,28.58,28.58,28.58
2013-04-04,28.55,28.55,28.55,28.55,28.55,28.55
2013-04-05,28.7,28.7,28.7,28.7,28.7,28.7
2013-04-08,28.52,28.52,28.52,28.52,28.52,28.52
2013-04-09,29.72,29.72,29.72,29.72,29.72,29.72
2013-04-10,30.17,30.17,30.17,30.17,30.17,30.17
2013-04-11,28.77,28.77,28.77,28.77,28.77,28.77
2013-04-12,28.76,28.76,28.76,28.76,28.76,28.76
2013-04-15,28.72,28.72,28.72,28.72,28.72,28.72
2013-04-16,28.95,28.95,28.95,28.95,28.95,28.95
2013-04-17,28.83,28.83,28.83,28.83,28.83,28.83
2013-04-18,28.71,28.71,28.71,28.71,28.71,28.71
2013-04-19,29.76,29.76,29.76,29.76,29.76,29.76
2013-04-22,30.91,30.91,30.91,30.91,30.91,30.91
2013-04-23,30.66,30.66,30.66,30.66,30.66,30.66
2013-04-24,31.88,31.88,31.88,31.88,31.88,31.88
2013-04-25,32.0,32.0,32.0,32.0,32.0,32.0
2013-04-26,31.95,31.95,31.95,31.95,31.95,31.95
2013-04-29,32.62,32.62,32.62,32.62,32.62,32.62
2013-04-30,32.89,32.89,32.89,32.89,32.89,32.89
2013-05-01,32.64,32.64,32.64,32.64,32.64,32.64
2013-05-02,33.06,33.06,33.06,33.06,33.06,33.06
2013-05-03,33.45,33.45,33.45,33.45,33.45,33.45
2013-05-06,33.79,33.79,33.79,33.79,33.79,33.79
2013-05-07,33.35,33.35,33.35,33.35,33.35,33.35
2013-05-08,33.11,33.11,33.11,33.11,33.11,33.11
2013-05-09,32.74,32.74,32.74,32.74,32.74,32.74
2013-05-10,32.61,32.61,32.61,32.61,32.61,32.61
2013-05-13,32.9,32.9,32.9,32.9,32.9,32.9
2013-05-14,33.08,33.08,33.08,33.08,33.08,33.08
2013-05-15,33.76,33.76,33.76,33.76,33.76,33.76
2013-05-16,34.07,34.07,34.07,34.07,34.07,34.07
2013-05-17,34.6,34.6,34.6,34.6,34.6,34.6
2013-05-20,35.01,35.01,35.01,35.01,35.01,35.01
2013-05-21,34.81,34.81,34.81,34.81,34.81,34.81
2013-05-22,34.52,34.52,34.52,34.52,34.52,34.52
2013-05-23,34.18,34.18,34.18,34.18,34.18,34.18
2013-05-24,34.1,34.1,34.1,34.1,34.1,34.1
2013-05-28,34.99,34.99,34.99,34.99,34.99,34.99
2013-05-29,34.9,34.9,34.9,34.9,34.9,34.9
2013-05-30,35.09,35.09,35.09,35.09,35.09,35.09
2013-05-31,35.13,35.13,35.13,35.13,35.13,35.13
2013-06-03,35.38,35.38,35.38,35.38,35.38,35.38
2013-06-04,35.0,35.0,35.0,35.0,35.0,35.0
2013-06-05,34.69,34.69,34.69,34.69,34.69,34.69
2013-06-06,34.78,34.78,34.78,34.78,34.78,34.78
2013-06-07,35.64,35.64,35.64,35.64,35.64,35.64
2013-06-10,35.43,35.43,35.43,35.43,35.43,35.43
2013-06-11,34.98,34.98,34.98,34.98,34.98,34.98
2013-06-12,35.02,35.02,35.02,35.02,35.02,35.02
2013-06-13,34.73,34.73,34.73,34.73,34.73,34.73
2013-06-14,34.38,34.38,34.38,34.38,34.38,34.38
2013-06-17,34.97,34.97,34.97,34.97,34.97,34.97
2013-06-18,35.07,35.07,35.07,35.07,35.07,35.07
2013-06-19,34.67,34.67,34.67,34.67,34.67,34.67
2013-06-20,34.11,34.11,34.11,34.11,34.11,34.11
2013-06-21,33.32,33.32,33.32,33.32,33.32,33.32
2013-06-24,33.76,33.76,33.76,33.76,33.76,33.76
2013-06-25,33.72,33.72,33.72,33.72,33.72,33.72
2013-06-26,34.33,34.33,34.33,34.33,34.33,34.33
2013-06-27,34.57,34.57,34.57,34.57,34.57,34.57
2013-06-28,34.69,34.69,34.69,34.69,34.69,34.69
2013-07-01,34.52,34.52,34.52,34.52,34.52,34.52
2013-07-02,33.97,33.97,33.97,33.97,33.97,33.97
2013-07-03,33.99,33.99,33.99,33.99,33.99,33.99
2013-07-05,34.05,34.05,34.05,34.05,34.05,34.05
2013-07-08,34.24,34.24,34.24,34.24,34.24,34.24
2013-07-09,34.34,34.34,34.34,34.34,34.34,34.34
2013-07-10,34.68,34.68,34.68,34.68,34.68,34.68
2013-07-11,35.69,35.69,35.69,35.69,35.69,35.69
2013-07-12,35.53,35.53,35.53,35.53,35.53,35.53
2013-07-15,36.09,36.09,36.09,36.09,36.09,36.09
2013-07-16,36.28,36.28,36.28,36.28,36.28,36.28
2013-07-17,35.61,35.61,35.61,35.61,35.61,35.61
2013-07-18,35.34,35.34,35.34,35.34,35.34,35.34
2013-07-19,31.44,31.44,31.44,31.44,31.44,31.44
2013-07-22,31.9,31.9,31.9,31.9,31.9,31.9
2013-07-23,31.95,31.95,31.95,31.95,31.95,31.95
2013-07-24,32.01,32.01,32.01,32.01,32.01,32.01
2013-07-25,31.34,31.34,31.34,31.34,31.34,31.34
2013-07-26,31.57,31.57,31.57,31.57,31.57,31.57
2013-07-29,31.55,31.55,31.55,31.55,31.55,31.55
2013-07-30,31.86,31.86,31.86,31.86,31.86,31.86
2013-07-31,31.74,31.74,31.74,31.74,31.74,31.74
2013-08-01,31.62,31.62,31.62,31.62,31.62,31.62
2013-08-02,31.69,31.69,31.69,31.69,31.69,31.69
2013-08-05,31.69,31.69,31.69,31.69,31.69,31.69
2013-08-06,31.47,31.47,31.47,31.47,31.47,31.47
2013-08-07,31.94,31.94,31.94,31.94,31.94,31.94
2013-08-08,32.8,32.8,32.8,32.8,32.8,32.8
2013-08-09,32.65,32.65,32.65,32.65,32.65,32.65
2013-08-12,32.88,32.88,32.88,32.88,32.88,32.88
2013-08-13,32.31,32.31,32.31,32.31,32.31,32.31
2013-08-14,32.38,32.38,32.38,32.38,32.38,32.38
2013-08-15,31.69,31.69,31.69,31.69,31.69,31.69
2013-08-16,31.8,31.8,31.8,31.8,31.8,31.8
2013-08-19,31.45,31.45,31.45,31.45,31.45,31.45
2013-08-20,31.7,31.7,31.7,31.7,31.7,31.7
2013-08-21,31.8,31.8,31.8,31.8,31.8,31.8
2013-08-22,32.33,32.33,32.33,32.33,32.33,32.33
2013-08-23,34.77,34.77,34.77,34.77,34.77,34.77
2013-08-26,34.18,34.18,34.18,34.18,34.18,34.18
2013-08-27,34.18,34.18,34.18,34.18,34.18,34.18
2013-08-28,33.05,33.05,33.05,33.05,33.05,33.05
2013-08-29,33.39,33.39,33.39,33.39,33.39,33.39
2013-08-30,33.41,33.41,33.41,33.41,33.41,33.41
2013-09-03,31.72,31.72,31.72,31.72,31.72,31.72
2013-09-04,31.18,31.18,31.18,31.18,31.18,31.18
2013-09-05,31.4,31.4,31.4,31.4,31.4,31.4
2013-09-06,31.23,31.23,31.23,31.23,31.23,31.23
2013-09-09,31.69,31.69,31.69,31.69,31.69,31.69
2013-09-10,32.35,32.35,32.35,32.35,32.35,32.35
2013-09-11,32.8,32.8,32.8,32.8,32.8,32.8
2013-09-12,32.68,32.68,32.68,32.68,32.68,32.68
2013-09-13,32.9,32.9,32.9,32.9,32.9,32.9
2013-09-16,32.84,32.84,32.84,32.84,32.84,32.84
2013-09-17,32.99,32.99,32.99,32.99,32.99,32.99
2013-09-18,33.24,33.24,33.24,33.24,33.24,33.24
2013-09-19,33.56,33.56,33.56,33.56,33.56,33.56
2013-09-20,32.85,32.85,32.85,32.85,32.85,32.85
2013-09-23,32.66,32.66,32.66,32.66,32.66,32.66
2013-09-24,32.41,32.41,32.41,32.41,32.41,32.41
2013-09-25,32.51,32.51,32.51,32.51,32.51,32.51
2013-09-26,32.82,32.82,32.82,32.82,32.82,32.82
2013-09-27,33.25,33.25,33.25,33.25,33.25,33.25
2013-09-30,33.09,33.09,33.09,33.09,33.09,33.09
2013-10-01,33.44,33.44,33.44,33.44,33.44,33.44
2013-10-02,33.97,33.97,33.97,33.97,33.97,33.97
2013-10-03,33.68,33.68,33.68,33.68,33.68,33.68
2013-10-04,33.85,33.85,33.85,33.85,33.85,33.85
2013-10-07,33.27,33.27,33.27,33.27,33.27,33.27
2013-10-08,33.07,33.07,33.07,33.07,33.07,33.07
2013-10-09,33.17,33.17,33.17,33.17,33.17,33.17
2013-10-10,33.8,33.8,33.8,33.8,33.8,33.8
2013-10-11,34.05,34.05,34.05,34.05,34.05,34.05
2013-10-14,34.48,34.48,34.48,34.48,34.48,34.48
2013-10-15,34.49,34.49,34.49,34.49,34.49,34.49
2013-10-16,34.66,34.66,34.66,34.66,34.66,34.66
2013-10-17,34.91,34.91,34.91,34.91,34.91,34.91
2013-10-18,34.91,34.91,34.91,34.91,34.91,34.91
2013-10-21,35.0,35.0,35.0,35.0,35.0,35.0
2013-10-22,34.6,34.6,34.6,34.6,34.6,34.6
2013-10-23,33.85,33.85,33.85,33.85,33.85,33.85
2013-10-24,33.82,33.82,33.82,33.82,33.82,33.82
2013-10-25,35.7,35.7,35.7,35.7,35.7,35.7
2013-10-28,35.5,35.5,35.5,35.5,35.5,35.5
2013-10-29,35.5,35.5,35.5,35.5,35.5,35.5
2013-10-30,35.6,35.6,35.6,35.6,35.6,35.6
2013-10-31,35.51,35.51,35.51,35.51,35.51,35.51
2013-11-01,35.55,35.55,35.55,35.55,35.55,35.55
2013-11-04,35.85,35.85,35.85,35.85,35.85,35.85
2013-11-05,36.52,36.52,36.52,36.52,36.52,36.52
2013-11-06,38.06,38.06,38.06,38.06,38.06,38.06
2013-11-07,37.59,37.59,37.59,37.59,37.59,37.59
2013-11-08,37.73,37.73,37.73,37.73,37.73,37.73
2013-11-11,37.65,37.65,37.65,37.65,37.65,37.65
2013-11-12,37.35,37.35,37.35,37.35,37.35,37.35
2013-11-13,38.03,38.03,38.03,38.03,38.03,38.03
2013-11-14,38.05,38.05,38.05,38.05,38.05,38.05
2013-11-15,37.8,37.8,37.8,37.8,37.8,37.8
2013-11-18,37.22,37.22,37.22,37.22,37.22,37.22
2013-11-19,36.75,36.75,36.75,36.75,36.75,36.75
2013-11-20,37.09,37.09,37.09,37.09,37.09,37.09
2013-11-21,37.36,37.36,37.36,37.36,37.36,37.36
2013-11-22,37.62,37.62,37.62,37.62,37.62,37.62
2013-11-25,37.68,37.68,37.68,37.68,37.68,37.68
2013-11-26,37.59,37.59,37.59,37.59,37.59,37.59
2013-11-27,37.61,37.61,37.61,37.61,37.61,37.61
2013-11-29,38.11,38.11,38.11,38.11,38.11,38.11
2013-12-02,38.44,38.44,38.44,38.44,38.44,38.44
2013-12-03,38.3,38.3,38.3,38.3,38.3,38.3
2013-12-04,38.88,38.88,38.88,38.88,38.88,38.88
2013-12-05,37.91,37.91,37.91,37.91,37.91,37.91
2013-12-06,38.26,38.26,38.26,38.26,38.26,38.26
2013-12-09,38.69,38.69,38.69,38.69,38.69,38.69
2013-12-10,38.16,38.16,38.16,38.16,38.16,38.16
2013-12-11,37.61,37.61,37.61,37.61,37.61,37.61
2013-12-12,37.41,37.41,37.41,37.41,37.41,37.41
2013-12-13,36.82,36.82,36.82,36.82,36.82,36.82
2013-12-16,36.88,36.88,36.88,36.88,36.88,36.88
2013-12-17,36.57,36.57,36.57,36.57,36.57,36.57
2013-12-18,36.57,36.57,36.57,36.57,36.57,36.57
2013-12-19,36.23,36.23,36.23,36.23,36.23,36.23
2013-12-20,36.81,36.81,36.81,36.81,36.81,36.81
2013-12-23,36.61,36.61,36.61,36.61,36.61,36.61
2013-12-24,37.09,37.09,37.09,37.09,37.09,37.09
2013-12-26,37.43,37.43,37.43,37.43,37.43,37.43
2013-12-27,37.25,37.25,37.25,37.25,37.25,37.25
2013-12-30,37.2,37.2,37.2,37.2,37.2,37.2
2013-12-31,37.42,37.42,37.42,37.42,37.42,37.42
2014-01-02,37.16,37.16,37.16,37.16,37.16,37.16
2014-01-03,36.94,36.94,36.94,36.94,36.94,36.94
2014-01-06,36.14,36.14,36.14,36.14,36.14,36.14
2014-01-07,36.42,36.42,36.42,36.42,36.42,36.42
2014-01-08,35.69,35.69,35.69,35.69,35.69,35.69
2014-01-09,35.61,35.61,35.61,35.61,35.61,35.61
2014-01-10,36.02,36.02,36.02,36.02,36.02,36.02
2014-01-13,34.9,34.9,34.9,34.9,34.9,34.9
2014-01-14,35.78,35.78,35.78,35.78,35.78,35.78
2014-01-15,36.75,36.75,36.75,36.75,36.75,36.75
2014-01-16,36.84,36.84,36.84,36.84,36.84,36.84
2014-01-17,36.3,36.3,36.3,36.3,36.3,36.3
2014-01-21,36.19,36.19,36.19,36.19,36.19,36.19
2014-01-22,36.06,36.06,36.06,36.06,36.06,36.06
2014-01-23,35.86,35.86,35.86,35.86,35.86,35.86
2014-01-24,37.0,37.0,37.0,37.0,37.0,37.0
2014-01-27,36.26,36.26,36.26,36.26,36.26,36.26
2014-01-28,36.23,36.23,36.23,36.23,36.23,36.23
2014-01-29,36.77,36.77,36.77,36.77,36.77,36.77
2014-01-30,36.75,36.75,36.75,36.75,36.75,36.75
2014-01-31,37.77,37.77,37.77,37.77,37.77,37.77
2014-02-03,36.65,36.65,36.65,36.65,36.65,36.65
2014-02-04,36.44,36.44,36.44,36.44,36.44,36.44
2014-02-05,35.94,35.94,35.94,35.94,35.94,35.94
2014-02-06,36.2,36.2,36.2,36.2,36.2,36.2
2014-02-07,36.52,36.52,36.52,36.52,36.52,36.52
2014-02-10,36.68,36.68,36.68,36.68,36.68,36.68
2014-02-11,37.23,37.23,37.23,37.23,37.23,37.23
2014-02-12,37.5,37.5,37.5,37.5,37.5,37.5
2014-02-13,37.59,37.59,37.59,37.59,37.59,37.59
2014-02-14,37.65,37.65,37.65,37.65,37.65,37.65
2014-02-18,37.56,37.56,37.56,37.56,37.56,37.56
2014-02-19,37.49,37.49,37.49,37.49,37.49,37.49
2014-02-20,37.86,37.86,37.86,37.86,37.86,37.86
2014-02-21,38.0,38.0,38.0,38.0,38.0,38.0
2014-02-24,37.8,37.8,37.8,37.8,37.8,37.8
2014-02-25,37.56,37.56,37.56,37.56,37.56,37.56
2014-02-26,37.41,37.41,37.41,37.41,37.41,37.41
2014-02-27,37.7,37.7,37.7,37.7,37.7,37.7
2014-02-28,37.9,37.9,37.9,37.9,37.9,37.9
2014-03-03,37.81,37.81,37.81,37.81,37.81,37.81
2014-03-04,38.41,38.41,38.41,38.41,38.41,38.41
2014-03-05,38.06,38.06,38.06,38.06,38.06,38.06
2014-03-06,38.09,38.09,38.09,38.09,38.09,38.09
2014-03-07,37.85,37.85,37.85,37.85,37.85,37.85
2014-03-10,37.86,37.86,37.86,37.86,37.86,37.86
2014-03-11,37.94,37.94,37.94,37.94,37.94,37.94
2014-03-12,38.26,38.26,38.26,38.26,38.26,38.26
2014-03-13,37.75,37.75,37.75,37.75,37.75,37.75
2014-03-14,37.86,37.86,37.86,37.86,37.86,37.86
2014-03-17,38.18,38.18,38.18,38.18,38.18,38.18
2014-03-18,39.43,39.43,39.43,39.43,39.43,39.43
2014-03-19,39.15,39.15,39.15,39.15,39.15,39.15
2014-03-20,40.32,40.32,40.32,40.32,40.32,40.32
2014-03-21,40.16,40.16,40.16,40.16,40.16,40.16
2014-03-24,40.53,40.53,40.53,40.53,40.53,40.53
2014-03-25,40.34,40.34,40.34,40.34,40.34,40.34
2014-03-26,39.92,39.92,39.92,39.92,39.92,39.92
2014-03-27,39.5,39.5,39.5,39.5,39.5,39.5
2014-03-28,40.23,40.23,40.23,40.23,40.23,40.23
2014-03-31,41.32,41.32,41.32,41.32,41.32,41.32
2014-04-01,41.33,41.33,41.33,41.33,41.33,41.33
2014-04-02,41.35,41.35,41.35,41.35,41.35,41.35
2014-04-03,40.95,40.95,40.95,40.95,40.95,40.95
2014-04-04,40.03,40.03,40.03,40.03,40.03,40.03
2014-04-07,39.9,39.9,39.9,39.9,39.9,39.9
2014-04-08,39.85,39.85,39.85,39.85,39.85,39.85
2014-04-09,40.47,40.47,40.47,40.47,40.47,40.47
2014-04-10,39.31,39.31,39.31,39.31,39.31,39.31
2014-04-11,39.34,39.34,39.34,39.34,39.34,39.34
2014-04-14,39.03,39.03,39.03,39.03,39.03,39.03
2014-04-15,39.88,39.88,39.88,39.88,39.88,39.88
2014-04-16,40.12,40.12,40.12,40.12,40.12,40.12
2014-04-17,40.18,40.18,40.18,40.18,40.18,40.18
2014-04-21,39.94,39.94,39.94,39.94,39.94,39.94
2014-04-22,39.92,39.92,39.92,39.92,39.92,39.92
2014-04-23,39.67,39.67,39.67,39.67,39.67,39.67
2014-04-24,39.81,39.81,39.81,39.81,39.81,39.81
2014-04-25,40.08,40.08,40.08,40.08,40.08,40.08
2014-04-28,40.81,40.81,40.81,40.81,40.81,40.81
2014-04-29,40.59,40.59,40.59,40.59,40.59,40.59
2014-04-30,40.33,40.33,40.33,40.33,40.33,40.33
2014-05-01,40.0,40.0,40.0,40.0,40.0,40.0
2014-05-02,39.78,39.78,39.78,39.78,39.78,39.78
2014-05-05,39.44,39.44,39.44,39.44,39.44,39.44
2014-05-06,39.09,39.09,39.09,39.09,39.09,39.09
2014-05-07,39.39,39.39,39.39,39.39,39.39,39.39
2014-05-08,39.58,39.58,39.58,39.58,39.58,39.58
2014-05-09,39.56,39.56,39.56,39.56,39.56,39.56
2014-05-12,39.98,39.98,39.98,39.98,39.98,39.98
2014-05-13,40.4,40.4,40.4,40.4,40.4,40.4
2014-05-14,40.24,40.24,40.24,40.24,40.24,40.24
2014-05-15,39.72,39.72,39.72,39.72,39.72,39.72
2014-05-16,39.75,39.75,39.75,39.75,39.75,39.75
2014-05-19,39.77,39.77,39.77,39.77,39.77,39.77
2014-05-20,39.72,39.72,39.72,39.72,39.72,39.72
2014-05-21,40.34,40.34,40.34,40.34,40.34,40.34
2014-05-22,40.12,40.12,40.12,40.12,40.12,40.12
2014-05-23,40.11,40.11,40.11,40.11,40.11,40.11
2014-05-27,40.06,40.06,40.06,40.06,40.06,40.06
2014-05-28,40.06,40.06,40.06,40.06,40.06,40.06
2014-05-29,40.16,40.16,40.16,40.16,40.16,40.16
2014-05-30,40.83,40.83,40.83,40.83,40.83,40.83
2014-06-02,40.8,40.8,40.8,40.8,40.8,40.8
2014-06-03,40.35,40.35,40.35,40.35,40.35,40.35
2014-06-04,40.23,40.23,40.23,40.23,40.23,40.23
2014-06-05,41.19,41.19,41.19,41.19,41.19,41.19
2014-06-06,41.45,41.45,41.45,41.45,41.45,41.45
2014-06-09,41.27,41.27,41.27,41.27,41.27,41.27
2014-06-10,41.08,41.08,41.08,41.08,41.08,41.08
2014-06-11,40.8,40.8,40.8,40.8,40.8,40.8
2014-06-12,40.41,40.41,40.41,40.41,40.41,40.41
2014-06-13,41.14,41.14,41.14,41.14,41.14,41.14
2014-06-16,41.45,41.45,41.45,41.45,41.45,41.45
2014-06-17,41.75,41.75,41.75,41.75,41.75,41.75
2014-06-18,41.61,41.61,41.61,41.61,41.61,41.61
2014-06-19,41.47,41.47,41.47,41.47,41.47,41.47
2014-06-20,41.75,41.75,41.75,41.75,41.75,41.75
2014-06-23,41.93,41.93,41.93,41.93,41.93,41.93
2014-06-24,41.65,41.65,41.65,41.65,41.65,41.65
2014-06-25,42.0,42.0,42.0,42.0,42.0,42.0
2014-06-26,41.69,41.69,41.69,41.69,41.69,41.69
2014-06-27,42.18,42.18,42.18,42.18,42.18,42.18
2014-06-30,41.75,41.75,41.75,41.75,41.75,41.75
2014-07-01,41.84,41.84,41.84,41.84,41.84,41.84
2014-07-02,41.85,41.85,41.85,41.85,41.85,41.85
2014-07-03,41.78,41.78,41.78,41.78,41.78,41.78
2014-07-07,42.0,42.0,42.0,42.0,42.0,42.0
2014-07-08,41.88,41.88,41.88,41.88,41.88,41.88
2014-07-09,41.7,41.7,41.7,41.7,41.7,41.7
2014-07-10,41.75,41.75,41.75,41.75,41.75,41.75
2014-07-11,41.98,41.98,41.98,41.98,41.98,41.98
2014-07-14,42.09,42.09,42.09,42.09,42.09,42.09
2014-07-15,42.26,42.26,42.26,42.26,42.26,42.26
2014-07-16,44.0,44.0,44.0,44.0,44.0,44.0
2014-07-17,44.42,44.42,44.42,44.42,44.42,44.42
2014-07-18,44.5,44.5,44.5,44.5,44.5,44.5
2014-07-21,44.84,44.84,44.84,44.84,44.84,44.84
2014-07-22,44.81,44.81,44.81,44.81,44.81,44.81
2014-07-23,44.86,44.86,44.86,44.86,44.86,44.86
2014-07-24,44.47,44.47,44.47,44.47,44.47,44.47
2014-07-25,44.5,44.5,44.5,44.5,44.5,44.5
2014-07-28,44.15,44.15,44.15,44.15,44.15,44.15
2014-07-29,43.91,43.91,43.91,43.91,43.91,43.91
2014-07-30,43.38,43.38,43.38,43.38,43.38,43.38
2014-07-31,43.34,43.34,43.34,43.34,43.34,43.34
2014-08-01,42.9,42.9,42.9,42.9,42.9,42.9
2014-08-04,43.36,43.36,43.36,43.36,43.36,43.36
2014-08-05,43.05,43.05,43.05,43.05,43.05,43.05
2014-08-06,42.84,42.84,42.84,42.84,42.84,42.84
2014-08-07,43.12,43.12,43.12,43.12,43.12,43.12
2014-08-08,43.18,43.18,43.18,43.18,43.18,43.18
2014-08-11,43.14,43.14,43.14,43.14,43.14,43.14
2014-08-12,43.43,43.43,43.43,43.43,43.43,43.43
2014-08-13,44.05,44.05,44.05,44.05,44.05,44.05
2014-08-14,44.3,44.3,44.3,44.3,44.3,44.3
2014-08-15,44.86,44.86,44.86,44.86,44.86,44.86
2014-08-18,45.07,45.07,45.07,45.07,45.07,45.07
2014-08-19,45.14,45.14,45.14,45.14,45.14,45.14
2014-08-20,44.98,44.98,44.98,44.98,44.98,44.98
2014-08-21,45.15,45.15,45.15,45.15,45.15,45.15
2014-08-22,45.23,45.23,45.23,45.23,45.23,45.23
2014-08-25,45.27,45.27,45.27,45.27,45.27,45.27
2014-08-26,44.99,44.99,44.99,44.99,44.99,44.99
2014-08-27,44.81,44.81,44.81,44.81,44.81,44.81
2014-08-28,44.92,44.92,44.92,44.92,44.92,44.92
2014-08-29,45.33,45.33,45.33,45.33,45.33,45.33
2014-09-02,44.92,44.92,44.92,44.92,44.92,44.92
2014-09-03,45.0,45.0,45.0,45.0,45.0,45.0
2014-09-04,45.16,45.16,45.16,45.16,45.16,45.16
2014-09-05,45.86,45.86,45.86,45.86,45.86,45.86
2014-09-08,46.49,46.49,46.49,46.49,46.49,46.49
2014-09-09,46.7,46.7,46.7,46.7,46.7,46.7
2014-09-10,46.84,46.84,46.84,46.84,46.84,46.84
2014-09-11,46.86,46.86,46.86,46.86,46.86,46.86
2014-09-12,46.72,46.72,46.72,46.72,46.72,46.72
2014-09-15,46.23,46.23,46.23,46.23,46.23,46.23
2014-09-16,46.8,46.8,46.8,46.8,46.8,46.8
2014-09-17,46.61,46.61,46.61,46.61,46.61,46.61
2014-09-18,46.75,46.75,46.75,46.75,46.75,46.75
2014-09-19,47.18,47.18,47.18,47.18,47.18,47.18
2014-09-22,47.15,47.15,47.15,47.15,47.15,47.15
2014-09-23,46.52,46.52,46.52,46.52,46.52,46.52
2014-09-24,46.95,46.95,46.95,46.95,46.95,46.95
2014-09-25,46.1,46.1,46.1,46.1,46.1,46.1
2014-09-26,46.45,46.45,46.45,46.45,46.45,46.45
2014-09-29,46.45,46.45,46.45,46.45,46.45,46.45
2014-09-30,46.33,46.33,46.33,46.33,46.33,46.33
2014-10-01,45.94,45.94,45.94,45.94,45.94,45.94
2014-10-02,45.88,45.88,45.88,45.88,45.88,45.88
2014-10-03,46.18,46.18,46.18,46.18,46.18,46.18
2014-10-06,46.15,46.15,46.15,46.15,46.15,46.15
2014-10-07,45.7,45.7,45.7,45.7,45.7,45.7
2014-10-08,46.57,46.57,46.57,46.57,46.57,46.57
2014-10-09,45.88,45.88,45.88,45.88,45.88,45.88
2014-10-10,44.23,44.23,44.23,44.23,44.23,44.23
2014-10-13,44.26,44.26,44.26,44.26,44.26,44.26
2014-10-14,43.8,43.8,43.8,43.8,43.8,43.8
2014-10-15,43.32,43.32,43.32,43.32,43.32,43.32
2014-10-16,42.78,42.78,42.78,42.78,42.78,42.78
2014-10-17,43.7,43.7,43.7,43.7,43.7,43.7
2014-10-20,44.02,44.02,44.02,44.02,44.02,44.02
2014-10-21,44.84,44.84,44.84,44.84,44.84,44.84
2014-10-22,44.4,44.4,44.4,44.4,44.4,44.4
2014-10-23,45.12,45.12,45.12,45.12,45.12,45.12
2014-10-24,46.03,46.03,46.03,46.03,46.03,46.03
2014-10-27,46.0,46.0,46.0,46.0,46.0,46.0
2014-10-28,46.42,46.42,46.42,46.42,46.42,46.42
2014-10-29,46.59,46.59,46.59,46.59,46.59,46.59
2014-10-30,46.0,46.0,46.0,46.0,46.0,46.0
2014-10-31,46.8,46.8,46.8,46.8,46.8,46.8
2014-11-03,47.38,47.38,47.38,47.38,47.38,47.38
2014-11-04,47.58,47.58,47.58,47.58,47.58,47.58
2014-11-05,47.84,47.84,47.84,47.84,47.84,47.84
2014-11-06,48.69,48.69,48.69,48.69,48.69,48.69
2014-11-07,48.51,48.51,48.51,48.51,48.51,48.51
2014-11-10,48.82,48.82,48.82,48.82,48.82,48.82
2014-11-11,48.79,48.79,48.79,48.79,48.79,48.79
2014-11-12,48.81,48.81,48.81,48.81,48.81,48.81
2014-11-13,49.63,49.63,49.63,49.63,49.63,49.63
2014-11-14,49.54,49.54,49.54,49.54,49.54,49.54
2014-11-17,49.4,49.4,49.4,49.4,49.4,49.4
2014-11-18,48.78,48.78,48.78,48.78,48.78,48.78
2014-11-19,48.19,48.19,48.19,48.19,48.19,48.19
2014-11-20,48.62,48.62,48.62,48.62,48.62,48.62
2014-11-21,47.85,47.85,47.85,47.85,47.85,47.85
2014-11-24,47.76,47.76,47.76,47.76,47.76,47.76
2014-11-25,47.83,47.83,47.83,47.83,47.83,47.83
2014-11-26,47.8,47.8,47.8,47.8,47.8,47.8
2014-11-28,47.81,47.81,47.81,47.81,47.81,47.81
2014-12-01,48.67,48.67,48.67,48.67,48.67,48.67
2014-12-02,48.47,48.47,48.47,48.47,48.47,48.47
2014-12-03,48.32,48.32,48.32,48.32,48.32,48.32
2014-12-04,49.02,49.02,49.02,49.02,49.02,49.02
2014-12-05,48.45,48.45,48.45,48.45,48.45,48.45
2014-12-08,47.69,47.69,47.69,47.69,47.69,47.69
2014-12-09,47.62,47.62,47.62,47.62,47.62,47.62
2014-12-10,46.86,46.86,46.86,46.86,46.86,46.86
2014-12-11,47.21,47.21,47.21,47.21,47.21,47.21
2014-12-12,47.17,47.17,47.17,47.17,47.17,47.17
2014-12-15,46.73,46.73,46.73,46.73,46.73,46.73
2014-12-16,45.61,45.61,45.61,45.61,45.61,45.61
2014-12-17,45.85,45.85,45.85,45.85,45.85,45.85
2014-12-18,47.37,47.37,47.37,47.37,47.37,47.37
2014-12-19,47.99,47.99,47.99,47.99,47.99,47.99
2014-12-22,47.95,47.95,47.95,47.95,47.95,47.95
2014-12-23,48.54,48.54,48.54,48.54,48.54,48.54
2014-12-24,48.15,48.15,48.15,48.15,48.15,48.15
2014-12-26,47.91,47.91,47.91,47.91,47.91,47.91
2014-12-29,47.41,47.41,47.41,47.41,47.41,47.41
2014-12-30,47.05,47.05,47.05,47.05,47.05,47.05
2014-12-31,46.67,46.67,46.67,46.67,46.67,46.67
2015-01-02,46.69,46.69,46.69,46.69,46.69,46.69
2015-01-05,46.51,46.51,46.51,46.51,46.51,46.51
2015-01-06,45.89,45.89,45.89,45.89,45.89,45.89
2015-01-07,46.22,46.22,46.22,46.22,46.22,46.22
2015-01-08,47.55,47.55,47.55,47.55,47.55,47.55
2015-01-09,47.29,47.29,47.29,47.29,47.29,47.29
2015-01-12,46.49,46.49,46.49,46.49,46.49,46.49
2015-01-13,46.41,46.41,46.41,46.41,46.41,46.41
2015-01-14,45.97,45.97,45.97,45.97,45.97,45.97
2015-01-15,45.76,45.76,45.76,45.76,45.76,45.76
2015-01-16,46.19,46.19,46.19,46.19,46.19,46.19
2015-01-20,46.47,46.47,46.47,46.47,46.47,46.47
2015-01-21,45.94,45.94,45.94,45.94,45.94,45.94
2015-01-22,47.11,47.11,47.11,47.11,47.11,47.11
2015-01-23,47.15,47.15,47.15,47.15,47.15,47.15
2015-01-26,46.82,46.82,46.82,46.82,46.82,46.82
2015-01-27,42.69,42.69,42.69,42.69,42.69,42.69
2015-01-28,41.62,41.62,41.62,41.62,41.62,41.62
2015-01-29,42.0,42.0,42.0,42.0,42.0,42.0
2015-01-30,40.41,40.41,40.41,40.41,40.41,40.41
2015-02-02,41.29,41.29,41.29,41.29,41.29,41.29
2015-02-03,41.37,41.37,41.37,41.37,41.37,41.37
2015-02-04,41.79,41.79,41.79,41.79,41.79,41.79
2015-02-05,42.47,42.47,42.47,42.47,42.47,42.47
2015-02-06,42.15,42.15,42.15,42.15,42.15,42.15
2015-02-09,42.44,42.44,42.44,42.44,42.44,42.44
2015-02-10,42.66,42.66,42.66,42.66,42.66,42.66
2015-02-11,42.34,42.34,42.34,42.34,42.34,42.34
2015-02-12,43.01,43.01,43.01,43.01,43.01,43.01
2015-02-13,43.81,43.81,43.81,43.81,43.81,43.81
2015-02-17,43.51,43.51,43.51,43.51,43.51,43.51
2015-02-18,43.49,43.49,43.49,43.49,43.49,43.49
2015-02-19,43.43,43.43,43.43,43.43,43.43,43.43
2015-02-20,43.84,43.84,43.84,43.84,43.84,43.84
2015-02-23,44.15,44.15,44.15,44.15,44.15,44.15
2015-02-24,44.13,44.13,44.13,44.13,44.13,44.13
2015-02-25,43.83,43.83,43.83,43.83,43.83,43.83
2015-02-26,44.02,44.02,44.02,44.02,44.02,44.02
2015-03-02,43.78,43.78,43.78,43.78,43.78,43.78
2015-03-03,43.3,43.3,43.3,43.3,43.3,43.3
2015-03-04,43.08,43.08,43.08,43.08,43.08,43.08
2015-03-05,43.13,43.13,43.13,43.13,43.13,43.13
2015-03-06,42.24,42.24,42.24,42.24,42.24,42.24
2015-03-09,42.93,42.93,42.93,42.93,42.93,42.93
2015-03-10,42.14,42.14,42.14,42.14,42.14,42.14
2015-03-11,41.87,41.87,41.87,41.87,41.87,41.87
2015-03-12,41.02,41.02,41.02,41.02,41.02,41.02
2015-03-13,41.33,41.33,41.33,41.33,41.33,41.33
2015-03-16,41.52,41.52,41.52,41.52,41.52,41.52
2015-03-17,41.73,41.73,41.73,41.73,41.73,41.73
2015-03-18,42.52,42.52,42.52,42.52,42.52,42.52
2015-03-19,42.39,42.39,42.39,42.39,42.39,42.39
2015-03-20,42.67,42.67,42.67,42.67,42.67,42.67
2015-03-23,43.02,43.02,43.02,43.02,43.02,43.02
2015-03-24,42.98,42.98,42.98,42.98,42.98,42.98
2015-03-25,41.49,41.49,41.49,41.49,41.49,41.49
2015-03-26,41.35,41.35,41.35,41.35,41.35,41.35
2015-03-27,40.85,40.85,40.85,40.85,40.85,40.85
2015-03-30,40.99,40.99,40.99,40.99,40.99,40.99
2015-03-31,40.7,40.7,40.7,40.7,40.7,40.7
2015-04-01,40.69,40.69,40.69,40.69,40.69,40.69
2015-04-02,40.38,40.38,40.38,40.38,40.38,40.38
2015-04-06,41.7,41.7,41.7,41.7,41.7,41.7
2015-04-07,41.69,41.69,41.69,41.69,41.69,41.69
2015-04-08,41.35,41.35,41.35,41.35,41.35,41.35
2015-04-09,41.48,41.48,41.48,41.48,41.48,41.48
2015-04-10,41.7,41.7,41.7,41.7,41.7,41.7
2015-04-13,41.75,41.75,41.75,41.75,41.75,41.75
2015-04-14,41.65,41.65,41.65,41.65,41.65,41.65
2015-04-15,42.29,42.29,42.29,42.29,42.29,42.29
2015-04-16,42.17,42.17,42.17,42.17,42.17,42.17
2015-04-17,41.58,41.58,41.58,41.58,41.58,41.58
2015-04-20,43.0,43.0,43.0,43.0,43.0,43.0
2015-04-21,42.64,42.64,42.64,42.64,42.64,42.64
2015-04-22,43.02,43.02,43.02,43.02,43.02,43.02
2015-04-23,43.4,43.4,43.4,43.4,43.4,43.4
2015-04-24,47.92,47.92,47.92,47.92,47.92,47.92
2015-04-27,47.91,47.91,47.91,47.91,47.91,47.91
2015-04-28,49.09,49.09,49.09,49.09,49.09,49.09
2015-04-29,49.04,49.04,49.04,49.04,49.04,49.04
2015-04-30,48.81,48.81,48.81,48.81,48.81,48.81
2015-05-01,48.51,48.51,48.51,48.51,48.51,48.51
2015-05-04,48.35,48.35,48.35,48.35,48.35,48.35
2015-05-05,47.85,47.85,47.85,47.85,47.85,47.85
2015-05-06,46.09,46.09,46.09,46.09,46.09,46.09
2015-05-07,46.79,46.79,46.79,46.79,46.79,46.79
2015-05-08,47.78,47.78,47.78,47.78,47.78,47.78
2015-05-11,47.43,47.43,47.43,47.43,47.43,47.43
2015-05-12,47.49,47.49,47.49,47.49,47.49,47.49
2015-05-13,47.62,47.62,47.62,47.62,47.62,47.62
2015-05-14,48.63,48.63,48.63,48.63,48.63,48.63
2015-05-15,48.08,48.08,48.08,48.08,48.08,48.08
2015-05-18,48.15,48.15,48.15,48.15,48.15,48.15
2015-05-19,47.47,47.47,47.47,47.47,47.47,47.47
2015-05-20,47.54,47.54,47.54,47.54,47.54,47.54
2015-05-21,47.47,47.47,47.47,47.47,47.47,47.47
2015-05-22,47.07,47.07,47.07,47.07,47.07,47.07
2015-05-26,46.35,46.35,46.35,46.35,46.35,46.35
2015-05-27,47.7,47.7,47.7,47.7,47.7,47.7
2015-05-28,47.47,47.47,47.47,47.47,47.47,47.47
2015-05-29,47.01,47.01,47.01,47.01,47.01,47.01
2015-06-01,47.51,47.51,47.51,47.51,47.51,47.51
2015-06-02,47.02,47.02,47.02,47.02,47.02,47.02
2015-06-03,46.92,46.92,46.92,46.92,46.92,46.92
2015-06-04,46.28,46.28,46.28,46.28,46.28,46.28
2015-06-05,46.22,46.22,46.22,46.22,46.22,46.22
2015-06-08,45.94,45.94,45.94,45.94,45.94,45.94
2015-06-09,45.67,45.67,45.67,45.67,45.67,45.67
2015-06-10,46.71,46.71,46.71,46.71,46.71,46.71
2015-06-11,46.46,46.46,46.46,46.46,46.46,46.46
2015-06-12,46.08,46.08,46.08,46.08,46.08,46.08
2015-06-15,45.48,45.48,45.48,45.48,45.48,45.48
2015-06-16,45.9,45.9,45.9,45.9,45.9,45.9
2015-06-17,45.87,45.87,45.87,45.87,45.87,45.87
2015-06-18,46.63,46.63,46.63,46.63,46.63,46.63
2015-06-19,46.1,46.1,46.1,46.1,46.1,46.1
2015-06-22,46.33,46.33,46.33,46.33,46.33,46.33
2015-06-23,45.89,45.89,45.89,45.89,45.89,45.89
2015-06-24,45.73,45.73,45.73,45.73,45.73,45.73
2015-06-25,45.77,45.77,45.77,45.77,45.77,45.77
2015-06-26,45.25,45.25,45.25,45.25,45.25,45.25
2015-06-29,44.55,44.55,44.55,44.55,44.55,44.55
2015-06-30,44.15,44.15,44.15,44.15,44.15,44.15
2015-07-01,44.44,44.44,44.44,44.44,44.44,44.44
2015-07-02,44.33,44.33,44.33,44.33,44.33,44.33
2015-07-06,44.29,44.29,44.29,44.29,44.29,44.29
2015-07-07,44.4,44.4,44.4,44.4,44.4,44.4
2015-07-08,44.25,44.25,44.25,44.25,44.25,44.25
2015-07-09,44.67,44.67,44.67,44.67,44.67,44.67
2015-07-10,44.78,44.78,44.78,44.78,44.78,44.78
2015-07-13,45.58,45.58,45.58,45.58,45.58,45.58
2015-07-14,45.77,45.77,45.77,45.77,45.77,45.77
2015-07-15,45.79,45.79,45.79,45.79,45.79,45.79
2015-07-16,46.65,46.65,46.65,46.65,46.65,46.65
2015-07-17,46.58,46.58,46.58,46.58,46.58,46.58
2015-07-20,47.02,47.02,47.02,47.02,47.02,47.02
2015-07-21,47.0,47.0,47.0,47.0,47.0,47.0
2015-07-22,45.4,45.4,45.4,45.4,45.4,45.4
2015-07-23,45.86,45.86,45.86,45.86,45.86,45.86
2015-07-24,46.11,46.11,46.11,46.11,46.11,46.11
2015-07-27,45.38,45.38,45.38,45.38,45.38,45.38
2015-07-28,45.38,45.38,45.38,45.38,45.38,45.38
2015-07-29,46.34,46.34,46.34,46.34,46.34,46.34
2015-07-30,46.94,46.94,46.94,46.94,46.94,46.94
2015-07-31,46.61,46.61,46.61,46.61,46.61,46.61
2015-08-04,47.62,47.62,47.62,47.62,47.62,47.62
2015-08-06,46.49,46.49,46.49,46.49,46.49,46.49
2015-08-07,46.59,46.59,46.59,46.59,46.59,46.59
2015-08-10,47.37,47.37,47.37,47.37,47.37,47.37
2015-08-11,46.26,46.26,46.26,46.26,46.26,46.26
2015-08-12,46.74,46.74,46.74,46.74,46.74,46.74
2015-08-13,46.83,46.83,46.83,46.83,46.83,46.83
2015-08-14,47.03,47.03,47.03,47.03,47.03,47.03
2015-08-17,47.36,47.36,47.36,47.36,47.36,47.36
2015-08-18,47.15,47.15,47.15,47.15,47.15,47.15
2015-08-19,46.74,46.74,46.74,46.74,46.74,46.74
2015-08-20,46.03,46.03,46.03,46.03,46.03,46.03
2015-08-21,43.38,43.38,43.38,43.38,43.38,43.38
2015-08-24,41.35,41.35,41.35,41.35,41.35,41.35
2015-08-25,41.36,41.36,41.36,41.36,41.36,41.36
2015-08-26,42.47,42.47,42.47,42.47,42.47,42.47
2015-08-27,43.69,43.69,43.69,43.69,43.69,43.69
2015-08-28,43.72,43.72,43.72,43.72,43.72,43.72
2015-08-31,43.45,43.45,43.45,43.45,43.45,43.45
2015-09-01,41.94,41.94,41.94,41.94,41.94,41.94
2015-09-02,42.99,42.99,42.99,42.99,42.99,42.99
2015-09-03,43.67,43.67,43.67,43.67,43.67,43.67
2015-09-04,42.53,42.53,42.53,42.53,42.53,42.53
2015-09-08,43.77,43.77,43.77,43.77,43.77,43.77
2015-09-09,43.76,43.76,43.76,43.76,43.76,43.76
2015-09-10,43.24,43.24,43.24,43.24,43.24,43.24
2015-09-11,43.4,43.4,43.4,43.4,43.4,43.4
2015-09-14,42.99,42.99,42.99,42.99,42.99,42.99
2015-09-15,44.24,44.24,44.24,44.24,44.24,44.24
2015-09-16,44.14,44.14,44.14,44.14,44.14,44.14
2015-09-17,44.64,44.64,44.64,44.64,44.64,44.64
2015-09-18,43.44,43.44,43.44,43.44,43.44,43.44
2015-09-21,44.11,44.11,44.11,44.11,44.11,44.11
2015-09-22,43.46,43.46,43.46,43.46,43.46,43.46
2015-09-23,43.96,43.96,43.96,43.96,43.96,43.96
2015-09-24,43.89,43.89,43.89,43.89,43.89,43.89
2015-09-25,43.85,43.85,43.85,43.85,43.85,43.85
2015-09-29,43.49,43.49,43.49,43.49,43.49,43.49
2015-09-30,43.8,43.8,43.8,43.8,43.8,43.8
2015-10-01,43.88,43.88,43.88,43.88,43.88,43.88
2015-10-02,45.22,45.22,45.22,45.22,45.22,45.22
2015-10-05,46.51,46.51,46.51,46.51,46.51,46.51
2015-10-06,46.89,46.89,46.89,46.89,46.89,46.89
2015-10-07,46.59,46.59,46.59,46.59,46.59,46.59
2015-10-08,47.5,47.5,47.5,47.5,47.5,47.5
2015-10-09,47.25,47.25,47.25,47.25,47.25,47.25
2015-10-12,46.95,46.95,46.95,46.95,46.95,46.95
2015-10-13,46.95,46.95,46.95,46.95,46.95,46.95
2015-10-14,46.78,46.78,46.78,46.78,46.78,46.78
2015-10-15,46.87,46.87,46.87,46.87,46.87,46.87
2015-10-16,47.31,47.31,47.31,47.31,47.31,47.31
2015-10-19,47.66,47.66,47.66,47.66,47.66,47.66
2015-10-20,47.69,47.69,47.69,47.69,47.69,47.69
2015-10-21,47.4,47.4,47.4,47.4,47.4,47.4
2015-10-22,48.23,48.23,48.23,48.23,48.23,48.23
2015-10-23,53.52,53.52,53.52,53.52,53.52,53.52
2015-10-26,53.81,53.81,53.81,53.81,53.81,53.81
2015-10-27,53.89,53.89,53.89,53.89,53.89,53.89
2015-10-28,53.57,53.57,53.57,53.57,53.57,53.57
2015-10-29,53.47,53.47,53.47,53.47,53.47,53.47
2015-10-30,52.86,52.86,52.86,52.86,52.86,52.86
2015-11-02,53.26,53.26,53.26,53.26,53.26,53.26
2015-11-03,54.24,54.24,54.24,54.24,54.24,54.24
2015-11-04,54.35,54.35,54.35,54.35,54.35,54.35
2015-11-05,54.38,54.38,54.38,54.38,54.38,54.38
2015-11-06,54.72,54.72,54.72,54.72,54.72,54.72
2015-11-09,53.95,53.95,53.95,53.95,53.95,53.95
2015-11-10,53.49,53.49,53.49,53.49,53.49,53.49
2015-11-11,54.15,54.15,54.15,54.15,54.15,54.15
2015-11-12,53.55,53.55,53.55,53.55,53.55,53.55
2015-11-13,53.09,53.09,53.09,53.09,53.09,53.09
2015-11-16,53.8,53.8,53.8,53.8,53.8,53.8
2015-11-17,52.94,52.94,52.94,52.94,52.94,52.94
2015-11-18,53.61,53.61,53.61,53.61,53.61,53.61
2015-11-19,54.51,54.51,54.51,54.51,54.51,54.51
2015-11-20,54.04,54.04,54.04,54.04,54.04,54.04
2015-11-23,54.01,54.01,54.01,54.01,54.01,54.01
2015-11-24,54.21,54.21,54.21,54.21,54.21,54.21
2015-11-25,53.94,53.94,53.94,53.94,53.94,53.94
2015-11-27,53.93,53.93,53.93,53.93,53.93,53.93
2015-11-30,54.6,54.6,54.6,54.6,54.6,54.6
2015-12-01,54.9,54.9,54.9,54.9,54.9,54.9
2015-12-02,55.26,55.26,55.26,55.26,55.26,55.26
2015-12-03,54.01,54.01,54.01,54.01,54.01,54.01
2015-12-04,55.9,55.9,55.9,55.9,55.9,55.9
2015-12-07,55.68,55.68,55.68,55.68,55.68,55.68
2015-12-08,55.8,55.8,55.8,55.8,55.8,55.8
2015-12-09,55.09,55.09,55.09,55.09,55.09,55.09
2015-12-10,55.26,55.26,55.26,55.26,55.26,55.26
2015-12-11,54.26,54.26,54.26,54.26,54.26,54.26
2015-12-14,54.64,54.64,54.64,54.64,54.64,54.64
2015-12-15,55.22,55.22,55.22,55.22,55.22,55.22
2015-12-16,56.17,56.17,56.17,56.17,56.17,56.17
2015-12-17,56.04,56.04,56.04,56.04,56.04,56.04
2015-12-18,55.01,55.01,55.01,55.01,55.01,55.01
2015-12-21,54.65,54.65,54.65,54.65,54.65,54.65
2015-12-23,55.76,55.76,55.76,55.76,55.76,55.76
2015-12-24,55.67,55.67,55.67,55.67,55.67,55.67
2015-12-28,55.81,55.81,55.81,55.81,55.81,55.81
2015-12-29,56.76,56.76,56.76,56.76,56.76,56.76
2015-12-30,56.67,56.67,56.67,56.67,56.67,56.67
2015-12-31,56.04,56.04,56.04,56.04,56.04,56.04
2016-01-04,54.38,54.38,54.38,54.38,54.38,54.38
2016-01-05,55.22,55.22,55.22,55.22,55.22,55.22
2016-01-06,54.07,54.07,54.07,54.07,54.07,54.07
2016-01-07,52.52,52.52,52.52,52.52,52.52,52.52
2016-01-08,52.83,52.83,52.83,52.83,52.83,52.83
2016-01-11,51.74,51.74,51.74,51.74,51.74,51.74
2016-01-12,52.69,52.69,52.69,52.69,52.69,52.69
2016-01-13,51.7,51.7,51.7,51.7,51.7,51.7
2016-01-14,53.27,53.27,53.27,53.27,53.27,53.27
2016-01-15,50.94,50.94,50.94,50.94,50.94,50.94
2016-01-19,50.26,50.26,50.26,50.26,50.26,50.26
2016-01-20,50.59,50.59,50.59,50.59,50.59,50.59
2016-01-21,50.54,50.54,50.54,50.54,50.54,50.54
2016-01-22,52.12,52.12,52.12,52.12,52.12,52.12
2016-01-25,52.23,52.23,52.23,52.23,52.23,52.23
2016-01-26,52.1,52.1,52.1,52.1,52.1,52.1
2016-01-27,51.12,51.12,51.12,51.12,51.12,51.12
2016-01-28,52.07,52.07,52.07,52.07,52.07,52.07
2016-01-29,54.88,54.88,54.88,54.88,54.88,54.88
2016-02-01,55.0,55.0,55.0,55.0,55.0,55.0
2016-02-02,52.74,52.74,52.74,52.74,52.74,52.74
2016-02-03,52.28,52.28,52.28,52.28,52.28,52.28
2016-02-04,51.86,51.86,51.86,51.86,51.86,51.86
2016-02-05,50.15,50.15,50.15,50.15,50.15,50.15
2016-02-08,49.02,49.02,49.02,49.02,49.02,49.02
2016-02-09,49.56,49.56,49.56,49.56,49.56,49.56
2016-02-10,49.88,49.88,49.88,49.88,49.88,49.88
2016-02-11,49.84,49.84,49.84,49.84,49.84,49.84
2016-02-12,50.4,50.4,50.4,50.4,50.4,50.4
2016-02-16,50.91,50.91,50.91,50.91,50.91,50.91
2016-02-17,52.38,52.38,52.38,52.38,52.38,52.38
2016-02-18,52.55,52.55,52.55,52.55,52.55,52.55
2016-02-19,51.82,51.82,51.82,51.82,51.82,51.82
2016-02-23,51.11,51.11,51.11,51.11,51.11,51.11
2016-02-24,51.3,51.3,51.3,51.3,51.3,51.3
2016-02-25,51.94,51.94,51.94,51.94,51.94,51.94
2016-02-26,51.37,51.37,51.37,51.37,51.37,51.37
2016-03-01,52.29,52.29,52.29,52.29,52.29,52.29
2016-03-02,52.83,52.83,52.83,52.83,52.83,52.83
2016-03-03,52.31,52.31,52.31,52.31,52.31,52.31
2016-03-04,51.98,51.98,51.98,51.98,51.98,51.98
2016-03-07,50.97,50.97,50.97,50.97,50.97,50.97
2016-03-08,51.85,51.85,51.85,51.85,51.85,51.85
2016-03-09,52.79,52.79,52.79,52.79,52.79,52.79
2016-03-10,51.94,51.94,51.94,51.94,51.94,51.94
2016-03-11,52.99,52.99,52.99,52.99,52.99,52.99
2016-03-14,53.32,53.32,53.32,53.32,53.32,53.32
2016-03-15,53.45,53.45,53.45,53.45,53.45,53.45
2016-03-16,54.21,54.21,54.21,54.21,54.21,54.21
2016-03-17,54.81,54.81,54.81,54.81,54.81,54.81
2016-03-18,53.76,53.76,53.76,53.76,53.76,53.76
2016-03-21,53.76,53.76,53.76,53.76,53.76,53.76
2016-03-22,54.14,54.14,54.14,54.14,54.14,54.14
2016-03-23,53.99,53.99,53.99,53.99,53.99,53.99
2016-03-24,54.22,54.22,54.22,54.22,54.22,54.22
2016-03-28,53.44,53.44,53.44,53.44,53.44,53.44
2016-03-29,54.71,54.71,54.71,54.71,54.71,54.71
2016-03-30,55.28,55.28,55.28,55.28,55.28,55.28
2016-03-31,55.37,55.37,55.37,55.37,55.37,55.37
2016-04-01,55.42,55.42,55.42,55.42,55.42,55.42
2016-04-04,55.25,55.25,55.25,55.25,55.25,55.25
2016-04-05,54.73,54.73,54.73,54.73,54.73,54.73
2016-04-06,55.14,55.14,55.14,55.14,55.14,55.14
2016-04-07,54.34,54.34,54.34,54.34,54.34,54.34
2016-04-08,54.37,54.37,54.37,54.37,54.37,54.37
2016-04-11,54.75,54.75,54.75,54.75,54.75,54.75
2016-04-12,54.55,54.55,54.55,54.55,54.55,54.55
2016-04-13,55.38,55.38,55.38,55.38,55.38,55.38
2016-04-14,55.37,55.37,55.37,55.37,55.37,55.37
2016-04-15,55.58,55.58,55.58,55.58,55.58,55.58
2016-04-18,56.5,56.5,56.5,56.5,56.5,56.5
2016-04-19,56.36,56.36,56.36,56.36,56.36,56.36
2016-04-20,55.51,55.51,55.51,55.51,55.51,55.51
2016-04-21,55.81,55.81,55.81,55.81,55.81,55.81
2016-04-22,51.76,51.76,51.76,51.76,51.76,51.76
2016-04-25,52.01,52.01,52.01,52.01,52.01,52.01
2016-04-26,51.19,51.19,51.19,51.19,51.19,51.19
2016-04-27,50.88,50.88,50.88,50.88,50.88,50.88
2016-04-28,50.08,50.08,50.08,50.08,50.08,50.08
2016-04-29,49.9,49.9,49.9,49.9,49.9,49.9
2016-05-02,50.65,50.65,50.65,50.65,50.65,50.65
2016-05-03,49.79,49.79,49.79,49.79,49.79,49.79
2016-05-04,49.97,49.97,49.97,49.97,49.97,49.97
2016-05-05,49.9,49.9,49.9,49.9,49.9,49.9
2016-05-06,50.24,50.24,50.24,50.24,50.24,50.24
2016-05-09,50.16,50.16,50.16,50.16,50.16,50.16
2016-05-10,51.02,51.02,51.02,51.02,51.02,51.02
2016-05-11,51.09,51.09,51.09,51.09,51.09,51.09
2016-05-12,51.67,51.67,51.67,51.67,51.67,51.67
2016-05-13,51.18,51.18,51.18,51.18,51.18,51.18
2016-05-16,51.88,51.88,51.88,51.88,51.88,51.88
2016-05-17,51.16,51.16,51.16,51.16,51.16,51.16
2016-05-18,50.58,50.58,50.58,50.58,50.58,50.58
2016-05-19,50.22,50.22,50.22,50.22,50.22,50.22
2016-05-20,50.57,50.57,50.57,50.57,50.57,50.57
2016-05-23,50.21,50.21,50.21,50.21,50.21,50.21
2016-05-24,51.62,51.62,51.62,51.62,51.62,51.62
2016-05-25,52.17,52.17,52.17,52.17,52.17,52.17
2016-05-26,51.93,51.93,51.93,51.93,51.93,51.93
2016-05-27,52.1,52.1,52.1,52.1,52.1,52.1
2016-05-31,52.32,52.32,52.32,52.32,52.32,52.32
2016-06-01,52.91,52.91,52.91,52.91,52.91,52.91
2016-06-02,52.42,52.42,52.42,52.42,52.42,52.42
2016-06-03,51.9,51.9,51.9,51.9,51.9,51.9
2016-06-06,52.22,52.22,52.22,52.22,52.22,52.22
2016-06-07,52.29,52.29,52.29,52.29,52.29,52.29
2016-06-08,52.05,52.05,52.05,52.05,52.05,52.05
2016-06-09,51.71,51.71,51.71,51.71,51.71,51.71
2016-06-10,51.38,51.38,51.38,51.38,51.38,51.38
2016-06-13,50.19,50.19,50.19,50.19,50.19,50.19
2016-06-14,49.81,49.81,49.81,49.81,49.81,49.81
2016-06-15,49.99,49.99,49.99,49.99,49.99,49.99
2016-06-16,50.35,50.35,50.35,50.35,50.35,50.35
2016-06-17,50.16,50.16,50.16,50.16,50.16,50.16
2016-06-20,50.55,50.55,50.55,50.55,50.55,50.55
2016-06-21,51.05,51.05,51.05,51.05,51.05,51.05
2016-06-22,51.05,51.05,51.05,51.05,51.05,51.05
2016-06-23,51.74,51.74,51.74,51.74,51.74,51.74
2016-06-24,49.54,49.54,49.54,49.54,49.54,49.54
2016-06-27,48.18,48.18,48.18,48.18,48.18,48.18
2016-06-28,49.29,49.29,49.29,49.29,49.29,49.29
2016-06-29,50.62,50.62,50.62,50.62,50.62,50.62
2016-06-30,51.18,51.18,51.18,51.18,51.18,51.18
2016-07-01,51.27,51.27,51.27,51.27,51.27,51.27
2016-07-05,50.99,50.99,50.99,50.99,50.99,50.99
2016-07-06,51.29,51.29,51.29,51.29,51.29,51.29
2016-07-07,51.34,51.34,51.34,51.34,51.34,51.34
2016-07-08,51.34,51.34,51.34,51.34,51.34,51.34
2016-07-11,52.76,52.76,52.76,52.76,52.76,52.76
2016-07-12,53.22,53.22,53.22,53.22,53.22,53.22
2016-07-13,53.65,53.65,53.65,53.65,53.65,53.65
2016-07-14,53.81,53.81,53.81,53.81,53.81,53.81
2016-07-15,53.63,53.63,53.63,53.63,53.63,53.63
2016-07-18,53.97,53.97,53.97,53.97,53.97,53.97
2016-07-19,53.01,53.01,53.01,53.01,53.01,53.01
2016-07-20,56.28,56.28,56.28,56.28,56.28,56.28
2016-07-21,55.92,55.92,55.92,55.92,55.92,55.92
2016-07-22,56.56,56.56,56.56,56.56,56.56,56.56
2016-07-25,56.51,56.51,56.51,56.51,56.51,56.51
2016-07-26,56.79,56.79,56.79,56.79,56.79,56.79
2016-07-27,56.42,56.42,56.42,56.42,56.42,56.42
2016-07-28,56.2,56.2,56.2,56.2,56.2,56.2
2016-07-29,56.51,56.51,56.51,56.51,56.51,56.51
2016-08-01,56.37,56.37,56.37,56.37,56.37,56.37
2016-08-02,56.65,56.65,56.65,56.65,56.65,56.65
2016-08-03,56.92,56.92,56.92,56.92,56.92,56.92
2016-08-04,57.45,57.45,57.45,57.45,57.45,57.45
2016-08-05,57.98,57.98,57.98,57.98,57.98,57.98
2016-08-08,57.99,57.99,57.99,57.99,57.99,57.99
2016-08-09,58.15,58.15,58.15,58.15,58.15,58.15
2016-08-10,57.92,57.92,57.92,57.92,57.92,57.92
2016-08-11,58.27,58.27,58.27,58.27,58.27,58.27
2016-08-12,57.79,57.79,57.79,57.79,57.79,57.79
2016-08-15,58.17,58.17,58.17,58.17,58.17,58.17
2016-08-16,57.51,57.51,57.51,57.51,57.51,57.51
2016-08-17,57.51,57.51,57.51,57.51,57.51,57.51
2016-08-18,57.66,57.66,57.66,57.66,57.66,57.66
2016-08-19,57.64,57.64,57.64,57.64,57.64,57.64
2016-08-22,57.64,57.64,57.64,57.64,57.64,57.64
2016-08-23,57.92,57.92,57.92,57.92,57.92,57.92
2016-08-24,57.88,57.88,57.88,57.88,57.88,57.88
2016-08-25,58.23,58.23,58.23,58.23,58.23,58.23
2016-08-26,58.03,58.03,58.03,58.03,58.03,58.03
2016-08-29,58.18,58.18,58.18,58.18,58.18,58.18
2016-08-30,57.76,57.76,57.76,57.76,57.76,57.76
2016-08-31,57.53,57.53,57.53,57.53,57.53,57.53
2016-09-01,57.47,57.47,57.47,57.47,57.47,57.47
2016-09-06,57.59,57.59,57.59,57.59,57.59,57.59
2016-09-07,57.55,57.55,57.55,57.55,57.55,57.55
2016-09-08,57.47,57.47,57.47,57.47,57.47,57.47
2016-09-09,56.68,56.68,56.68,56.68,56.68,56.68
2016-09-12,57.06,57.06,57.06,57.06,57.06,57.06
2016-09-13,56.32,56.32,56.32,56.32,56.32,56.32
2016-09-14,56.17,56.17,56.17,56.17,56.17,56.17
2016-09-15,57.3,57.3,57.3,57.3,57.3,57.3
2016-09-16,57.18,57.18,57.18,57.18,57.18,57.18
2016-09-19,57.02,57.02,57.02,57.02,57.02,57.02
2016-09-20,56.97,56.97,56.97,56.97,56.97,56.97
2016-09-21,57.64,57.64,57.64,57.64,57.64,57.64
2016-09-22,57.82,57.82,57.82,57.82,57.82,57.82
2016-09-23,57.58,57.58,57.58,57.58,57.58,57.58
2016-09-26,57.03,57.03,57.03,57.03,57.03,57.03
2016-09-27,57.87,57.87,57.87,57.87,57.87,57.87
2016-09-28,57.97,57.97,57.97,57.97,57.97,57.97
2016-09-29,57.57,57.57,57.57,57.57,57.57,57.57
2016-09-30,57.72,57.72,57.72,57.72,57.72,57.72
2016-10-03,57.37,57.37,57.37,57.37,57.37,57.37
2016-10-04,57.03,57.03,57.03,57.03,57.03,57.03
2016-10-05,57.65,57.65,57.65,57.65,57.65,57.65
2016-10-06,57.74,57.74,57.74,57.74,57.74,57.74
2016-10-07,57.82,57.82,57.82,57.82,57.82,57.82
2016-10-10,58.12,58.12,58.12,58.12,58.12,58.12
2016-10-11,57.13,57.13,57.13,57.13,57.13,57.13
2016-10-12,57.06,57.06,57.06,57.06,57.06,57.06
2016-10-13,57.11,57.11,57.11,57.11,57.11,57.11
2016-10-14,57.48,57.48,57.48,57.48,57.48,57.48
2016-10-17,57.31,57.31,57.31,57.31,57.31,57.31
2016-10-18,57.68,57.68,57.68,57.68,57.68,57.68
2016-10-19,57.64,57.64,57.64,57.64,57.64,57.64
2016-10-20,57.1,57.1,57.1,57.1,57.1,57.1
2016-10-21,59.78,59.78,59.78,59.78,59.78,59.78
2016-10-24,60.83,60.83,60.83,60.83,60.83,60.83
2016-10-25,60.98,60.98,60.98,60.98,60.98,60.98
2016-10-26,60.7,60.7,60.7,60.7,60.7,60.7
2016-10-27,60.22,60.22,60.22,60.22,60.22,60.22
2016-10-28,59.98,59.98,59.98,59.98,59.98,59.98
2016-10-31,60.19,60.19,60.19,60.19,60.19,60.19
2016-11-01,59.76,59.76,59.76,59.76,59.76,59.76
2016-11-02,59.61,59.61,59.61,59.61,59.61,59.61
2016-11-03,59.23,59.23,59.23,59.23,59.23,59.23
2016-11-04,59.0,59.0,59.0,59.0,59.0,59.0
2016-11-07,60.33,60.33,60.33,60.33,60.33,60.33
2016-11-08,60.49,60.49,60.49,60.49,60.49,60.49
2016-11-09,60.04,60.04,60.04,60.04,60.04,60.04
2016-11-10,58.84,58.84,58.84,58.84,58.84,58.84
2016-11-11,58.89,58.89,58.89,58.89,58.89,58.89
2016-11-14,58.3,58.3,58.3,58.3,58.3,58.3
2016-11-15,59.03,59.03,59.03,59.03,59.03,59.03
2016-11-16,59.54,59.54,59.54,59.54,59.54,59.54
2016-11-17,60.71,60.71,60.71,60.71,60.71,60.71
2016-11-18,60.51,60.51,60.51,60.51,60.51,60.51
2016-11-21,60.83,60.83,60.83,60.83,60.83,60.83
2016-11-22,61.08,61.08,61.08,61.08,61.08,61.08
2016-11-23,60.35,60.35,60.35,60.35,60.35,60.35
2016-11-25,60.53,60.53,60.53,60.53,60.53,60.53
2016-11-28,60.52,60.52,60.52,60.52,60.52,60.52
2016-11-29,61.17,61.17,61.17,61.17,61.17,61.17
2016-11-30,60.43,60.43,60.43,60.43,60.43,60.43
2016-12-01,59.18,59.18,59.18,59.18,59.18,59.18
2016-12-02,59.27,59.27,59.27,59.27,59.27,59.27
2016-12-05,60.11,60.11,60.11,60.11,60.11,60.11
2016-12-06,60.06,60.06,60.06,60.06,60.06,60.06
2016-12-07,61.28,61.28,61.28,61.28,61.28,61.28
2016-12-08,60.91,60.91,60.91,60.91,60.91,60.91
2016-12-09,61.96,61.96,61.96,61.96,61.96,61.96
2016-12-12,62.03,62.03,62.03,62.03,62.03,62.03
2016-12-13,63.19,63.19,63.19,63.19,63.19,63.19
2016-12-14,62.74,62.74,62.74,62.74,62.74,62.74
2016-12-15,62.63,62.63,62.63,62.63,62.63,62.63
2016-12-16,62.28,62.28,62.28,62.28,62.28,62.28
2016-12-19,63.59,63.59,63.59,63.59,63.59,63.59
2016-12-20,63.51,63.51,63.51,63.51,63.51,63.51
2016-12-21,63.56,63.56,63.56,63.56,63.56,63.56
2016-12-22,63.47,63.47,63.47,63.47,63.47,63.47
2016-12-23,63.19,63.19,63.19,63.19,63.19,63.19
2016-12-27,63.33,63.33,63.33,63.33,63.33,63.33
2016-12-28,62.97,62.97,62.97,62.97,62.97,62.97
2016-12-29,62.9,62.9,62.9,62.9,62.9,62.9
2016-12-30,62.15,62.15,62.15,62.15,62.15,62.15
2017-01-03,62.39,62.39,62.39,62.39,62.39,62.39
2017-01-04,62.33,62.33,62.33,62.33,62.33,62.33
2017-01-05,62.49,62.49,62.49,62.49,62.49,62.49
2017-01-06,62.51,62.51,62.51,62.51,62.51,62.51
2017-01-09,62.75,62.75,62.75,62.75,62.75,62.75
2017-01-10,62.67,62.67,62.67,62.67,62.67,62.67
2017-01-11,63.13,63.13,63.13,63.13,63.13,63.13
2017-01-12,62.49,62.49,62.49,62.49,62.49,62.49
2017-01-13,62.53,62.53,62.53,62.53,62.53,62.53
2017-01-17,62.38,62.38,62.38,62.38,62.38,62.38
2017-01-18,62.4,62.4,62.4,62.4,62.4,62.4
2017-01-19,62.35,62.35,62.35,62.35,62.35,62.35
2017-01-20,62.58,62.58,62.58,62.58,62.58,62.58
2017-01-23,62.97,62.97,62.97,62.97,62.97,62.97
2017-01-24,63.66,63.66,63.66,63.66,63.66,63.66
2017-01-25,63.76,63.76,63.76,63.76,63.76,63.76
2017-01-26,64.29,64.29,64.29,64.29,64.29,64.29
2017-01-27,65.69,65.69,65.69,65.69,65.69,65.69
2017-01-30,64.83,64.83,64.83,64.83,64.83,64.83
2017-01-31,64.51,64.51,64.51,64.51,64.51,64.51
2017-02-01,63.7,63.7,63.7,63.7,63.7,63.7
2017-02-02,63.21,63.21,63.21,63.21,63.21,63.21
2017-02-03,63.6,63.6,63.6,63.6,63.6,63.6
2017-02-06,63.54,63.54,63.54,63.54,63.54,63.54
2017-02-07,63.32,63.32,63.32,63.32,63.32,63.32
2017-02-08,63.43,63.43,63.43,63.43,63.43,63.43
2017-02-09,64.18,64.18,64.18,64.18,64.18,64.18
2017-02-10,64.1,64.1,64.1,64.1,64.1,64.1
2017-02-13,64.66,64.66,64.66,64.66,64.66,64.66
2017-02-14,64.42,64.42,64.42,64.42,64.42,64.42
2017-02-15,64.5,64.5,64.5,64.5,64.5,64.5
2017-02-16,64.6,64.6,64.6,64.6,64.6,64.6
2017-02-17,64.43,64.43,64.43,64.43,64.43,64.43
2017-02-21,64.53,64.53,64.53,64.53,64.53,64.53
2017-02-22,64.22,64.22,64.22,64.22,64.22,64.22
2017-02-23,64.62,64.62,64.62,64.62,64.62,64.62
2017-02-24,64.37,64.37,64.37,64.37,64.37,64.37
2017-02-27,64.26,64.26,64.26,64.26,64.26,64.26
2017-02-28,63.9,63.9,63.9,63.9,63.9,63.9
2017-03-01,64.97,64.97,64.97,64.97,64.97,64.97
2017-03-02,63.91,63.91,63.91,63.91,63.91,63.91
2017-03-03,64.25,64.25,64.25,64.25,64.25,64.25
2017-03-06,64.45,64.45,64.45,64.45,64.45,64.45
2017-03-07,64.45,64.45,64.45,64.45,64.45,64.45
2017-03-08,64.89,64.89,64.89,64.89,64.89,64.89
2017-03-09,64.77,64.77,64.77,64.77,64.77,64.77
2017-03-10,64.86,64.86,64.86,64.86,64.86,64.86
2017-03-13,64.76,64.76,64.76,64.76,64.76,64.76
2017-03-14,64.42,64.42,64.42,64.42,64.42,64.42
2017-03-15,64.8,64.8,64.8,64.8,64.8,64.8
2017-03-16,64.51,64.51,64.51,64.51,64.51,64.51
2017-03-17,65.04,65.04,65.04,65.04,65.04,65.04
2017-03-20,64.93,64.93,64.93,64.93,64.93,64.93
2017-03-21,64.43,64.43,64.43,64.43,64.43,64.43
2017-03-22,65.01,65.01,65.01,65.01,65.01,65.01
2017-03-23,64.83,64.83,64.83,64.83,64.83,64.83
2017-03-24,64.89,64.89,64.89,64.89,64.89,64.89
2017-03-27,65.11,65.11,65.11,65.11,65.11,65.11
2017-03-28,65.38,65.38,65.38,65.38,65.38,65.38
2017-03-29,65.42,65.42,65.42,65.42,65.42,65.42
2017-03-30,65.72,65.72,65.72,65.72,65.72,65.72
2017-03-31,66.05,66.05,66.05,66.05,66.05,66.05
2017-04-03,65.59,65.59,65.59,65.59,65.59,65.59
2017-04-04,65.69,65.69,65.69,65.69,65.69,65.69
2017-04-05,65.76,65.76,65.76,65.76,65.76,65.76
2017-04-06,65.68,65.68,65.68,65.68,65.68,65.68
2017-04-07,65.74,65.74,65.74,65.74,65.74,65.74
2017-04-10,65.59,65.59,65.59,65.59,65.59,65.59
2017-04-11,65.32,65.32,65.32,65.32,65.32,65.32
2017-04-12,65.26,65.26,65.26,65.26,65.26,65.26
2017-04-13,65.22,65.22,65.22,65.22,65.22,65.22
2017-04-17,65.29,65.29,65.29,65.29,65.29,65.29
2017-04-18,65.39,65.39,65.39,65.39,65.39,65.39
2017-04-19,64.96,64.96,64.96,64.96,64.96,64.96
2017-04-20,65.53,65.53,65.53,65.53,65.53,65.53
2017-04-21,66.47,66.47,66.47,66.47,66.47,66.47
2017-04-24,67.57,67.57,67.57,67.57,67.57,67.57
2017-04-25,67.89,67.89,67.89,67.89,67.89,67.89
2017-04-26,67.85,67.85,67.85,67.85,67.85,67.85
2017-04-27,67.99,67.99,67.99,67.99,67.99,67.99
2017-04-28,68.31,68.31,68.31,68.31,68.31,68.31
2017-05-01,69.35,69.35,69.35,69.35,69.35,69.35
2017-05-02,69.32,69.32,69.32,69.32,69.32,69.32
2017-05-03,68.83,68.83,68.83,68.83,68.83,68.83
2017-05-04,68.75,68.75,68.75,68.75,68.75,68.75
2017-05-05,68.77,68.77,68.77,68.77,68.77,68.77
2017-05-08,68.75,68.75,68.75,68.75,68.75,68.75
2017-05-09,69.06,69.06,69.06,69.06,69.06,69.06
2017-05-10,69.44,69.44,69.44,69.44,69.44,69.44
2017-05-11,68.36,68.36,68.36,68.36,68.36,68.36
2017-05-12,68.25,68.25,68.25,68.25,68.25,68.25
2017-05-15,68.36,68.36,68.36,68.36,68.36,68.36
2017-05-16,69.18,69.18,69.18,69.18,69.18,69.18
2017-05-17,67.73,67.73,67.73,67.73,67.73,67.73
2017-05-18,68.0,68.0,68.0,68.0,68.0,68.0
2017-05-19,67.79,67.79,67.79,67.79,67.79,67.79
2017-05-22,68.32,68.32,68.32,68.32,68.32,68.32
2017-05-23,68.68,68.68,68.68,68.68,68.68,68.68
2017-05-24,68.62,68.62,68.62,68.62,68.62,68.62
2017-05-25,69.66,69.66,69.66,69.66,69.66,69.66
2017-05-26,69.96,69.96,69.96,69.96,69.96,69.96
2017-05-30,70.25,70.25,70.25,70.25,70.25,70.25
2017-05-31,70.56,70.56,70.56,70.56,70.56,70.56
2017-06-01,69.86,69.86,69.86,69.86,69.86,69.86
2017-06-02,71.69,71.69,71.69,71.69,71.69,71.69
2017-06-05,72.37,72.37,72.37,72.37,72.37,72.37
2017-06-06,72.48,72.48,72.48,72.48,72.48,72.48
2017-06-07,72.32,72.32,72.32,72.32,72.32,72.32
2017-06-08,71.69,71.69,71.69,71.69,71.69,71.69
2017-06-09,69.67,69.67,69.67,69.67,69.67,69.67
2017-06-12,69.5,69.5,69.5,69.5,69.5,69.5
2017-06-13,70.65,70.65,70.65,70.65,70.65,70.65
2017-06-14,69.77,69.77,69.77,69.77,69.77,69.77
2017-06-15,70.07,70.07,70.07,70.07,70.07,70.07
2017-06-16,70.0,70.0,70.0,70.0,70.0,70.0
2017-06-19,70.61,70.61,70.61,70.61,70.61,70.61
2017-06-20,70.07,70.07,70.07,70.07,70.07,70.07
2017-06-21,70.35,70.35,70.35,70.35,70.35,70.35
2017-06-22,70.41,70.41,70.41,70.41,70.41,70.41
2017-06-23,70.98,70.98,70.98,70.98,70.98,70.98
2017-06-26,70.65,70.65,70.65,70.65,70.65,70.65
2017-06-27,69.39,69.39,69.39,69.39,69.39,69.39
2017-06-28,69.72,69.72,69.72,69.72,69.72,69.72
2017-06-29,68.7,68.7,68.7,68.7,68.7,68.7
2017-06-30,69.2,69.2,69.2,69.2,69.2,69.2
2017-07-03,68.17,68.17,68.17,68.17,68.17,68.17
2017-07-05,69.07,69.07,69.07,69.07,69.07,69.07
2017-07-06,68.59,68.59,68.59,68.59,68.59,68.59
2017-07-07,69.49,69.49,69.49,69.49,69.49,69.49
2017-07-10,70.06,70.06,70.06,70.06,70.06,70.06
2017-07-11,70.2,70.2,70.2,70.2,70.2,70.2
2017-07-12,71.11,71.11,71.11,71.11,71.11,71.11
2017-07-13,71.69,71.69,71.69,71.69,71.69,71.69
2017-07-14,73.19,73.19,73.19,73.19,73.19,73.19
2017-07-17,73.19,73.19,73.19,73.19,73.19,73.19
2017-07-18,73.35,73.35,73.35,73.35,73.35,73.35
2017-07-19,73.3,73.3,73.3,73.3,73.3,73.3
2017-07-20,73.86,73.86,73.86,73.86,73.86,73.86
2017-07-21,74.22,74.22,74.22,74.22,74.22,74.22
2017-07-24,73.79,73.79,73.79,73.79,73.79,73.79
2017-07-25,74.19,74.19,74.19,74.19,74.19,74.19
2017-07-26,74.05,74.05,74.05,74.05,74.05,74.05
2017-07-27,73.16,73.16,73.16,73.16,73.16,73.16
2017-07-28,73.04,73.04,73.04,73.04,73.04,73.04
2017-07-31,72.7,72.7,72.7,72.7,72.7,72.7
2017-08-01,72.58,72.58,72.58,72.58,72.58,72.58
2017-08-02,72.26,72.26,72.26,72.26,72.26,72.26
2017-08-03,72.15,72.15,72.15,72.15,72.15,72.15
2017-08-04,72.68,72.68,72.68,72.68,72.68,72.68
2017-08-07,72.4,72.4,72.4,72.4,72.4,72.4
2017-08-08,72.79,72.79,72.79,72.79,72.79,72.79
2017-08-09,72.47,72.47,72.47,72.47,72.47,72.47
2017-08-10,71.41,71.41,71.41,71.41,71.41,71.41
2017-08-11,72.5,72.5,72.5,72.5,72.5,72.5
2017-08-14,73.59,73.59,73.59,73.59,73.59,73.59
2017-08-15,73.22,73.22,73.22,73.22,73.22,73.22
2017-08-16,73.65,73.65,73.65,73.65,73.65,73.65
2017-08-17,72.4,72.4,72.4,72.4,72.4,72.4
2017-08-18,72.49,72.49,72.49,72.49,72.49,72.49
2017-08-21,72.15,72.15,72.15,72.15,72.15,72.15
2017-08-22,73.16,73.16,73.16,73.16,73.16,73.16
2017-08-23,72.72,72.72,72.72,72.72,72.72,72.72
2017-08-24,72.69,72.69,72.69,72.69,72.69,72.69
2017-08-25,72.82,72.82,72.82,72.82,72.82,72.82
2017-08-28,72.83,72.83,72.83,72.83,72.83,72.83
2017-08-29,73.05,73.05,73.05,73.05,73.05,73.05
2017-08-30,74.01,74.01,74.01,74.01,74.01,74.01
2017-08-31,74.77,74.77,74.77,74.77,74.77,74.77
2017-09-01,73.94,73.94,73.94,73.94,73.94,73.94
2017-09-05,73.61,73.61,73.61,73.61,73.61,73.61
2017-09-06,73.4,73.4,73.4,73.4,73.4,73.4
2017-09-07,74.34,74.34,74.34,74.34,74.34,74.34
2017-09-08,73.98,73.98,73.98,73.98,73.98,73.98
2017-09-11,74.76,74.76,74.76,74.76,74.76,74.76
2017-09-12,74.68,74.68,74.68,74.68,74.68,74.68
2017-09-13,75.21,75.21,75.21,75.21,75.21,75.21
2017-09-14,74.77,74.77,74.77,74.77,74.77,74.77
2017-09-15,75.31,75.31,75.31,75.31,75.31,75.31
2017-09-18,75.16,75.16,75.16,75.16,75.16,75.16
2017-09-19,75.44,75.44,75.44,75.44,75.44,75.44
2017-09-20,74.94,74.94,74.94,74.94,74.94,74.94
2017-09-21,74.21,74.21,74.21,74.21,74.21,74.21
2017-09-22,74.41,74.41,74.41,74.41,74.41,74.41
2017-09-25,73.26,73.26,73.26,73.26,73.26,73.26
2017-09-26,73.26,73.26,73.26,73.26,73.26,73.26
2017-09-27,73.85,73.85,73.85,73.85,73.85,73.85
2017-09-28,73.87,73.87,73.87,73.87,73.87,73.87
2017-09-29,74.49,74.49,74.49,74.49,74.49,74.49
2017-10-02,74.61,74.61,74.61,74.61,74.61,74.61
2017-10-03,74.26,74.26,74.26,74.26,74.26,74.26
2017-10-04,74.69,74.69,74.69,74.69,74.69,74.69
2017-10-05,75.97,75.97,75.97,75.97,75.97,75.97
2017-10-06,76.0,76.0,76.0,76.0,76.0,76.0
2017-10-09,76.29,76.29,76.29,76.29,76.29,76.29
2017-10-10,76.29,76.29,76.29,76.29,76.29,76.29
2017-10-11,76.42,76.42,76.42,76.42,76.42,76.42
2017-10-12,77.12,77.12,77.12,77.12,77.12,77.12
2017-10-13,77.49,77.49,77.49,77.49,77.49,77.49
2017-10-16,77.65,77.65,77.65,77.65,77.65,77.65
2017-10-17,77.59,77.59,77.59,77.59,77.59,77.59
2017-10-18,77.61,77.61,77.61,77.61,77.61,77.61
2017-10-19,77.91,77.91,77.91,77.91,77.91,77.91
2017-10-20,78.81,78.81,78.81,78.81,78.81,78.81
2017-10-23,78.83,78.83,78.83,78.83,78.83,78.83
2017-10-24,78.86,78.86,78.86,78.86,78.86,78.86
2017-10-25,78.63,78.63,78.63,78.63,78.63,78.63
2017-10-26,78.76,78.76,78.76,78.76,78.76,78.76
2017-10-27,83.81,83.81,83.81,83.81,83.81,83.81
2017-10-30,83.89,83.89,83.89,83.89,83.89,83.89
2017-10-31,83.18,83.18,83.18,83.18,83.18,83.18
2017-11-01,83.18,83.18,83.18,83.18,83.18,83.18
2017-11-02,84.05,84.05,84.05,84.05,84.05,84.05
2017-11-03,84.14,84.14,84.14,84.14,84.14,84.14
2017-11-06,84.47,84.47,84.47,84.47,84.47,84.47
2017-11-07,84.27,84.27,84.27,84.27,84.27,84.27
2017-11-08,84.56,84.56,84.56,84.56,84.56,84.56
2017-11-09,84.09,84.09,84.09,84.09,84.09,84.09
2017-11-10,83.87,83.87,83.87,83.87,83.87,83.87
2017-11-13,83.93,83.93,83.93,83.93,83.93,83.93
2017-11-14,84.05,84.05,84.05,84.05,84.05,84.05
2017-11-15,82.98,82.98,82.98,82.98,82.98,82.98
2017-11-16,83.2,83.2,83.2,83.2,83.2,83.2
2017-11-17,82.4,82.4,82.4,82.4,82.4,82.4
2017-11-20,82.53,82.53,82.53,82.53,82.53,82.53
2017-11-21,83.72,83.72,83.72,83.72,83.72,83.72
2017-11-22,83.11,83.11,83.11,83.11,83.11,83.11
2017-11-24,83.26,83.26,83.26,83.26,83.26,83.26
2017-11-27,83.87,83.87,83.87,83.87,83.87,83.87
2017-11-28,84.88,84.88,84.88,84.88,84.88,84.88
2017-11-29,83.34,83.34,83.34,83.34,83.34,83.34
2017-11-30,84.17,84.17,84.17,84.17,84.17,84.17
2017-12-01,84.26,84.26,84.26,84.26,84.26,84.26
2017-12-04,81.08,81.08,81.08,81.08,81.08,81.08
2017-12-05,81.59,81.59,81.59,81.59,81.59,81.59
2017-12-06,82.78,82.78,82.78,82.78,82.78,82.78
2017-12-07,82.49,82.49,82.49,82.49,82.49,82.49
2017-12-08,84.16,84.16,84.16,84.16,84.16,84.16
2017-12-11,85.23,85.23,85.23,85.23,85.23,85.23
2017-12-12,85.58,85.58,85.58,85.58,85.58,85.58
2017-12-13,85.35,85.35,85.35,85.35,85.35,85.35
2017-12-14,84.69,84.69,84.69,84.69,84.69,84.69
2017-12-15,86.85,86.85,86.85,86.85,86.85,86.85
2017-12-18,86.38,86.38,86.38,86.38,86.38,86.38
2017-12-19,85.83,85.83,85.83,85.83,85.83,85.83
2017-12-20,85.52,85.52,85.52,85.52,85.52,85.52
2017-12-21,85.5,85.5,85.5,85.5,85.5,85.5
2017-12-22,85.51,85.51,85.51,85.51,85.51,85.51
2017-12-26,85.4,85.4,85.4,85.4,85.4,85.4
2017-12-27,85.71,85.71,85.71,85.71,85.71,85.71
2017-12-28,85.72,85.72,85.72,85.72,85.72,85.72
2017-12-29,85.54,85.54,85.54,85.54,85.54,85.54
2018-01-02,85.95,85.95,85.95,85.95,85.95,85.95
2018-01-03,86.35,86.35,86.35,86.35,86.35,86.35
2018-01-04,87.11,87.11,87.11,87.11,87.11,87.11
2018-01-05,88.19,88.19,88.19,88.19,88.19,88.19
2018-01-08,88.28,88.28,88.28,88.28,88.28,88.28
2018-01-09,88.22,88.22,88.22,88.22,88.22,88.22
2018-01-10,87.82,87.82,87.82,87.82,87.82,87.82
2018-01-11,88.08,88.08,88.08,88.08,88.08,88.08
2018-01-12,89.6,89.6,89.6,89.6,89.6,89.6
2018-01-16,88.35,88.35,88.35,88.35,88.35,88.35
2018-01-17,90.14,90.14,90.14,90.14,90.14,90.14
2018-01-18,90.1,90.1,90.1,90.1,90.1,90.1
2018-01-19,90.0,90.0,90.0,90.0,90.0,90.0
2018-01-22,91.61,91.61,91.61,91.61,91.61,91.61
2018-01-23,91.9,91.9,91.9,91.9,91.9,91.9
2018-01-24,91.82,91.82,91.82,91.82,91.82,91.82
2018-01-25,92.33,92.33,92.33,92.33,92.33,92.33
2018-01-26,94.06,94.06,94.06,94.06,94.06,94.06
2018-01-29,93.92,93.92,93.92,93.92,93.92,93.92
2018-01-30,92.74,92.74,92.74,92.74,92.74,92.74
2018-01-31,95.01,95.01,95.01,95.01,95.01,95.01
2018-02-01,94.26,94.26,94.26,94.26,94.26,94.26
2018-02-02,91.78,91.78,91.78,91.78,91.78,91.78
2018-02-05,88.0,88.0,88.0,88.0,88.0,88.0
2018-02-06,91.33,91.33,91.33,91.33,91.33,91.33
2018-02-07,89.61,89.61,89.61,89.61,89.61,89.61
2018-02-08,85.01,85.01,85.01,85.01,85.01,85.01
2018-02-09,88.18,88.18,88.18,88.18,88.18,88.18
2018-02-12,89.13,89.13,89.13,89.13,89.13,89.13
2018-02-13,89.83,89.83,89.83,89.83,89.83,89.83
2018-02-14,90.81,90.81,90.81,90.81,90.81,90.81
2018-02-15,92.66,92.66,92.66,92.66,92.66,92.66
2018-02-16,92.0,92.0,92.0,92.0,92.0,92.0
2018-02-20,92.72,92.72,92.72,92.72,92.72,92.72
2018-02-21,91.49,91.49,91.49,91.49,91.49,91.49
2018-02-22,91.73,91.73,91.73,91.73,91.73,91.73
2018-02-23,94.06,94.06,94.06,94.06,94.06,94.06
2018-02-26,95.42,95.42,95.42,95.42,95.42,95.42
2018-02-27,94.2,94.2,94.2,94.2,94.2,94.2
2018-02-28,93.77,93.77,93.77,93.77,93.77,93.77
2018-03-01,92.85,92.85,92.85,92.85,92.85,92.85
2018-03-02,93.05,93.05,93.05,93.05,93.05,93.05
2018-03-05,93.64,93.64,93.64,93.64,93.64,93.64
2018-03-06,93.32,93.32,93.32,93.32,93.32,93.32
2018-03-07,93.86,93.86,93.86,93.86,93.86,93.86
2018-03-08,94.43,94.43,94.43,94.43,94.43,94.43
2018-03-09,96.54,96.54,96.54,96.54,96.54,96.54
